,,,,,Grade 3,,,,,Grade 4,,,,,Grade 5,,,,,Grade 6,,,,,Grade 7,,,,,Grade 8,,,,,Grade 11,,,,,,
County,County Name,AEA,District #,District Name,Not Proficient,Proficient,Total Tested,% Proficient,,Not Proficient,Proficient,Total Tested,% Proficient,,Not Proficient,Proficient,Total Tested,% Proficient,,Not Proficient,Proficient,Total Tested,% Proficient,,Not Proficient,Proficient,Total Tested,% Proficient,,Not Proficient,Proficient,Total Tested,% Proficient,,Not Proficient,Proficient,Total Tested,% Proficient,,,
42,Hardin,07,0009,AGWSR,7,31,38,81.6,,10,31,41,75.6,,9,29,38,76.3,,5,24,29,82.8,,4,21,25,84,,8,31,39,79.5,,6,27,33,81.8,,,
39,Guthrie,11,0018,Adair-Casey,5,13,18,72.2,,7,19,26,73.1,,3,21,24,87.5,,3,14,17,82.4,,7,16,23,69.6,,9,13,22,59.1,,7,18,25,72,,,
25,Dallas,11,0027,Adel DeSoto Minburn,18,107,125,85.6,,10,106,116,91.4,,6,88,94,93.6,,14,99,113,87.6,,16,96,112,85.7,,8,98,106,92.5,,10,95,105,90.5,,,
75,Plymouth,12,0063,Akron Westfield,3,35,38,92.1,,8,27,35,77.1,,3,28,31,90.3,,8,21,29,72.4,,10,28,38,73.7,,6,21,27,77.8,,2,28,30,93.3,,,
11,Buena Vista,05,0072,Albert City-Truesdale,small N,small N,small N,small N,,2,13,15,86.7,,small N,small N,small N,small N,,5,12,17,70.6,,0,0,0,,,0,0,0,,,0,0,0,,,,
68,Monroe,15,0081,Albia,19,62,81,76.5,,23,57,80,71.3,,15,65,80,81.3,,16,63,79,79.7,,20,57,77,74,,17,55,72,76.4,,14,71,85,83.5,,,
57,Linn,10,0099,Alburnett,11,41,52,78.8,,7,33,40,82.5,,4,39,43,90.7,,17,28,45,62.2,,8,36,44,81.8,,10,37,47,78.7,,9,39,48,81.3,,,
42,Hardin,07,0108,Alden,12,17,29,58.6,,5,13,18,72.2,,5,16,21,76.2,,15,74,89,83.1,,0,0,0,,,0,0,0,,,0,0,0,,,,
55,Kossuth,05,0126,Algona,12,89,101,88.1,,16,70,86,81.4,,26,60,86,69.8,,10,79,89,88.8,,8,89,97,91.8,,25,69,94,73.4,,17,83,100,83,,,
03,Allamakee,01,0135,Allamakee,10,66,76,86.8,,6,61,67,91,,9,59,68,86.8,,18,78,96,81.3,,11,50,61,82,,16,64,80,80,,14,76,90,84.4,,,
12,Butler,07,0153,North Butler,10,39,49,79.6,,15,41,56,73.2,,8,36,44,81.8,,5,30,35,85.7,,9,26,35,74.3,,9,36,45,80,,7,39,46,84.8,,,
11,Buena Vista,05,0171,Alta,7,30,37,81.1,,13,25,38,65.8,,9,24,33,72.7,,0,0,0,,,0,0,0,,,0,0,0,,,6,46,52,88.5,,,
85,Story,11,0225,Ames,27,228,255,89.4,,27,220,247,89.1,,39,265,304,87.2,,32,214,246,87,,29,250,279,89.6,,42,243,285,85.3,,27,237,264,89.8,,,
53,Jones,10,0234,Anamosa,19,60,79,75.9,,17,58,75,77.3,,18,57,75,76,,27,51,78,65.4,,22,75,97,77.3,,17,74,91,81.3,,19,73,92,79.3,,,
49,Jackson,09,0243,Andrew,5,12,17,70.6,,1,9,10,90,,2,17,19,89.5,,6,8,14,57.1,,2,17,19,89.5,,5,10,15,66.7,,0,0,0,,,,
77,Polk,11,0261,Ankeny,72,712,784,90.8,,81,690,771,89.5,,81,682,763,89.4,,95,627,722,86.8,,81,661,742,89.1,,77,608,685,88.8,,35,579,614,94.3,,,
12,Butler,07,0279,Aplington-Parkersburg,6,46,52,88.5,,6,54,60,90,,12,42,54,77.8,,14,37,51,72.5,,19,46,65,70.8,,15,38,53,71.7,,9,63,72,87.5,,,
32,Emmet,05,0333,North Union,7,26,33,78.8,,4,15,19,78.9,,10,17,27,63,,0,0,0,,,0,0,0,,,0,0,0,,,6,33,39,84.6,,,
24,Crawford,12,0355,Ar-We-Va,0,13,13,100,,1,13,14,92.9,,2,11,13,84.6,,2,14,16,87.5,,2,11,13,84.6,,1,11,12,91.7,,0,13,13,100,,,
15,Cass,13,0387,Atlantic,18,89,107,83.2,,28,78,106,73.6,,20,71,91,78,,26,78,104,75,,10,86,96,89.6,,22,76,98,77.6,,15,60,75,80,,,
05,Audubon,11,0414,Audubon,5,31,36,86.1,,8,20,28,71.4,,4,33,37,89.2,,6,32,38,84.2,,8,28,36,77.8,,6,21,27,77.8,,6,47,53,88.7,,,
18,Cherokee,12,0423,Aurelia,1,9,10,90,,3,8,11,72.7,,3,11,14,78.6,,19,33,52,63.5,,14,40,54,74.1,,12,41,53,77.4,,0,0,0,,,,
78,Pottawattamie,13,0441,A-H-S-T,7,26,33,78.8,,7,25,32,78.1,,8,25,33,75.8,,8,29,37,78.4,,11,31,42,73.8,,12,25,37,67.6,,9,41,50,82,,,
85,Story,11,0472,Ballard,20,78,98,79.6,,26,83,109,76.1,,25,79,104,76,,28,106,134,79.1,,21,103,124,83.1,,19,94,113,83.2,,21,90,111,81.1,,,
47,Ida,12,0504,Battle Creek-Ida Grove,6,48,54,88.9,,5,34,39,87.2,,11,38,49,77.6,,0,0,0,,,0,0,0,,,small N,small N,small N,small N,,8,43,51,84.3,,,
50,Jasper,11,0513,Baxter,8,27,35,77.1,,10,24,34,70.6,,3,19,22,86.4,,4,23,27,85.2,,8,19,27,70.4,,4,26,30,86.7,,3,27,30,90,,,
38,Grundy,07,0540,BCLUW,11,29,40,72.5,,7,31,38,81.6,,14,31,45,68.9,,6,31,37,83.8,,7,31,38,81.6,,10,42,52,80.8,,10,38,48,79.2,,,
87,Taylor,13,0549,Bedford,7,34,41,82.9,,5,18,23,78.3,,9,21,30,70,,3,23,26,88.5,,4,25,29,86.2,,3,23,26,88.5,,0,35,35,100,,,
06,Benton,10,0576,Belle Plaine,0,24,24,100,,10,32,42,76.2,,5,42,47,89.4,,9,27,36,75,,13,29,42,69,,11,35,46,76.1,,9,25,34,73.5,,,
49,Jackson,09,0585,Bellevue,9,36,45,80,,6,30,36,83.3,,7,33,40,82.5,,16,24,40,60,,17,36,53,67.9,,11,44,55,80,,9,42,51,82.4,,,
99,Wright,07,0594,Belmond-Klemme,11,23,34,67.6,,10,44,54,81.5,,5,59,64,92.2,,7,43,50,86,,8,33,41,80.5,,7,31,38,81.6,,7,32,39,82.1,,,
16,Cedar,09,0603,Bennett,small N,small N,small N,small N,,small N,small N,small N,small N,,5,7,12,58.3,,2,10,12,83.3,,0,0,0,,,0,0,0,,,0,0,0,,,,
06,Benton,10,0609,Benton,20,70,90,77.8,,18,74,92,80.4,,22,89,111,80.2,,11,101,112,90.2,,16,73,89,82,,11,89,100,89,,17,81,98,82.7,,,
82,Scott,09,0621,Bettendorf,37,237,274,86.5,,42,234,276,84.8,,31,265,296,89.5,,47,247,294,84,,52,270,322,83.9,,76,260,336,77.4,,46,294,340,86.5,,,
90,Wapello,15,0657,Eddyville-Blakesburg-,23,48,71,67.6,,10,43,53,81.1,,19,49,68,72.1,,24,45,69,65.2,,16,52,68,76.5,,15,63,78,80.8,,10,37,47,78.7,,,
77,Polk,11,0720,Bondurant-Farrar,23,126,149,84.6,,28,112,140,80,,17,98,115,85.2,,25,103,128,80.5,,15,105,120,87.5,,16,101,117,86.3,,16,89,105,84.8,,,
08,Boone,11,0729,Boone,32,98,130,75.4,,9,99,108,91.7,,20,92,112,82.1,,21,104,125,83.2,,38,102,140,72.9,,30,106,136,77.9,,24,132,156,84.6,,,
84,Sioux,12,0747,Boyden-Hull,2,45,47,95.7,,2,43,45,95.6,,12,37,49,75.5,,6,43,49,87.8,,6,42,48,87.5,,7,37,44,84.1,,10,35,45,77.8,,,
41,Hancock,07,0819,West Hancock,4,42,46,91.3,,8,37,45,82.2,,17,28,45,62.2,,9,33,42,78.6,,7,32,39,82.1,,6,30,36,83.3,,13,31,44,70.5,,,
79,Poweshiek,07,0846,Brooklyn-Guernsey-Malcom,4,30,34,88.2,,5,34,39,87.2,,8,26,34,76.5,,4,24,28,85.7,,10,29,39,74.4,,12,32,44,72.7,,12,41,53,77.4,,,
95,Winnebago,07,0873,North Iowa,6,21,27,77.8,,7,16,23,69.6,,7,24,31,77.4,,4,16,20,80,,11,26,37,70.3,,10,22,32,68.8,,7,23,30,76.7,,,
29,Des Moines,15,0882,Burlington,72,214,286,74.8,,59,191,250,76.4,,67,211,278,75.9,,92,183,275,66.5,,99,181,280,64.6,,94,139,233,59.7,,69,162,231,70.1,,,
15,Cass,13,0914,CAM,6,27,33,81.8,,7,32,39,82.1,,6,34,40,85,,10,32,42,76.2,,13,33,46,71.7,,15,31,46,67.4,,5,51,56,91.1,,,
35,Franklin,07,0916,CAL,8,9,17,52.9,,8,11,19,57.9,,3,13,16,81.3,,9,8,17,47.1,,6,10,16,62.5,,4,9,13,69.2,,2,10,12,83.3,,,
23,Clinton,09,0918,Calamus-Wheatland,3,27,30,90,,8,22,30,73.3,,9,17,26,65.4,,9,26,35,74.3,,8,26,34,76.5,,11,35,46,76.1,,6,31,37,83.8,,,
23,Clinton,09,0936,Camanche,16,50,66,75.8,,14,65,79,82.3,,11,59,70,84.3,,9,67,76,88.2,,23,51,74,68.9,,8,55,63,87.3,,13,67,80,83.8,,,
90,Wapello,15,0977,Cardinal,20,24,44,54.5,,16,21,37,56.8,,15,25,40,62.5,,7,26,33,78.8,,19,20,39,51.3,,9,35,44,79.5,,7,33,40,82.5,,,
91,Warren,11,0981,Carlisle,28,97,125,77.6,,27,110,137,80.3,,15,110,125,88,,26,109,135,80.7,,24,111,135,82.2,,23,142,165,86.1,,22,129,151,85.4,,,
14,Carroll,11,0999,Carroll,25,107,132,81.1,,9,105,114,92.1,,21,93,114,81.6,,12,93,105,88.6,,14,86,100,86,,9,81,90,90,,2,106,108,98.1,,,
07,Black Hawk,07,1044,Cedar Falls,49,325,374,86.9,,43,303,346,87.6,,66,336,402,83.6,,52,284,336,84.5,,51,292,343,85.1,,68,292,360,81.1,,25,348,373,93.3,,,
57,Linn,10,1053,Cedar Rapids,296,719,1015,70.8,,281,747,1028,72.7,,280,776,1056,73.5,,318,751,1069,70.3,,334,745,1079,69,,308,778,1086,71.6,,203,801,1004,79.8,,,
57,Linn,10,1062,Center Point-Urbana,13,90,103,87.4,,27,77,104,74,,20,90,110,81.8,,26,85,111,76.6,,23,100,123,81.3,,15,82,97,84.5,,15,88,103,85.4,,,
04,Appanoose,15,1071,Centerville,20,65,85,76.5,,18,66,84,78.6,,17,69,86,80.2,,13,86,99,86.9,,20,89,109,81.7,,22,60,82,73.2,,14,74,88,84.1,,,
56,Lee,15,1079,Central Lee,14,48,62,77.4,,12,60,72,83.3,,21,54,75,72,,7,59,66,89.4,,16,49,65,75.4,,14,66,80,82.5,,9,69,78,88.5,,,
22,Clayton,01,1080,Central,10,27,37,73,,5,27,32,84.4,,3,26,29,89.7,,6,24,30,80,,4,27,31,87.1,,7,23,30,76.7,,8,28,36,77.8,,,
23,Clinton,09,1082,Central DeWitt,26,63,89,70.8,,15,80,95,84.2,,15,83,98,84.7,,13,66,79,83.5,,20,85,105,81,,20,81,101,80.2,,18,105,123,85.4,,,
57,Linn,10,1089,Central City,4,22,26,84.6,,6,24,30,80,,7,26,33,78.8,,9,20,29,69,,9,20,29,69,,8,28,36,77.8,,4,32,36,88.9,,,
27,Decatur,13,1093,Central Decatur,20,25,45,55.6,,18,39,57,68.4,,15,42,57,73.7,,18,23,41,56.1,,8,25,33,75.8,,14,32,46,69.6,,9,34,43,79.1,,,
60,Lyon,12,1095,Central Lyon,4,50,54,92.6,,9,47,56,83.9,,8,36,44,81.8,,11,40,51,78.4,,6,43,49,87.8,,7,34,41,82.9,,2,36,38,94.7,,,
59,Lucas,15,1107,Chariton,25,60,85,70.6,,18,57,75,76,,22,61,83,73.5,,27,56,83,67.5,,33,67,100,67,,22,73,95,76.8,,23,77,100,77,,,
34,Floyd,07,1116,Charles City,29,66,95,69.5,,31,73,104,70.2,,19,71,90,78.9,,23,75,98,76.5,,16,82,98,83.7,,23,92,115,80,,12,94,106,88.7,,,
24,Crawford,12,1134,Charter Oak-Ute,3,17,20,85,,2,11,13,84.6,,5,14,19,73.7,,9,10,19,52.6,,7,14,21,66.7,,6,8,14,57.1,,4,16,20,80,,,
18,Cherokee,12,1152,Cherokee,14,60,74,81.1,,18,60,78,76.9,,10,54,64,84.4,,13,57,70,81.4,,14,47,61,77,,8,60,68,88.2,,12,57,69,82.6,,,
73,Page,13,1197,Clarinda,26,42,68,61.8,,26,44,70,62.9,,13,49,62,79,,12,46,58,79.3,,9,45,54,83.3,,19,48,67,71.6,,23,51,74,68.9,,,
99,Wright,05,1206,Clarion-Goldfield-Dows,11,47,58,81,,18,36,54,66.7,,10,47,57,82.5,,14,51,65,78.5,,9,43,52,82.7,,9,60,69,87,,12,41,53,77.4,,,
20,Clarke,13,1211,Clarke,33,70,103,68,,30,65,95,68.4,,22,61,83,73.5,,23,63,86,73.3,,25,56,81,69.1,,21,64,85,75.3,,33,53,86,61.6,,,
12,Butler,07,1215,Clarksville,3,23,26,88.5,,2,14,16,87.5,,2,19,21,90.5,,7,13,20,65,,6,17,23,73.9,,6,14,20,70,,0,26,26,100,,,
21,Clay,05,1218,Clay Central-Everly,3,14,17,82.4,,5,14,19,73.7,,6,18,24,75,,1,21,22,95.5,,5,12,17,70.6,,5,21,26,80.8,,2,18,20,90,,,
52,Johnson,10,1221,Clear Creek Amana,27,122,149,81.9,,18,122,140,87.1,,32,108,140,77.1,,46,99,145,68.3,,24,94,118,79.7,,26,98,124,79,,26,98,124,79,,,
17,Cerro Gordo,07,1233,Clear Lake,9,72,81,88.9,,12,74,86,86,,15,72,87,82.8,,11,79,90,87.8,,5,80,85,94.1,,15,69,84,82.1,,26,66,92,71.7,,,
23,Clinton,09,1278,Clinton,42,205,247,83,,20,206,226,91.2,,23,182,205,88.8,,49,189,238,79.4,,66,163,229,71.2,,70,159,229,69.4,,48,201,249,80.7,,,
50,Jasper,11,1332,Colfax-Mingo,8,39,47,83,,11,27,38,71.1,,7,41,48,85.4,,4,39,43,90.7,,20,41,61,67.2,,12,37,49,75.5,,9,30,39,76.9,,,
57,Linn,10,1337,College,92,281,373,75.3,,88,286,374,76.5,,83,284,367,77.4,,85,288,373,77.2,,67,303,370,81.9,,85,268,353,75.9,,55,250,305,82,,,
85,Story,11,1350,Collins-Maxwell,6,33,39,84.6,,4,20,24,83.3,,6,26,32,81.3,,6,18,24,75,,13,24,37,64.9,,7,26,33,78.8,,8,15,23,65.2,,,
85,Story,11,1359,Colo-NESCO School,4,24,28,85.7,,5,23,28,82.1,,13,27,40,67.5,,1,32,33,97,,7,26,33,78.8,,11,21,32,65.6,,2,25,27,92.6,,,
58,Louisa,09,1368,Columbus,21,22,43,51.2,,18,24,42,57.1,,21,26,47,55.3,,17,35,52,67.3,,27,23,50,46,,17,32,49,65.3,,21,32,53,60.4,,,
14,Carroll,11,1413,Coon Rapids-Bayard,3,15,18,83.3,,4,15,19,78.9,,8,19,27,70.4,,11,13,24,54.2,,5,19,24,79.2,,7,17,24,70.8,,7,22,29,75.9,,,
02,Adams,13,1431,Corning,4,21,25,84,,5,13,18,72.2,,10,19,29,65.5,,0,0,0,,,0,0,0,,,0,0,0,,,13,38,51,74.5,,,
41,Hancock,07,1449,Corwith-Wesley,0,0,0,,,0,0,0,,,0,0,0,,,0,0,0,,,small N,small N,small N,small N,,2,8,10,80,,small N,small N,small N,small N,,,
78,Pottawattamie,13,1476,Council Bluffs,236,390,626,62.3,,200,402,602,66.8,,171,370,541,68.4,,187,397,584,68,,161,410,571,71.8,,164,356,520,68.5,,151,348,499,69.7,,,
88,Union,13,1503,Creston,28,68,96,70.8,,22,80,102,78.4,,25,59,84,70.2,,25,72,97,74.2,,28,54,82,65.9,,17,65,82,79.3,,16,104,120,86.7,,,
25,Dallas,11,1576,Dallas Center-Grimes,15,173,188,92,,17,165,182,90.7,,19,153,172,89,,28,158,186,84.9,,24,139,163,85.3,,28,131,159,82.4,,28,132,160,82.5,,,
29,Des Moines,15,1602,Danville,10,47,57,82.5,,16,19,35,54.3,,9,31,40,77.5,,15,26,41,63.4,,9,38,47,80.9,,12,39,51,76.5,,11,37,48,77.1,,,
82,Scott,09,1611,Davenport,385,667,1052,63.4,,378,675,1053,64.1,,370,720,1090,66.1,,398,595,993,59.9,,397,620,1017,61,,359,612,971,63,,259,679,938,72.4,,,
26,Davis,15,1619,Davis County,29,62,91,68.1,,24,73,97,75.3,,15,68,83,81.9,,13,60,73,82.2,,18,59,77,76.6,,25,61,86,70.9,,16,79,95,83.2,,,
96,Winneshiek,01,1638,Decorah Community,10,76,86,88.4,,20,96,116,82.8,,12,110,122,90.2,,10,100,110,90.9,,9,102,111,91.9,,10,93,103,90.3,,4,143,147,97.3,,,
23,Clinton,09,1675,Delwood,1,26,27,96.3,,4,16,20,80,,0,16,16,100,,0,15,15,100,,0,0,0,,,0,0,0,,,0,0,0,,,,
24,Crawford,12,1701,Denison,29,94,123,76.4,,44,90,134,67.2,,37,96,133,72.2,,35,87,122,71.3,,34,119,153,77.8,,27,105,132,79.5,,36,124,160,77.5,,,
09,Bremer,07,1719,Denver,2,47,49,95.9,,11,53,64,82.8,,7,46,53,86.8,,1,55,56,98.2,,4,45,49,91.8,,4,51,55,92.7,,4,49,53,92.5,,,
77,Polk,11,1737,Des Moines Independent,920,1400,2320,60.3,,845,1366,2211,61.8,,742,1492,2234,66.8,,774,1200,1974,60.8,,759,1212,1971,61.5,,786,1188,1974,60.2,,600,1085,1685,64.4,,,
80,Ringgold,13,1782,Diagonal,small N,small N,small N,small N,,3,7,10,70,,small N,small N,small N,small N,,small N,small N,small N,small N,,small N,small N,small N,small N,,small N,small N,small N,small N,,small N,small N,small N,small N,,,
38,Grundy,07,1791,Dike-New Hartford,10,50,60,83.3,,8,48,56,85.7,,6,48,54,88.9,,11,54,65,83.1,,8,46,54,85.2,,6,54,60,90,,8,50,58,86.2,,,
31,Dubuque,01,1863,Dubuque,178,480,658,72.9,,200,495,695,71.2,,180,500,680,73.5,,236,518,754,68.7,,201,509,710,71.7,,203,514,717,71.7,,142,576,718,80.2,,,
07,Black Hawk,07,1908,Dunkerton,7,22,29,75.9,,7,16,23,69.6,,5,30,35,85.7,,10,21,31,67.7,,8,28,36,77.8,,8,23,31,74.2,,9,26,35,74.3,,,
43,Harrison,13,1917,Boyer Valley,6,19,25,76,,9,14,23,60.9,,9,22,31,71,,9,27,36,75,,8,23,31,74.2,,13,20,33,60.6,,6,21,27,77.8,,,
16,Cedar,09,1926,Durant,11,33,44,75,,10,33,43,76.7,,11,42,53,79.2,,10,32,42,76.2,,13,35,48,72.9,,7,42,49,85.7,,11,45,56,80.4,,,
99,Wright,05,1944,Eagle Grove,16,52,68,76.5,,10,42,52,80.8,,18,34,52,65.4,,15,35,50,70,,18,35,53,66,,12,38,50,76,,13,37,50,74,,,
61,Madison,11,1953,Earlham,10,32,42,76.2,,10,23,33,69.7,,12,37,49,75.5,,9,35,44,79.5,,10,41,51,80.4,,11,30,41,73.2,,7,35,42,83.3,,,
10,Buchanan,07,1963,East Buchanan,11,36,47,76.6,,12,28,40,70,,2,34,36,94.4,,8,37,45,82.2,,9,35,44,79.5,,6,30,36,83.3,,4,34,38,89.5,,,
49,Jackson,09,1965,Easton Valley,1,36,37,97.3,,7,30,37,81.1,,5,32,37,86.5,,9,26,35,74.3,,9,23,32,71.9,,13,26,39,66.7,,7,28,35,80,,,
64,Marshall,07,1968,East Marshall,7,41,48,85.4,,9,47,56,83.9,,6,57,63,90.5,,15,35,50,70,,11,42,53,79.2,,18,47,65,72.3,,16,49,65,75.4,,,
88,Union,13,1970,East Union,14,22,36,61.1,,11,19,30,63.3,,11,24,35,68.6,,6,30,36,83.3,,8,23,31,74.2,,10,17,27,63,,9,24,33,72.7,,,
03,Allamakee,01,1972,Eastern Allamakee,1,18,19,94.7,,5,14,19,73.7,,5,26,31,83.9,,5,16,21,76.2,,9,27,36,75,,5,22,27,81.5,,4,16,20,80,,,
97,Woodbury,12,1975,River Valley,3,22,25,88,,6,26,32,81.3,,6,20,26,76.9,,6,27,33,81.8,,2,24,26,92.3,,3,30,33,90.9,,2,22,24,91.7,,,
28,Delaware,01,1989,Edgewood-Colesburg,7,28,35,80,,13,19,32,59.4,,10,36,46,78.3,,11,28,39,71.8,,10,23,33,69.7,,8,31,39,79.5,,12,29,41,70.7,,,
42,Hardin,07,2007,Eldora-New Providence,9,33,42,78.6,,9,26,35,74.3,,9,29,38,76.3,,small N,small N,small N,small N,,0,0,0,,,small N,small N,small N,small N,,11,44,55,80,,,
74,Palo Alto,05,2088,Emmetsburg,14,44,58,75.9,,15,38,53,71.7,,18,32,50,64,,16,39,55,70.9,,14,42,56,75,,9,32,41,78,,12,44,56,78.6,,,
48,Iowa,10,2097,English Valleys,8,24,32,75,,13,19,32,59.4,,6,30,36,83.3,,2,21,23,91.3,,7,25,32,78.1,,6,28,34,82.4,,6,23,29,79.3,,,
73,Page,13,2113,Essex,6,9,15,60,,4,7,11,63.6,,4,11,15,73.3,,5,10,15,66.7,,3,10,13,76.9,,1,15,16,93.8,,0,12,12,100,,,
32,Emmet,05,2124,Estherville Lincoln,26,66,92,71.7,,35,60,95,63.2,,27,74,101,73.3,,34,54,88,61.4,,30,54,84,64.3,,25,55,80,68.8,,18,61,79,77.2,,,
83,Shelby,11,2151,Exira-Elk Horn-,2,16,18,88.9,,3,23,26,88.5,,1,22,23,95.7,,6,14,20,70,,7,24,31,77.4,,0,18,18,100,,4,16,20,80,,,
51,Jefferson,15,2169,Fairfield,34,81,115,70.4,,30,89,119,74.8,,26,72,98,73.5,,31,88,119,73.9,,26,87,113,77,,29,83,112,74.1,,33,79,112,70.5,,,
36,Fremont,13,2205,Farragut,2,10,12,83.3,,3,9,12,75,,0,0,0,,,0,0,0,,,0,0,0,,,0,0,0,,,9,17,26,65.4,,,
95,Winnebago,07,2295,Forest City,6,69,75,92,,7,52,59,88.1,,10,61,71,85.9,,18,61,79,77.2,,12,73,85,85.9,,16,72,88,81.8,,12,63,75,84,,,
94,Webster,05,2313,Fort Dodge,91,129,220,58.6,,86,168,254,66.1,,99,158,257,61.5,,118,120,238,50.4,,84,157,241,65.1,,96,134,230,58.3,,67,174,241,72.2,,,
56,Lee,15,2322,Fort Madison,23,97,120,80.8,,45,88,133,66.2,,34,100,134,74.6,,39,92,131,70.2,,24,100,124,80.6,,30,102,132,77.3,,34,126,160,78.8,,,
36,Fremont,13,2369,Fremont-Mills,12,23,35,65.7,,5,18,23,78.3,,6,23,29,79.3,,9,20,29,69,,8,25,33,75.8,,8,17,25,68,,8,20,28,71.4,,,
47,Ida,12,2376,Galva-Holstein,4,28,32,87.5,,2,23,25,92,,1,25,26,96.2,,0,0,0,,,0,0,0,,,0,0,0,,,10,54,64,84.4,,,
41,Hancock,07,2403,Garner-Hayfield,12,52,64,81.3,,22,41,63,65.1,,11,46,57,80.7,,17,33,50,66,,0,0,0,,,0,0,0,,,18,68,86,79.1,,,
60,Lyon,12,2457,George-Little Rock,7,28,35,80,,3,31,34,91.2,,6,19,25,76,,8,23,31,74.2,,2,26,28,92.9,,5,32,37,86.5,,11,24,35,68.6,,,
85,Story,11,2466,Gilbert,8,102,110,92.7,,5,98,103,95.1,,8,83,91,91.2,,6,101,107,94.4,,8,92,100,92,,7,96,103,93.2,,0,91,91,100,,,
46,Humboldt,05,2493,Gilmore City-Bradgate,small N,small N,small N,small N,,small N,small N,small N,small N,,small N,small N,small N,small N,,small N,small N,small N,small N,,0,0,0,,,0,0,0,,,0,0,0,,,,
38,Grundy,07,2502,Gladbrook-Reinbeck,6,26,32,81.3,,7,32,39,82.1,,4,30,34,88.2,,6,26,32,81.3,,8,25,33,75.8,,14,30,44,68.2,,12,27,39,69.2,,,
65,Mills,13,2511,Glenwood,16,105,121,86.8,,31,115,146,78.8,,9,114,123,92.7,,24,116,140,82.9,,21,124,145,85.5,,29,120,149,80.5,,22,116,138,84.1,,,
14,Carroll,11,2520,Glidden-Ralston,7,13,20,65,,0,15,15,100,,4,19,23,82.6,,2,16,18,88.9,,3,21,24,87.5,,1,26,27,96.3,,2,27,29,93.1,,,
74,Palo Alto,05,2556,Graettinger-Terril,5,21,26,80.8,,10,16,26,61.5,,5,12,17,70.6,,6,18,24,75,,3,16,19,84.2,,7,19,26,73.1,,5,17,22,77.3,,,
01,Adair,13,2673,Nodaway Valley,15,39,54,72.2,,13,23,36,63.9,,16,31,47,66,,21,34,55,61.8,,9,39,48,81.3,,10,49,59,83.1,,9,33,42,78.6,,,
86,Tama,07,2682,GMG,6,26,32,81.3,,1,27,28,96.4,,9,29,38,76.3,,5,28,33,84.8,,10,28,38,73.7,,11,30,41,73.2,,8,16,24,66.7,,,
79,Poweshiek,07,2709,Grinnell-Newburg,10,94,104,90.4,,10,94,104,90.4,,19,76,95,80,,17,92,109,84.4,,18,95,113,84.1,,26,99,125,79.2,,14,89,103,86.4,,,
15,Cass,13,2718,Griswold,10,25,35,71.4,,3,22,25,88,,11,25,36,69.4,,6,27,33,81.8,,4,19,23,82.6,,10,32,42,76.2,,1,30,31,96.8,,,
38,Grundy,07,2727,Grundy Center,11,44,55,80,,8,35,43,81.4,,10,45,55,81.8,,16,32,48,66.7,,1,41,42,97.6,,10,40,50,80,,5,40,45,88.9,,,
39,Guthrie,11,2754,Guthrie Center,3,32,35,91.4,,6,32,38,84.2,,6,36,42,85.7,,6,36,42,85.7,,2,28,30,93.3,,4,31,35,88.6,,7,22,29,75.9,,,
22,Clayton,01,2763,Clayton Ridge,5,34,39,87.2,,15,31,46,67.4,,3,36,39,92.3,,9,34,43,79.1,,10,35,45,77.8,,8,40,48,83.3,,5,49,54,90.7,,,
48,Iowa,10,2766,H-L-V,7,20,27,74.1,,5,19,24,79.2,,1,18,19,94.7,,4,20,24,83.3,,0,24,24,100,,4,20,24,83.3,,9,15,24,62.5,,,
36,Fremont,13,2772,Hamburg,4,10,14,71.4,,7,13,20,65,,6,19,25,76,,12,13,25,52,,12,11,23,47.8,,9,17,26,65.4,,0,0,0,,,,
35,Franklin,07,2781,Hampton-Dumont,22,51,73,69.9,,20,47,67,70.1,,14,80,94,85.1,,12,54,66,81.8,,25,53,78,67.9,,19,73,92,79.3,,14,72,86,83.7,,,
83,Shelby,13,2826,Harlan,19,66,85,77.6,,30,71,101,70.3,,17,81,98,82.7,,26,85,111,76.6,,22,78,100,78,,15,96,111,86.5,,9,115,124,92.7,,,
89,Van Buren,15,2834,Harmony,6,21,27,77.8,,8,13,21,61.9,,10,8,18,44.4,,0,13,13,100,,4,18,22,81.8,,3,10,13,76.9,,3,14,17,82.4,,,
30,Dickinson,05,2846,Harris-Lake Park,3,26,29,89.7,,0,24,24,100,,3,22,25,88,,2,31,33,93.9,,3,18,21,85.7,,2,20,22,90.9,,1,18,19,94.7,,,
71,O'Brien,12,2862,Hartley-Melvin-Sanborn,9,45,54,83.3,,7,38,45,84.4,,4,32,36,88.9,,12,28,40,70,,8,31,39,79.5,,9,40,49,81.6,,4,36,40,90,,,
92,Washington,10,2977,Highland,14,37,51,72.5,,14,34,48,70.8,,14,35,49,71.4,,14,30,44,68.2,,15,31,46,67.4,,14,32,46,69.6,,7,26,33,78.8,,,
75,Plymouth,12,2988,Hinton,5,42,47,89.4,,8,44,52,84.6,,12,45,57,78.9,,3,39,42,92.9,,5,39,44,88.6,,10,46,56,82.1,,5,50,55,90.9,,,
45,Howard,01,3029,Howard-Winneshiek,16,38,54,70.4,,23,53,76,69.7,,14,61,75,81.3,,14,46,60,76.7,,19,55,74,74.3,,20,72,92,78.3,,14,78,92,84.8,,,
42,Hardin,07,3033,Hubbard-Radcliffe,5,11,16,68.8,,5,16,21,76.2,,2,15,17,88.2,,10,53,63,84.1,,14,38,52,73.1,,12,60,72,83.3,,0,0,0,,,,
07,Black Hawk,07,3042,Hudson,13,42,55,76.4,,13,32,45,71.1,,11,40,51,78.4,,16,44,60,73.3,,9,38,47,80.9,,10,32,42,76.2,,6,48,54,88.9,,,
46,Humboldt,05,3060,Humboldt,8,83,91,91.2,,12,86,98,87.8,,10,77,87,88.5,,26,54,80,67.5,,17,83,100,83,,15,91,106,85.8,,10,87,97,89.7,,,
10,Buchanan,07,3105,Independence,10,75,85,88.2,,12,75,87,86.2,,18,70,88,79.5,,16,69,85,81.2,,37,68,105,64.8,,24,63,87,72.4,,14,78,92,84.8,,,
91,Warren,11,3114,Indianola,35,197,232,84.9,,36,191,227,84.1,,22,207,229,90.4,,31,239,270,88.5,,41,194,235,82.6,,35,222,257,86.4,,42,226,268,84.3,,,
61,Madison,11,3119,Interstate 35,14,52,66,78.8,,6,50,56,89.3,,6,50,56,89.3,,11,36,47,76.6,,11,47,58,81,,14,57,71,80.3,,14,47,61,77,,,
52,Johnson,10,3141,Iowa City,196,740,936,79.1,,206,661,867,76.2,,208,712,920,77.4,,196,658,854,77,,191,642,833,77.1,,227,664,891,74.5,,151,640,791,80.9,,,
42,Hardin,07,3150,Iowa Falls,14,66,80,82.5,,13,53,66,80.3,,11,52,63,82.5,,small N,small N,small N,small N,,22,72,94,76.6,,22,79,101,78.2,,12,69,81,85.2,,,
48,Iowa,10,3154,Iowa Valley,7,29,36,80.6,,5,30,35,85.7,,9,30,39,76.9,,6,22,28,78.6,,2,41,43,95.3,,7,27,34,79.4,,13,20,33,60.6,,,
24,Crawford,13,3168,IKM-Manning,6,39,45,86.7,,6,34,40,85,,6,45,51,88.2,,10,31,41,75.6,,3,36,39,92.3,,6,48,54,88.9,,4,45,49,91.8,,,
09,Bremer,07,3186,Janesville Consolidated,3,18,21,85.7,,14,12,26,46.2,,3,23,26,88.5,,3,23,26,88.5,,6,14,20,70,,3,23,26,88.5,,2,23,25,92,,,
37,Greene,05,3195,Greene County,23,62,85,72.9,,15,64,79,81,,20,51,71,71.8,,19,76,95,80,,17,66,83,79.5,,12,61,73,83.6,,12,79,91,86.8,,,
10,Buchanan,07,3204,Jesup,24,61,85,71.8,,23,48,71,67.6,,19,55,74,74.3,,11,48,59,81.4,,13,64,77,83.1,,13,55,68,80.9,,10,42,52,80.8,,,
77,Polk,11,3231,Johnston,35,411,446,92.2,,55,399,454,87.9,,39,409,448,91.3,,52,440,492,89.4,,59,408,467,87.4,,53,425,478,88.9,,40,399,439,90.9,,,
56,Lee,15,3312,Keokuk,32,85,117,72.6,,19,87,106,82.1,,23,86,109,78.9,,26,66,92,71.7,,39,86,125,68.8,,55,70,125,56,,41,86,127,67.7,,,
54,Keokuk,15,3330,Keota,7,20,27,74.1,,1,19,20,95,,3,8,11,72.7,,3,22,25,88,,4,22,26,84.6,,5,13,18,72.2,,0,15,15,100,,,
75,Plymouth,12,3348,Kingsley-Pierson,6,22,28,78.6,,5,36,41,87.8,,6,20,26,76.9,,11,27,38,71.1,,2,22,24,91.7,,6,26,32,81.3,,7,37,44,84.1,,,
63,Marion,11,3375,Knoxville,33,85,118,72,,32,81,113,71.7,,23,91,114,79.8,,22,91,113,80.5,,20,102,122,83.6,,16,98,114,86,,20,106,126,84.1,,,
95,Winnebago,07,3420,Lake Mills,5,34,39,87.2,,7,37,44,84.1,,7,28,35,80,,12,41,53,77.4,,8,40,48,83.3,,8,28,36,77.8,,6,38,44,86.4,,,
27,Decatur,13,3465,Lamoni,7,15,22,68.2,,10,18,28,64.3,,5,22,27,81.5,,7,20,27,74.1,,3,19,22,86.4,,4,14,18,77.8,,3,12,15,80,,,
76,Pocahontas,05,3537,Laurens-Marathon,7,9,16,56.3,,5,16,21,76.2,,2,11,13,84.6,,6,8,14,57.1,,8,12,20,60,,3,12,15,80,,7,15,22,68.2,,,
97,Woodbury,12,3555,Lawton-Bronson,1,38,39,97.4,,8,27,35,77.1,,4,37,41,90.2,,5,32,37,86.5,,6,39,45,86.7,,12,34,46,73.9,,6,42,48,87.5,,,
75,Plymouth,12,3600,Le Mars,19,119,138,86.2,,16,102,118,86.4,,23,109,132,82.6,,21,132,153,86.3,,19,130,149,87.2,,29,105,134,78.4,,33,115,148,77.7,,,
87,Taylor,13,3609,Lenox,1,24,25,96,,1,34,35,97.1,,7,28,35,80,,2,23,25,92,,10,24,34,70.6,,5,25,30,83.3,,3,25,28,89.3,,,
78,Pottawattamie,13,3645,Lewis Central,67,148,215,68.8,,66,136,202,67.3,,62,165,227,72.7,,62,131,193,67.9,,80,151,231,65.4,,75,142,217,65.4,,40,182,222,82,,,
16,Cedar,10,3691,North Cedar,14,36,50,72,,18,28,46,60.9,,16,38,54,70.4,,23,31,54,57.4,,21,37,58,63.8,,26,44,70,62.9,,19,41,60,68.3,,,
57,Linn,10,3715,Linn-Mar,78,448,526,85.2,,63,430,493,87.2,,69,430,499,86.2,,107,423,530,79.8,,66,428,494,86.6,,75,396,471,84.1,,44,384,428,89.7,,,
57,Linn,10,3744,Lisbon,8,47,55,85.5,,8,40,48,83.3,,5,29,34,85.3,,8,43,51,84.3,,5,28,33,84.8,,10,32,42,76.2,,3,30,33,90.9,,,
43,Harrison,13,3798,Logan-Magnolia,5,37,42,88.1,,6,38,44,86.4,,6,34,40,85,,4,37,41,90.2,,7,44,51,86.3,,10,36,46,78.3,,7,34,41,82.9,,,
52,Johnson,10,3816,Lone Tree,9,18,27,66.7,,10,26,36,72.2,,10,31,41,75.6,,20,21,41,51.2,,8,20,28,71.4,,7,31,38,81.6,,10,17,27,63,,,
58,Louisa,09,3841,Louisa-Muscatine,7,43,50,86,,10,45,55,81.8,,11,51,62,82.3,,14,45,59,76.3,,14,52,66,78.8,,13,42,55,76.4,,15,52,67,77.6,,,
55,Kossuth,05,3897,LuVerne,small N,small N,small N,small N,,4,15,19,78.9,,small N,small N,small N,small N,,3,9,12,75,,0,0,0,,,0,0,0,,,0,0,0,,,,
50,Jasper,11,3906,Lynnville-Sully,8,21,29,72.4,,9,33,42,78.6,,4,29,33,87.9,,6,29,35,82.9,,1,22,23,95.7,,5,36,41,87.8,,7,24,31,77.4,,,
08,Boone,11,3942,Madrid,9,47,56,83.9,,6,32,38,84.2,,4,36,40,90,,8,53,61,86.9,,7,33,40,82.5,,9,43,52,82.7,,10,41,51,80.4,,,
65,Mills,13,3978,East Mills,8,30,38,78.9,,6,29,35,82.9,,8,22,30,73.3,,4,28,32,87.5,,7,21,28,75,,10,21,31,67.7,,12,27,39,69.2,,,
13,Calhoun,05,4023,Manson Northwest Webster,13,32,45,71.1,,9,36,45,80,,14,36,50,72,,5,42,47,89.4,,5,37,42,88.1,,15,26,41,63.4,,4,52,56,92.9,,,
67,Monona,12,4033,Maple Valley-Anthon Oto,11,37,48,77.1,,10,34,44,77.3,,8,28,36,77.8,,13,17,30,56.7,,11,33,44,75,,10,34,44,77.3,,14,32,46,69.6,,,
49,Jackson,09,4041,Maquoketa,13,49,62,79,,15,58,73,79.5,,15,58,73,79.5,,28,41,69,59.4,,26,73,99,73.7,,35,83,118,70.3,,17,103,120,85.8,,,
28,Delaware,01,4043,Maquoketa Valley,2,45,47,95.7,,3,40,43,93,,4,44,48,91.7,,10,45,55,81.8,,3,40,43,93,,8,41,49,83.7,,7,51,58,87.9,,,
18,Cherokee,12,4068,Marcus-Meriden-Cleghorn,3,22,25,88,,3,28,31,90.3,,7,23,30,76.7,,2,20,22,90.9,,5,22,27,81.5,,5,14,19,73.7,,4,27,31,87.1,,,
57,Linn,10,4086,Marion Independent,29,112,141,79.4,,23,126,149,84.6,,28,101,129,78.3,,25,123,148,83.1,,21,102,123,82.9,,29,108,137,78.8,,17,120,137,87.6,,,
64,Marshall,07,4104,Marshalltown,117,206,323,63.8,,134,191,325,58.8,,106,194,300,64.7,,113,184,297,62,,117,191,308,62,,126,175,301,58.1,,93,202,295,68.5,,,
91,Warren,11,4122,Martensdale-St Marys,13,27,40,67.5,,7,23,30,76.7,,10,24,34,70.6,,6,37,43,86,,6,33,39,84.6,,10,31,41,75.6,,5,35,40,87.5,,,
17,Cerro Gordo,07,4131,Mason City,84,192,276,69.6,,72,179,251,71.3,,78,180,258,69.8,,85,156,241,64.7,,68,185,253,73.1,,63,191,254,75.2,,49,206,255,80.8,,,
84,Sioux,12,4149,MOC-Floyd Valley,6,99,105,94.3,,9,89,98,90.8,,10,87,97,89.7,,15,61,76,80.3,,14,80,94,85.1,,9,73,82,89,,8,94,102,92.2,,,
29,Des Moines,15,4203,Mediapolis,7,49,56,87.5,,13,39,52,75,,11,42,53,79.2,,13,32,45,71.1,,10,32,42,76.2,,7,46,53,86.8,,5,62,67,92.5,,,
63,Marion,11,4212,Melcher-Dallas,1,16,17,94.1,,5,22,27,81.5,,5,18,23,78.3,,6,18,24,75,,6,15,21,71.4,,7,12,19,63.2,,4,14,18,77.8,,,
53,Jones,10,4269,Midland,7,22,29,75.9,,7,21,28,75,,10,18,28,64.3,,6,27,33,81.8,,15,17,32,53.1,,10,29,39,74.4,,9,17,26,65.4,,,
92,Washington,10,4271,Mid-Prairie,15,75,90,83.3,,29,67,96,69.8,,19,79,98,80.6,,24,68,92,73.9,,18,67,85,78.8,,13,72,85,84.7,,15,64,79,81,,,
43,Harrison,13,4356,Missouri Valley,19,34,53,64.2,,12,35,47,74.5,,9,43,52,82.7,,18,52,70,74.3,,14,36,50,72,,8,44,52,84.6,,15,48,63,76.2,,,
22,Clayton,01,4419,MFL MarMac,11,51,62,82.3,,8,42,50,84,,13,40,53,75.5,,15,36,51,70.6,,8,34,42,81,,9,52,61,85.2,,3,59,62,95.2,,,
79,Poweshiek,07,4437,Montezuma,5,28,33,84.8,,4,28,32,87.5,,8,27,35,77.1,,5,30,35,85.7,,6,29,35,82.9,,15,20,35,57.1,,4,18,22,81.8,,,
53,Jones,10,4446,Monticello,4,67,71,94.4,,23,65,88,73.9,,18,60,78,76.9,,16,62,78,79.5,,14,50,64,78.1,,16,60,76,78.9,,8,74,82,90.2,,,
04,Appanoose,15,4491,Moravia,5,22,27,81.5,,8,22,30,73.3,,6,17,23,73.9,,6,28,34,82.4,,8,17,25,68,,10,19,29,65.5,,3,23,26,88.5,,,
93,Wayne,13,4505,Mormon Trail,3,15,18,83.3,,4,13,17,76.5,,5,13,18,72.2,,7,9,16,56.3,,1,10,11,90.9,,4,10,14,71.4,,3,11,14,78.6,,,
58,Louisa,15,4509,Morning Sun,0,13,13,100,,3,15,18,83.3,,2,13,15,86.7,,3,13,16,81.3,,small N,small N,small N,small N,,5,9,14,64.3,,2,9,11,81.8,,,
04,Appanoose,15,4518,Moulton-Udell,9,11,20,55,,2,10,12,83.3,,3,8,11,72.7,,3,11,14,78.6,,4,6,10,60,,1,10,11,90.9,,2,16,18,88.9,,,
80,Ringgold,13,4527,Mount Ayr,9,29,38,76.3,,18,33,51,64.7,,6,28,34,82.4,,5,39,44,88.6,,7,40,47,85.1,,7,38,45,84.4,,3,33,36,91.7,,,
44,Henry,15,4536,Mount Pleasant,21,90,111,81.1,,22,111,133,83.5,,24,86,110,78.2,,34,103,137,75.2,,32,110,142,77.5,,32,117,149,78.5,,27,118,145,81.4,,,
57,Linn,10,4554,Mount Vernon,8,81,89,91,,13,79,92,85.9,,5,76,81,93.8,,11,81,92,88,,10,90,100,90,,13,79,92,85.9,,8,87,95,91.6,,,
20,Clarke,13,4572,Murray,4,16,20,80,,8,19,27,70.4,,6,16,22,72.7,,7,20,27,74.1,,3,13,16,81.3,,3,26,29,89.7,,5,20,25,80,,,
70,Muscatine,09,4581,Muscatine,93,278,371,74.9,,111,247,358,69,,88,246,334,73.7,,99,272,371,73.3,,95,285,380,75,,100,244,344,70.9,,99,222,321,69.2,,,
19,Chickasaw,07,4599,Nashua-Plainfield,10,30,40,75,,9,30,39,76.9,,8,35,43,81.4,,12,34,46,73.9,,8,27,35,77.1,,10,35,45,77.8,,5,39,44,88.6,,,
85,Story,11,4617,Nevada,10,101,111,91,,19,90,109,82.6,,13,88,101,87.1,,24,90,114,78.9,,12,85,97,87.6,,13,96,109,88.1,,7,86,93,92.5,,,
11,Buena Vista,05,4644,Newell-Fonda,4,25,29,86.2,,11,31,42,73.8,,16,27,43,62.8,,4,19,23,82.6,,6,21,27,77.8,,8,19,27,70.4,,3,32,35,91.4,,,
19,Chickasaw,01,4662,New Hampton,18,51,69,73.9,,16,61,77,79.2,,9,45,54,83.3,,11,57,68,83.8,,15,48,63,76.2,,13,67,80,83.8,,15,66,81,81.5,,,
44,Henry,15,4689,New London,4,23,27,85.2,,8,37,45,82.2,,6,34,40,85,,5,28,33,84.8,,10,33,43,76.7,,8,25,33,75.8,,11,29,40,72.5,,,
50,Jasper,11,4725,Newton,28,171,199,85.9,,43,155,198,78.3,,43,140,183,76.5,,50,149,199,74.9,,43,165,208,79.3,,50,147,197,74.6,,34,144,178,80.9,,,
98,Worth,07,4772,Central Springs,10,40,50,80,,6,38,44,86.4,,11,52,63,82.5,,9,28,37,75.7,,9,39,48,81.3,,8,46,54,85.2,,14,39,53,73.6,,,
23,Clinton,09,4773,Northeast,15,42,57,73.7,,10,32,42,76.2,,6,42,48,87.5,,5,53,58,91.4,,8,49,57,86,,9,51,60,85,,5,70,75,93.3,,,
33,Fayette,01,4774,North Fayette,2,45,47,95.7,,6,49,55,89.1,,12,34,46,73.9,,6,44,50,88,,0,0,0,,,0,0,0,,,10,67,77,87,,,
40,Hamilton,05,4775,Northeast Hamilton,5,12,17,70.6,,small N,small N,small N,small N,,4,11,15,73.3,,small N,small N,small N,small N,,small N,small N,small N,small N,,5,6,11,54.5,,small N,small N,small N,small N,,,
62,Mahaska,15,4776,North Mahaska,3,21,24,87.5,,9,33,42,78.6,,3,31,34,91.2,,4,26,30,86.7,,9,30,39,76.9,,6,19,25,76,,5,29,34,85.3,,,
57,Linn,10,4777,North Linn,4,35,39,89.7,,6,38,44,86.4,,7,47,54,87,,13,44,57,77.2,,13,37,50,74,,11,43,54,79.6,,11,34,45,75.6,,,
55,Kossuth,05,4778,North Kossuth,1,21,22,95.5,,1,16,17,94.1,,6,18,24,75,,7,17,24,70.8,,7,40,47,85.1,,11,29,40,72.5,,0,0,0,,,,
77,Polk,11,4779,North Polk,7,105,112,93.8,,17,97,114,85.1,,7,86,93,92.5,,18,101,119,84.9,,16,72,88,81.8,,11,95,106,89.6,,12,72,84,85.7,,,
82,Scott,09,4784,North Scott,25,177,202,87.6,,27,189,216,87.5,,30,167,197,84.8,,42,174,216,80.6,,16,197,213,92.5,,37,185,222,83.3,,17,196,213,92,,,
86,Tama,07,4785,North Tama County,7,29,36,80.6,,4,27,31,87.1,,5,29,34,85.3,,1,35,36,97.2,,15,26,41,63.4,,7,26,33,78.8,,5,32,37,86.5,,,
96,Winneshiek,01,4787,North Winneshiek,3,16,19,84.2,,1,12,13,92.3,,4,9,13,69.2,,0,12,12,100,,3,8,11,72.7,,3,14,17,82.4,,0,0,0,,,,
98,Worth,07,4788,Northwood-Kensett,8,29,37,78.4,,6,23,29,79.3,,3,28,31,90.3,,12,26,38,68.4,,6,22,28,78.6,,5,25,30,83.3,,3,38,41,92.7,,,
91,Warren,11,4797,Norwalk,18,171,189,90.5,,25,189,214,88.3,,22,165,187,88.2,,22,131,153,85.6,,24,181,205,88.3,,30,161,191,84.3,,28,182,210,86.7,,,
81,Sac,05,4860,Odebolt-Arthur,0,27,27,100,,5,23,28,82.1,,3,14,17,82.4,,15,57,72,79.2,,8,71,79,89.9,,16,46,62,74.2,,0,0,0,,,,
33,Fayette,01,4869,Oelwein,17,66,83,79.5,,17,59,76,77.6,,14,53,67,79.1,,23,56,79,70.9,,15,50,65,76.9,,30,61,91,67,,12,69,81,85.2,,,
08,Boone,11,4878,Ogden,2,50,52,96.2,,5,30,35,85.7,,8,36,44,81.8,,5,40,45,88.9,,7,45,52,86.5,,7,45,52,86.5,,8,42,50,84,,,
30,Dickinson,05,4890,Okoboji,8,55,63,87.3,,12,62,74,83.8,,4,72,76,94.7,,8,48,56,85.7,,5,51,56,91.1,,8,58,66,87.9,,6,54,60,90,,,
53,Jones,10,4905,Olin Consolidated,0,0,0,,,small N,small N,small N,small N,,3,9,12,75,,3,7,10,70,,0,0,0,,,0,0,0,,,0,0,0,,,,
01,Adair,13,4978,Orient-Macksburg,1,13,14,92.9,,5,7,12,58.3,,4,7,11,63.6,,5,6,11,54.5,,small N,small N,small N,small N,,4,9,13,69.2,,2,8,10,80,,,
66,Mitchell,07,4995,Osage,10,47,57,82.5,,13,56,69,81.2,,6,51,57,89.5,,12,48,60,80,,12,58,70,82.9,,20,49,69,71,,15,56,71,78.9,,,
62,Mahaska,15,5013,Oskaloosa,39,127,166,76.5,,51,97,148,65.5,,32,133,165,80.6,,62,116,178,65.2,,56,94,150,62.7,,44,107,151,70.9,,36,109,145,75.2,,,
90,Wapello,15,5049,Ottumwa,120,161,281,57.3,,132,182,314,58,,115,183,298,61.4,,102,176,278,63.3,,112,175,287,61,,82,211,293,72,,89,186,275,67.6,,,
39,Guthrie,11,5121,Panorama,4,42,46,91.3,,10,38,48,79.2,,23,37,60,61.7,,16,44,60,73.3,,14,35,49,71.4,,8,44,52,84.6,,16,44,60,73.3,,,
37,Greene,05,5139,Paton-Churdan,small N,small N,small N,small N,,2,9,11,81.8,,0,10,10,100,,1,12,13,92.3,,2,10,12,83.3,,4,14,18,77.8,,1,9,10,90,,,
50,Jasper,11,5160,PCM,8,62,70,88.6,,17,59,76,77.6,,14,45,59,76.3,,13,67,80,83.8,,12,67,79,84.8,,11,80,91,87.9,,4,63,67,94,,,
54,Keokuk,15,5163,Pekin,2,32,34,94.1,,3,54,57,94.7,,0,40,40,100,,12,41,53,77.4,,15,36,51,70.6,,9,35,44,79.5,,8,39,47,83,,,
63,Marion,11,5166,Pella,15,134,149,89.9,,20,151,171,88.3,,11,132,143,92.3,,15,139,154,90.3,,24,132,156,84.6,,18,125,143,87.4,,18,145,163,89,,,
25,Dallas,11,5184,Perry,43,67,110,60.9,,33,57,90,63.3,,39,85,124,68.5,,37,60,97,61.9,,39,101,140,72.1,,29,79,108,73.1,,29,97,126,77,,,
82,Scott,09,5250,Pleasant Valley,50,258,308,83.8,,34,260,294,88.4,,32,274,306,89.5,,32,248,280,88.6,,35,269,304,88.5,,45,274,319,85.9,,29,258,287,89.9,,,
63,Marion,11,5256,Pleasantville,4,44,48,91.7,,10,38,48,79.2,,8,35,43,81.4,,6,39,45,86.7,,11,42,53,79.2,,8,46,54,85.2,,11,43,54,79.6,,,
76,Pocahontas,05,5283,Pocahontas Area,10,21,31,67.7,,8,32,40,80,,7,36,43,83.7,,8,29,37,78.4,,12,34,46,73.9,,17,42,59,71.2,,14,48,62,77.4,,,
03,Allamakee,01,5310,Postville,20,29,49,59.2,,21,20,41,48.8,,27,17,44,38.6,,11,34,45,75.6,,17,19,36,52.8,,10,17,27,63,,12,19,31,61.3,,,
94,Webster,05,5325,Prairie Valley,8,27,35,77.1,,1,28,29,96.6,,0,0,0,,,0,0,0,,,small N,small N,small N,small N,,0,0,0,,,6,39,45,86.7,,,
02,Adams,13,5328,Prescott,small N,small N,small N,small N,,small N,small N,small N,small N,,small N,small N,small N,small N,,0,0,0,,,0,0,0,,,small N,small N,small N,small N,,0,0,0,,,,
69,Montgomery,13,5463,Red Oak,19,52,71,73.2,,11,59,70,84.3,,25,53,78,67.9,,19,50,69,72.5,,14,61,75,81.3,,25,60,85,70.6,,13,59,72,81.9,,,
75,Plymouth,12,5486,Remsen-Union,3,19,22,86.4,,7,19,26,73.1,,1,17,18,94.4,,3,19,22,86.4,,1,17,18,94.4,,2,16,18,88.9,,1,23,24,95.8,,,
45,Howard,01,5508,Riceville,2,20,22,90.9,,4,12,16,75,,8,17,25,68,,6,19,25,76,,8,15,23,65.2,,7,9,16,56.3,,5,11,16,68.8,,,
78,Pottawattamie,13,5510,Riverside,6,36,42,85.7,,8,41,49,83.7,,9,22,31,71,,14,28,42,66.7,,12,33,45,73.3,,7,30,37,81.1,,7,36,43,83.7,,,
84,Sioux,12,5607,Rock Valley,12,49,61,80.3,,16,39,55,70.9,,18,32,50,64,,10,34,44,77.3,,14,40,54,74.1,,12,38,50,76,,11,53,64,82.8,,,
85,Story,11,5643,Roland-Story,17,66,83,79.5,,10,66,76,86.8,,11,51,62,82.3,,14,68,82,82.9,,11,59,70,84.3,,19,71,90,78.9,,7,59,66,89.4,,,
34,Floyd,07,5697,Rudd-Rockford-Marble Rk,3,24,27,88.9,,7,16,23,69.6,,7,22,29,75.9,,9,24,33,72.7,,7,18,25,72,,18,25,43,58.1,,9,29,38,76.3,,,
74,Palo Alto,05,5724,Ruthven-Ayrshire,0,11,11,100,,6,7,13,53.8,,2,10,12,83.3,,4,7,11,63.6,,4,8,12,66.7,,5,10,15,66.7,,1,12,13,92.3,,,
66,Mitchell,07,5751,St Ansgar,4,34,38,89.5,,5,31,36,86.1,,2,30,32,93.8,,5,46,51,90.2,,2,38,40,95,,6,39,45,86.7,,6,44,50,88,,,
77,Polk,11,5805,Saydel,15,53,68,77.9,,29,60,89,67.4,,22,55,77,71.4,,18,62,80,77.5,,26,66,92,71.7,,27,65,92,70.7,,31,72,103,69.9,,,
81,Sac,05,5823,Schaller-Crestland,11,23,34,67.6,,4,21,25,84,,7,22,29,75.9,,10,33,43,76.7,,6,38,44,86.4,,11,39,50,78,,0,0,0,,,,
24,Crawford,12,5832,Schleswig,4,15,19,78.9,,3,14,17,82.4,,3,9,12,75,,7,14,21,66.7,,3,10,13,76.9,,8,12,20,60,,0,0,0,,,,
97,Woodbury,12,5877,Sergeant Bluff-Luton,18,71,89,79.8,,10,105,115,91.3,,17,97,114,85.1,,14,101,115,87.8,,13,106,119,89.1,,20,93,113,82.3,,10,96,106,90.6,,,
93,Wayne,15,5895,Seymour,6,11,17,64.7,,10,10,20,50,,1,15,16,93.8,,7,12,19,63.2,,6,12,18,66.7,,2,14,16,87.5,,5,9,14,64.3,,,
17,Cerro Gordo,07,5922,West Fork CSD,9,27,36,75,,12,34,46,73.9,,13,31,44,70.5,,13,32,45,71.1,,12,26,38,68.4,,15,32,47,68.1,,19,31,50,62,,,
71,O'Brien,12,5949,Sheldon,11,54,65,83.1,,14,52,66,78.8,,11,55,66,83.3,,8,61,69,88.4,,20,30,50,60,,11,62,73,84.9,,12,51,63,81,,,
73,Page,13,5976,Shenandoah,13,58,71,81.7,,12,40,52,76.9,,17,55,72,76.4,,14,53,67,79.1,,12,46,58,79.3,,12,47,59,79.7,,16,65,81,80.2,,,
72,Osceola,12,5994,Sibley-Ocheyedan,9,56,65,86.2,,17,42,59,71.2,,12,38,50,76,,15,51,66,77.3,,10,36,46,78.3,,9,39,48,81.3,,13,44,57,77.2,,,
36,Fremont,13,6003,Sidney,6,12,18,66.7,,3,21,24,87.5,,3,11,14,78.6,,6,17,23,73.9,,4,20,24,83.3,,5,20,25,80,,2,20,22,90.9,,,
54,Keokuk,15,6012,Sigourney,9,20,29,69,,20,24,44,54.5,,8,31,39,79.5,,3,35,38,92.1,,3,31,34,91.2,,6,33,39,84.6,,11,24,35,68.6,,,
84,Sioux,12,6030,Sioux Center,19,77,96,80.2,,28,62,90,68.9,,19,49,68,72.1,,8,65,73,89,,16,59,75,78.7,,14,66,80,82.5,,8,48,56,85.7,,,
11,Buena Vista,05,6035,Sioux Central,4,29,33,87.9,,6,35,41,85.4,,11,22,33,66.7,,5,29,34,85.3,,10,34,44,77.3,,8,30,38,78.9,,8,31,39,79.5,,,
97,Woodbury,12,6039,Sioux City,333,685,1018,67.3,,296,634,930,68.2,,243,719,962,74.7,,258,653,911,71.7,,231,629,860,73.1,,225,619,844,73.3,,171,605,776,78,,,
13,Calhoun,05,6091,South Central Calhoun,10,55,65,84.6,,8,57,65,87.7,,12,45,57,78.9,,13,41,54,75.9,,14,49,63,77.8,,15,50,65,76.9,,11,37,48,77.1,,,
52,Johnson,10,6093,Solon,17,99,116,85.3,,12,75,87,86.2,,19,90,109,82.6,,14,80,94,85.1,,10,85,95,89.5,,20,81,101,80.2,,14,94,108,87,,,
91,Warren,11,6094,Southeast Warren,8,18,26,69.2,,4,33,37,89.2,,5,22,27,81.5,,7,28,35,80,,10,16,26,61.5,,3,30,33,90.9,,2,22,24,91.7,,,
40,Hamilton,05,6095,South Hamilton,3,41,44,93.2,,4,32,36,88.9,,7,45,52,86.5,,10,40,50,80,,9,40,49,81.6,,6,51,57,89.5,,4,41,45,91.1,,,
94,Webster,05,6096,Southeast Webster Grand,5,32,37,86.5,,2,34,36,94.4,,21,57,78,73.1,,6,27,33,81.8,,3,30,33,90.9,,15,30,45,66.7,,0,0,0,,,,
73,Page,13,6097,South Page,2,9,11,81.8,,small N,small N,small N,small N,,small N,small N,small N,small N,,6,5,11,45.5,,small N,small N,small N,small N,,small N,small N,small N,small N,,small N,small N,small N,small N,,,
86,Tama,07,6098,South Tama County,27,75,102,73.5,,30,60,90,66.7,,37,58,95,61.1,,30,71,101,70.3,,26,56,82,68.3,,21,76,97,78.4,,21,65,86,75.6,,,
71,O'Brien,12,6099,South O'Brien,9,31,40,77.5,,5,35,40,87.5,,10,26,36,72.2,,10,26,36,72.2,,5,36,41,87.8,,9,23,32,71.9,,5,36,41,87.8,,,
96,Winneshiek,01,6100,South Winneshiek,7,22,29,75.9,,6,26,32,81.3,,7,24,31,77.4,,5,19,24,79.2,,9,20,29,69,,7,22,29,75.9,,10,46,56,82.1,,,
77,Polk,11,6101,Southeast Polk,89,395,484,81.6,,79,413,492,83.9,,56,363,419,86.6,,92,386,478,80.8,,112,342,454,75.3,,107,372,479,77.7,,91,398,489,81.4,,,
21,Clay,05,6102,Spencer,31,111,142,78.2,,23,112,135,83,,22,111,133,83.5,,36,93,129,72.1,,20,89,109,81.7,,34,110,144,76.4,,21,113,134,84.3,,,
30,Dickinson,05,6120,Spirit Lake,6,58,64,90.6,,14,85,99,85.9,,14,44,58,75.9,,16,46,62,74.2,,13,62,75,82.7,,12,80,92,87,,16,76,92,82.6,,,
57,Linn,10,6138,Springville,2,20,22,90.9,,9,14,23,60.9,,7,24,31,77.4,,10,18,28,64.3,,4,13,17,76.5,,4,20,24,83.3,,3,24,27,88.9,,,
69,Montgomery,13,6165,Stanton,0,11,11,100,,1,16,17,94.1,,2,12,14,85.7,,7,9,16,56.3,,6,9,15,60,,2,19,21,90.5,,3,12,15,80,,,
33,Fayette,01,6175,Starmont,4,40,44,90.9,,8,29,37,78.4,,9,41,50,82,,12,29,41,70.7,,14,28,42,66.7,,5,23,28,82.1,,7,30,37,81.1,,,
11,Buena Vista,05,6219,Storm Lake,39,107,146,73.3,,64,107,171,62.6,,55,93,148,62.8,,48,100,148,67.6,,46,101,147,68.7,,45,91,136,66.9,,36,97,133,72.9,,,
40,Hamilton,05,6246,Stratford,3,13,16,81.3,,4,7,11,63.6,,small N,small N,small N,small N,,4,11,15,73.3,,0,0,0,,,0,0,0,,,0,0,0,,,,
39,Guthrie,11,6264,West Central Valley,14,52,66,78.8,,6,46,52,88.5,,5,50,55,90.9,,8,56,64,87.5,,12,49,61,80.3,,14,41,55,74.5,,10,50,60,83.3,,,
09,Bremer,07,6273,Sumner-Fredericksburg,14,52,66,78.8,,10,50,60,83.3,,10,46,56,82.1,,11,48,59,81.4,,13,36,49,73.5,,16,60,76,78.9,,6,51,57,89.5,,,
16,Cedar,10,6408,Tipton,12,51,63,81,,9,60,69,87,,6,63,69,91.3,,7,67,74,90.5,,9,61,70,87.1,,10,45,55,81.8,,13,47,60,78.3,,,
78,Pottawattamie,13,6453,Treynor,3,59,62,95.2,,10,53,63,84.1,,5,56,61,91.8,,8,53,61,86.9,,5,51,56,91.1,,3,54,57,94.7,,6,44,50,88,,,
78,Pottawattamie,13,6460,Tri-Center,4,38,42,90.5,,7,39,46,84.8,,9,40,49,81.6,,12,43,55,78.2,,9,42,51,82.4,,6,49,55,89.1,,6,40,46,87,,,
54,Keokuk,15,6462,Tri-County,9,6,15,40,,7,17,24,70.8,,6,6,12,50,,3,11,14,78.6,,3,13,16,81.3,,4,8,12,66.7,,2,16,18,88.9,,,
09,Bremer,07,6471,Tripoli,9,15,24,62.5,,8,24,32,75,,6,18,24,75,,4,30,34,88.2,,4,31,35,88.6,,8,25,33,75.8,,4,33,37,89.2,,,
96,Winneshiek,01,6509,Turkey Valley,2,17,19,89.5,,6,16,22,72.7,,0,20,20,100,,0,11,11,100,,5,23,28,82.1,,4,19,23,82.6,,4,21,25,84,,,
63,Marion,11,6512,Twin Cedars,6,21,27,77.8,,7,13,20,65,,4,13,17,76.5,,5,16,21,76.2,,5,17,22,77.3,,7,20,27,74.1,,5,28,33,84.8,,,
46,Humboldt,05,6516,Twin Rivers,small N,small N,small N,small N,,small N,small N,small N,small N,,small N,small N,small N,small N,,0,0,0,,,0,0,0,,,0,0,0,,,0,0,0,,,,
78,Pottawattamie,13,6534,Underwood,4,44,48,91.7,,12,34,46,73.9,,9,49,58,84.5,,10,44,54,81.5,,14,44,58,75.9,,16,47,63,74.6,,6,52,58,89.7,,,
07,Black Hawk,07,6536,Union,14,67,81,82.7,,6,48,54,88.9,,15,71,86,82.6,,22,55,77,71.4,,21,78,99,78.8,,22,75,97,77.3,,10,70,80,87.5,,,
08,Boone,11,6561,United,1,23,24,95.8,,3,27,30,90,,0,16,16,100,,1,14,15,93.3,,0,0,0,,,0,0,0,,,0,0,0,,,,
77,Polk,11,6579,Urbandale,45,212,257,82.5,,29,232,261,88.9,,43,219,262,83.6,,52,207,259,79.9,,50,246,296,83.1,,53,232,285,81.4,,67,236,303,77.9,,,
33,Fayette,01,6591,Valley,5,20,25,80,,7,21,28,75,,8,18,26,69.2,,7,23,30,76.7,,15,53,68,77.9,,15,63,78,80.8,,0,0,0,,,,
89,Van Buren,15,6592,Van Buren,10,17,27,63,,4,34,38,89.5,,12,25,37,67.6,,12,29,41,70.7,,4,35,39,89.7,,6,40,46,87,,11,30,41,73.2,,,
25,Dallas,11,6615,Van Meter,9,32,41,78,,4,43,47,91.5,,6,38,44,86.4,,9,37,46,80.4,,5,42,47,89.4,,4,45,49,91.8,,1,50,51,98,,,
17,Cerro Gordo,07,6633,Ventura,small N,small N,small N,small N,,2,10,12,83.3,,small N,small N,small N,small N,,1,16,17,94.1,,17,51,68,75,,20,55,75,73.3,,0,0,0,,,,
69,Montgomery,13,6651,Villisca,4,10,14,71.4,,6,19,25,76,,4,14,18,77.8,,14,26,40,65,,8,33,41,80.5,,12,27,39,69.2,,0,0,0,,,,
06,Benton,10,6660,Vinton-Shellsburg,12,99,111,89.2,,17,101,118,85.6,,18,86,104,82.7,,13,87,100,87,,18,86,104,82.7,,24,76,100,76,,23,103,126,81.7,,,
44,Henry,15,6700,Waco,7,20,27,74.1,,4,26,30,86.7,,5,20,25,80,,9,17,26,65.4,,9,27,36,75,,10,21,31,67.7,,0,19,19,100,,,
81,Sac,05,6741,East Sac County,19,55,74,74.3,,15,48,63,76.2,,13,44,57,77.2,,8,46,54,85.2,,3,56,59,94.9,,8,65,73,89,,19,45,64,70.3,,,
78,Pottawattamie,13,6750,Walnut,small N,small N,small N,small N,,small N,small N,small N,small N,,2,9,11,81.8,,small N,small N,small N,small N,,0,0,0,,,0,0,0,,,0,0,0,,,,
58,Louisa,15,6759,Wapello,12,19,31,61.3,,12,22,34,64.7,,7,20,27,74.1,,10,35,45,77.8,,15,40,55,72.7,,18,40,58,69,,10,35,45,77.8,,,
09,Bremer,07,6762,Wapsie Valley,13,47,60,78.3,,13,44,57,77.2,,17,44,61,72.1,,10,42,52,80.8,,11,44,55,80,,10,50,60,83.3,,8,41,49,83.7,,,
92,Washington,10,6768,Washington,31,59,90,65.6,,31,70,101,69.3,,25,75,100,75,,30,67,97,69.1,,27,105,132,79.5,,48,90,138,65.2,,15,92,107,86,,,
07,Black Hawk,07,6795,Waterloo,345,409,754,54.2,,297,429,726,59.1,,222,499,721,69.2,,240,431,671,64.2,,229,420,649,64.7,,225,393,618,63.6,,198,420,618,68,,,
25,Dallas,11,6822,Waukee,68,602,670,89.9,,75,550,625,88,,70,539,609,88.5,,70,530,600,88.3,,66,525,591,88.8,,53,539,592,91,,50,458,508,90.2,,,
09,Bremer,07,6840,Waverly-Shell Rock,13,122,135,90.4,,13,138,151,91.4,,21,118,139,84.9,,31,128,159,80.5,,23,119,142,83.8,,24,145,169,85.8,,16,137,153,89.5,,,
93,Wayne,15,6854,Wayne,5,28,33,84.8,,8,26,34,76.5,,9,31,40,77.5,,6,25,31,80.6,,7,35,42,83.3,,4,26,30,86.7,,2,21,23,91.3,,,
40,Hamilton,05,6867,Webster City,27,82,109,75.2,,23,78,101,77.2,,22,83,105,79,,11,84,95,88.4,,20,82,102,80.4,,29,92,121,76,,24,98,122,80.3,,,
74,Palo Alto,05,6921,West Bend-Mallard,3,18,21,85.7,,6,11,17,64.7,,4,17,21,81,,5,25,30,83.3,,9,15,24,62.5,,2,28,30,93.3,,5,24,29,82.8,,,
16,Cedar,10,6930,West Branch,6,36,42,85.7,,13,41,54,75.9,,9,42,51,82.4,,18,47,65,72.3,,16,41,57,71.9,,9,52,61,85.2,,7,49,56,87.5,,,
29,Des Moines,15,6937,West Burlington Ind,4,52,56,92.9,,14,57,71,80.3,,11,39,50,78,,10,50,60,83.3,,11,35,46,76.1,,19,45,64,70.3,,7,42,49,85.7,,,
33,Fayette,01,6943,West Central,1,13,14,92.9,,1,17,18,94.4,,6,13,19,68.4,,3,11,14,78.6,,4,11,15,73.3,,2,17,19,89.5,,6,23,29,79.3,,,
28,Delaware,01,6950,West Delaware County,17,87,104,83.7,,19,78,97,80.4,,23,75,98,76.5,,25,82,107,76.6,,9,78,87,89.7,,12,88,100,88,,26,88,114,77.2,,,
77,Polk,11,6957,West Des Moines,129,469,598,78.4,,116,465,581,80,,97,494,591,83.6,,115,521,636,81.9,,105,551,656,84,,95,506,601,84.2,,113,533,646,82.5,,,
31,Dubuque,01,6961,Western Dubuque,39,168,207,81.2,,35,176,211,83.4,,30,152,182,83.5,,38,172,210,81.9,,47,160,207,77.3,,45,173,218,79.4,,49,164,213,77,,,
43,Harrison,13,6969,West Harrison,2,14,16,87.5,,3,10,13,76.9,,4,16,20,80,,10,13,23,56.5,,6,15,21,71.4,,5,15,20,75,,6,17,23,73.9,,,
70,Muscatine,09,6975,West Liberty,25,57,82,69.5,,22,47,69,68.1,,26,60,86,69.8,,27,51,78,65.4,,13,71,84,84.5,,25,69,94,73.4,,13,62,75,82.7,,,
60,Lyon,12,6983,West Lyon,6,56,62,90.3,,9,61,70,87.1,,7,65,72,90.3,,6,54,60,90,,10,49,59,83.1,,13,45,58,77.6,,7,38,45,84.4,,,
64,Marshall,07,6985,West Marshall,2,63,65,96.9,,20,47,67,70.1,,11,55,66,83.3,,12,58,70,82.9,,8,56,64,87.5,,11,59,70,84.3,,7,45,52,86.5,,,
67,Monona,12,6987,West Monona,18,37,55,67.3,,10,41,51,80.4,,12,37,49,75.5,,25,26,51,51,,19,28,47,59.6,,3,27,30,90,,7,37,44,84.1,,,
84,Sioux,12,6990,West Sioux,14,38,52,73.1,,17,37,54,68.5,,14,36,50,72,,11,38,49,77.6,,11,43,54,79.6,,8,41,49,83.7,,4,35,39,89.7,,,
97,Woodbury,12,6992,Westwood,8,29,37,78.4,,4,32,36,88.9,,5,31,36,86.1,,7,12,19,63.2,,11,29,40,72.5,,8,27,35,77.1,,11,21,32,65.6,,,
67,Monona,12,7002,Whiting,7,12,19,63.2,,0,20,20,100,,5,9,14,64.3,,4,10,14,71.4,,small N,small N,small N,small N,,4,11,15,73.3,,0,11,11,100,,,
48,Iowa,10,7029,Williamsburg,13,59,72,81.9,,20,56,76,73.7,,25,48,73,65.8,,16,53,69,76.8,,11,45,56,80.4,,9,69,78,88.5,,13,65,78,83.3,,,
70,Muscatine,09,7038,Wilton,13,40,53,75.5,,6,49,55,89.1,,9,47,56,83.9,,20,43,63,68.3,,13,33,46,71.7,,16,36,52,69.2,,9,44,53,83,,,
44,Henry,15,7047,Winfield-Mt Union,7,22,29,75.9,,7,22,29,75.9,,2,22,24,91.7,,4,26,30,86.7,,8,17,25,68,,10,15,25,60,,9,25,34,73.5,,,
61,Madison,11,7056,Winterset,40,75,115,65.2,,23,100,123,81.3,,16,109,125,87.2,,6,86,92,93.5,,14,125,139,89.9,,22,101,123,82.1,,25,98,123,79.7,,,
43,Harrison,13,7092,Woodbine,5,25,30,83.3,,4,23,27,85.2,,7,29,36,80.6,,9,24,33,72.7,,2,20,22,90.9,,8,21,29,72.4,,5,18,23,78.3,,,
97,Woodbury,12,7098,Woodbury Central,7,34,41,82.9,,11,26,37,70.3,,5,33,38,86.8,,11,34,45,75.6,,5,33,38,86.8,,8,41,49,83.7,,5,39,44,88.6,,,
25,Dallas,11,7110,Woodward-Granger,6,46,52,88.5,,4,50,54,92.6,,9,44,53,83,,8,49,57,86,,7,48,55,87.3,,5,43,48,89.6,,11,39,50,78,,,
,,,,,,,,,,,,,,,,,,,,,,,,,,,,,,,,,,,,,,,,,
,,,,State,"7,592","25,345","32,937",77.0,,"7,616","24,908","32,524",76.6,,"7,057","25,242","32,299",78.2,,"7,763","24,390","32,153",75.9,,"7,432","24,625","32,057",76.8,,"7,630","24,815","32,445",76.5,,"6,029","25,467","31,496",80.9,,,
