,,,,,Grade 3,,,,,Grade 4,,,,,Grade 5,,,,,Grade 6,,,,,Grade 7,,,,,Grade 8,,,,,Grade 10,,,,,Grade 11,,,,,,,,,,,
County,County Name,AEA,District #,District Name,Not Proficient,Proficient,Total Tested,% Proficient,,Not Proficient,Proficient,Total Tested,% Proficient,,Not Proficient,Proficient,Total Tested,% Proficient,,Not Proficient,Proficient,Total Tested,% Proficient,,Not Proficient,Proficient,Total Tested,% Proficient,,Not Proficient,Proficient,Total Tested,% Proficient,,Not Proficient,Proficient,Total Tested,% Proficient,,Not Proficient,Proficient,Total Tested,% Proficient,,,,,,,,
42,Hardin,07,0009,AGWSR,6,35,41,85.4,,6,32,38,84.2,,3,43,46,93.5,,8,32,40,80.0,,1,40,41,97.6,,7,30,37,81.1,,1,25,26,96.2,,10,30,40,75.0,,,,,,,,
39,Guthrie,11,0018,Adair-Casey,1,15,16,93.8,,0,19,19,100.0,,2,13,15,86.7,,2,12,14,85.7,,9,47,56,83.9,,5,56,61,91.8,,0,0,0,,,0,0,0,,,,,,,,,
25,Dallas,11,0027,Adel DeSoto Minburn,22,121,143,84.6,,21,114,135,84.4,,19,120,139,86.3,,23,117,140,83.6,,10,115,125,92.0,,15,95,110,86.4,,8,110,118,93.2,,8,101,109,92.7,,,,,,,,
75,Plymouth,12,0063,Akron Westfield,1,34,35,97.1,,1,31,32,96.9,,9,36,45,80.0,,8,38,46,82.6,,5,30,35,85.7,,6,30,36,83.3,,3,37,40,92.5,,5,24,29,82.8,,,,,,,,
11,Buena Vista,05,0072,Albert City-Truesdale,1,12,13,92.3,,4,7,11,63.6,,3,10,13,76.9,,3,7,10,70.0,,0,0,0,,,0,0,0,,,0,0,0,,,0,0,0,,,,,,,,,
68,Monroe,15,0081,Albia,14,70,84,83.3,,20,75,95,78.9,,19,66,85,77.6,,17,73,90,81.1,,12,69,81,85.2,,17,73,90,81.1,,10,74,84,88.1,,14,57,71,80.3,,,,,,,,
57,Linn,10,0099,Alburnett,10,41,51,80.4,,10,35,45,77.8,,8,42,50,84.0,,12,34,46,73.9,,6,34,40,85.0,,7,39,46,84.8,,7,37,44,84.1,,9,40,49,81.6,,,,,,,,
42,Hardin,07,0108,Alden,4,25,29,86.2,,2,14,16,87.5,,4,12,16,75.0,,32,83,115,72.2,,0,0,0,,,0,0,0,,,0,0,0,,,0,0,0,,,,,,,,,
55,Kossuth,05,0126,Algona,17,75,92,81.5,,13,74,87,85.1,,24,78,102,76.5,,29,75,104,72.1,,17,88,105,83.8,,19,78,97,80.4,,8,89,97,91.8,,17,79,96,82.3,,,,,,,,
03,Allamakee,01,0135,Allamakee,10,53,63,84.1,,11,61,72,84.7,,10,64,74,86.5,,15,55,70,78.6,,1,65,66,98.5,,16,60,76,78.9,,9,66,75,88,,3,73,76,96.1,,,,,,,,
12,Butler,07,0153,North Butler,9,37,46,80.4,,10,47,57,82.5,,9,39,48,81.3,,11,35,46,76.1,,10,38,48,79.2,,3,46,49,93.9,,5,27,32,84.4,,5,46,51,90.2,,,,,,,,
11,Buena Vista,05,0171,Alta,8,26,34,76.5,,7,30,37,81.1,,0,0,0,,,0,0,0,,,0,0,0,,,0,0,0,,,12,43,55,78.2,,7,42,49,85.7,,,,,,,,
85,Story,11,0225,Ames,41,239,280,85.4,,40,264,304,86.8,,24,247,271,91.1,,42,235,277,84.8,,29,263,292,90.1,,50,274,324,84.6,,20,257,277,92.8,,22,278,300,92.7,,,,,,,,
53,Jones,10,0234,Anamosa,20,54,74,73.0,,29,53,82,64.6,,16,63,79,79.7,,22,73,95,76.8,,9,69,78,88.5,,20,77,97,79.4,,14,80,94,85.1,,18,69,87,79.3,,,,,,,,
49,Jackson,09,0243,Andrew,2,11,13,84.6,,0,17,17,100.0,,small N,small N,small N,small N,,5,8,13,61.5,,small N,small N,small N,small N,,3,9,12,75.0,,0,0,0,,,0,0,0,,,,,,,,,
77,Polk,11,0261,Ankeny,69,706,775,91.1,,73,738,811,91.0,,75,714,789,90.5,,101,746,847,88.1,,52,775,827,93.7,,103,706,809,87.3,,42,712,754,94.4,,50,649,699,92.8,,,,,,,,
12,Butler,07,0279,Aplington-Parkersburg,15,46,61,75.4,,13,49,62,79.0,,13,47,60,78.3,,10,41,51,80.4,,13,53,66,80.3,,14,37,51,72.5,,12,61,73,83.6,,7,49,56,87.5,,,,,,,,
32,Emmet,05,0333,North Union,3,23,26,88.5,,1,23,24,95.8,,10,18,28,64.3,,0,0,0,,,0,0,0,,,0,0,0,,,8,44,52,84.6,,12,25,37,67.6,,,,,,,,
24,Crawford,12,0355,Ar-We-Va,2,10,12,83.3,,0,17,17,100.0,,8,9,17,52.9,,small N,small N,small N,small N,,2,11,13,84.6,,2,11,13,84.6,,3,13,16,81.3,,1,11,12,91.7,,,,,,,,
15,Cass,13,0387,Atlantic,9,86,95,90.5,,16,87,103,84.5,,21,92,113,81.4,,17,77,94,81.9,,16,97,113,85.8,,11,69,80,86.3,,7,89,96,92.7,,10,71,81,87.7,,,,,,,,
05,Audubon,11,0414,Audubon,9,30,39,76.9,,3,34,37,91.9,,7,28,35,80.0,,3,29,32,90.6,,3,30,33,90.9,,3,31,34,91.2,,6,31,37,83.8,,0,27,27,100.0,,,,,,,,
18,Cherokee,12,0423,Aurelia,5,10,15,66.7,,1,13,14,92.9,,18,35,53,66.0,,14,28,42,66.7,,4,51,55,92.7,,4,41,45,91.1,,0,0,0,,,0,0,0,,,,,,,,,
78,Pottawattamie,13,0441,AHSTW,14,32,46,69.6,,12,37,49,75.5,,12,34,46,73.9,,4,40,44,90.9,,7,31,38,81.6,,6,37,43,86.0,,3,46,49,93.9,,8,38,46,82.6,,,,,,,,
85,Story,11,0472,Ballard,16,113,129,87.6,,24,87,111,78.4,,15,106,121,87.6,,16,86,102,84.3,,22,84,106,79.2,,29,83,112,74.1,,20,112,132,84.8,,10,105,115,91.3,,,,,,,,
47,Ida,12,0504,Battle Creek-Ida Grove,0,37,37,100.0,,10,40,50,80.0,,8,41,49,83.7,,0,0,0,,,0,0,0,,,0,0,0,,,8,73,81,90.1,,9,52,61,85.2,,,,,,,,
50,Jasper,11,0513,Baxter,3,17,20,85.0,,8,21,29,72.4,,14,16,30,53.3,,14,19,33,57.6,,10,30,40,75.0,,4,15,19,78.9,,6,26,32,81.3,,4,28,32,87.5,,,,,,,,
38,Grundy,07,0540,BCLUW,11,24,35,68.6,,6,34,40,85.0,,13,37,50,74.0,,13,32,45,71.1,,4,37,41,90.2,,2,44,46,95.7,,5,29,34,85.3,,12,46,58,79.3,,,,,,,,
87,Taylor,13,0549,Bedford,3,21,24,87.5,,2,31,33,93.9,,3,25,28,89.3,,4,34,38,89.5,,3,23,26,88.5,,1,25,26,96.2,,4,27,31,87.1,,2,23,25,92.0,,,,,,,,
06,Benton,10,0576,Belle Plaine,5,28,33,84.8,,2,22,24,91.7,,12,22,34,64.7,,6,19,25,76.0,,10,29,39,74.4,,13,32,45,71.1,,11,28,39,71.8,,4,42,46,91.3,,,,,,,,
49,Jackson,09,0585,Bellevue,1,35,36,97.2,,3,40,43,93.0,,4,34,38,89.5,,11,42,53,79.2,,6,39,45,86.7,,14,34,48,70.8,,13,51,64,79.7,,7,54,61,88.5,,,,,,,,
99,Wright,07,0594,Belmond-Klemme,12,29,41,70.7,,13,51,64,79.7,,18,32,50,64.0,,19,22,41,53.7,,11,43,54,79.6,,10,47,57,82.5,,5,36,41,87.8,,5,27,32,84.4,,,,,,,,
16,Cedar,09,0603,Bennett,3,10,13,76.9,,small N,small N,small N,small N,,small N,small N,small N,small N,,small N,small N,small N,small N,,0,0,0,,,0,0,0,,,0,0,0,,,0,0,0,,,,,,,,,
06,Benton,10,0609,Benton,21,75,96,78.1,,18,82,100,82.0,,12,83,95,87.4,,26,81,107,75.7,,16,82,98,83.7,,21,96,117,82.1,,10,82,92,89.1,,5,101,106,95.3,,,,,,,,
82,Scott,09,0621,Bettendorf,34,258,292,88.4,,25,277,302,91.7,,35,247,282,87.6,,56,255,311,82.0,,61,283,344,82.3,,80,262,342,76.6,,45,305,350,87.1,,30,321,351,91.5,,,,,,,,
90,Wapello,15,0657,Eddyville-Blakesburg-,14,51,65,78.5,,17,43,60,71.7,,25,38,63,60.3,,13,54,67,80.6,,10,49,59,83.1,,23,48,71,67.6,,14,48,62,77.4,,11,67,78,85.9,,,,,,,,
77,Polk,11,0720,Bondurant-Farrar,31,139,170,81.8,,35,123,158,77.8,,22,143,165,86.7,,28,128,156,82.1,,16,136,152,89.5,,21,111,132,84.1,,11,123,134,91.8,,20,96,116,82.8,,,,,,,,
08,Boone,11,0729,Boone,29,85,114,74.6,,25,102,127,80.3,,39,87,126,69.0,,44,80,124,64.5,,17,105,122,86.1,,33,103,136,75.7,,18,120,138,87,,24,121,145,83.4,,,,,,,,
84,Sioux,12,0747,Boyden-Hull,10,26,36,72.2,,9,27,36,75.0,,12,27,39,69.2,,7,43,50,86.0,,8,44,52,84.6,,7,42,49,85.7,,4,43,47,91.5,,4,44,48,91.7,,,,,,,,
41,Hancock,07,0819,West Hancock,7,39,46,84.8,,6,27,33,81.8,,5,31,36,86.1,,3,41,44,93.2,,2,38,40,95.0,,10,31,41,75.6,,3,41,44,93.2,,2,29,31,93.5,,,,,,,,
79,Poweshiek,07,0846,Brooklyn-Guernsey-Malcom,4,32,36,88.9,,1,46,47,97.9,,7,28,35,80.0,,1,35,36,97.2,,5,37,42,88.1,,10,25,35,71.4,,2,37,39,94.9,,6,38,44,86.4,,,,,,,,
95,Winnebago,07,0873,North Iowa,7,34,41,82.9,,2,26,28,92.9,,9,19,28,67.9,,13,17,30,56.7,,12,17,29,58.6,,9,22,31,71.0,,9,26,35,74.3,,11,21,32,65.6,,,,,,,,
29,Des Moines,15,0882,Burlington,62,153,215,71.2,,99,122,221,55.2,,110,137,247,55.5,,89,132,221,59.7,,62,136,198,68.7,,88,135,223,60.5,,83,158,241,65.6,,81,113,194,58.2,,,,,,,,
15,Cass,13,0914,CAM,9,32,41,78.0,,12,23,35,65.7,,16,36,52,69.2,,11,31,42,73.8,,7,39,46,84.8,,18,37,55,67.3,,19,47,66,71.2,,15,62,77,80.5,,,,,,,,
35,Franklin,07,0916,CAL,7,5,12,41.7,,small N,small N,small N,small N,,4,12,16,75.0,,4,13,17,76.5,,3,12,15,80.0,,7,8,15,53.3,,1,11,12,91.7,,3,8,11,72.7,,,,,,,,
23,Clinton,09,0918,Calamus-Wheatland,4,30,34,88.2,,4,38,42,90.5,,8,25,33,75.8,,8,27,35,77.1,,5,26,31,83.9,,9,19,28,67.9,,4,32,36,88.9,,3,40,43,93.0,,,,,,,,
23,Clinton,09,0936,Camanche,16,59,75,78.7,,10,47,57,82.5,,15,58,73,79.5,,20,44,64,68.8,,14,67,81,82.7,,25,42,67,62.7,,21,51,72,70.8,,6,58,64,90.6,,,,,,,,
90,Wapello,15,0977,Cardinal,9,43,52,82.7,,18,42,60,70.0,,16,40,56,71.4,,15,39,54,72.2,,0,0,0,,,0,0,0,,,20,35,55,63.6,,12,29,41,70.7,,,,,,,,
91,Warren,11,0981,Carlisle,26,108,134,80.6,,23,146,169,86.4,,44,117,161,72.7,,35,105,140,75.0,,25,125,150,83.3,,27,109,136,80.1,,20,123,143,86,,25,132,157,84.1,,,,,,,,
14,Carroll,11,0999,Carroll,25,93,118,78.8,,22,114,136,83.8,,20,105,125,84.0,,15,116,131,88.5,,12,117,129,90.7,,18,94,112,83.9,,9,95,104,91.3,,13,86,99,86.9,,,,,,,,
07,Black Hawk,07,1044,Cedar Falls,40,327,367,89.1,,56,322,378,85.2,,63,347,410,84.6,,54,319,373,85.5,,26,348,374,93.0,,47,354,401,88.3,,26,325,351,92.6,,44,292,336,86.9,,,,,,,,
57,Linn,10,1053,Cedar Rapids,285,688,973,70.7,,320,677,997,67.9,,297,685,982,69.8,,344,599,943,63.5,,278,676,954,70.9,,352,611,963,63.4,,226,812,1038,78.2,,207,773,980,78.9,,,,,,,,
57,Linn,10,1062,Center Point-Urbana,13,96,109,88.1,,30,71,101,70.3,,29,82,111,73.9,,13,107,120,89.2,,15,93,108,86.1,,6,100,106,94.3,,11,118,129,91.5,,2,99,101,98.0,,,,,,,,
04,Appanoose,15,1071,Centerville,17,76,93,81.7,,27,73,100,73.0,,23,63,86,73.3,,31,58,89,65.2,,23,70,93,75.3,,26,62,88,70.5,,19,79,98,80.6,,15,63,78,80.8,,,,,,,,
56,Lee,15,1079,Central Lee,15,65,80,81.3,,19,58,77,75.3,,15,74,89,83.1,,21,48,69,69.6,,9,73,82,89.0,,24,53,77,68.8,,14,57,71,80.3,,11,64,75,85.3,,,,,,,,
22,Clayton,01,1080,Central,2,17,19,89.5,,6,28,34,82.4,,14,18,32,56.3,,12,20,32,62.5,,6,27,33,81.8,,9,22,31,71.0,,1,28,29,96.6,,8,20,28,71.4,,,,,,,,
23,Clinton,09,1082,Central DeWitt,19,72,91,79.1,,19,81,100,81.0,,19,75,94,79.8,,20,73,93,78.5,,10,95,105,90.5,,18,84,102,82.4,,11,119,130,91.5,,14,98,112,87.5,,,,,,,,
57,Linn,10,1089,Central City,2,19,21,90.5,,7,25,32,78.1,,6,26,32,81.3,,10,24,34,70.6,,9,20,29,69.0,,10,20,30,66.7,,13,18,31,58.1,,7,26,33,78.8,,,,,,,,
27,Decatur,13,1093,Central Decatur,10,40,50,80.0,,14,36,50,72.0,,11,49,60,81.7,,11,35,46,76.1,,9,51,60,85.0,,7,45,52,86.5,,6,24,30,80,,10,34,44,77.3,,,,,,,,
60,Lyon,12,1095,Central Lyon,8,47,55,85.5,,13,39,52,75.0,,11,48,59,81.4,,15,44,59,74.6,,7,52,59,88.1,,6,39,45,86.7,,6,46,52,88.5,,3,40,43,93.0,,,,,,,,
59,Lucas,15,1107,Chariton,18,59,77,76.6,,23,64,87,73.6,,23,72,95,75.8,,26,61,87,70.1,,15,67,82,81.7,,35,47,82,57.3,,20,70,90,77.8,,13,72,85,84.7,,,,,,,,
34,Floyd,07,1116,Charles City,33,51,84,60.7,,30,69,99,69.7,,40,66,106,62.3,,42,62,104,59.6,,40,65,105,61.9,,44,66,110,60.0,,34,89,123,72.4,,18,77,95,81.1,,,,,,,,
24,Crawford,12,1134,Charter Oak-Ute,2,16,18,88.9,,5,11,16,68.8,,3,24,27,88.9,,11,5,16,31.3,,4,8,12,66.7,,7,9,16,56.3,,0,0,0,,,0,0,0,,,,,,,,,
18,Cherokee,12,1152,Cherokee,20,64,84,76.2,,21,57,78,73.1,,20,51,71,71.8,,20,57,77,74.0,,14,67,81,82.7,,19,55,74,74.3,,14,54,68,79.4,,2,58,60,96.7,,,,,,,,
73,Page,13,1197,Clarinda,12,61,73,83.6,,15,63,78,80.8,,31,39,70,55.7,,32,53,85,62.4,,12,65,77,84.4,,15,51,66,77.3,,8,56,64,87.5,,7,49,56,87.5,,,,,,,,
99,Wright,05,1206,Clarion-Goldfield-Dows,10,50,60,83.3,,22,45,67,67.2,,16,48,64,75.0,,9,58,67,86.6,,10,51,61,83.6,,8,52,60,86.7,,7,46,53,86.8,,15,53,68,77.9,,,,,,,,
20,Clarke,13,1211,Clarke,37,71,108,65.7,,28,73,101,72.3,,36,63,99,63.6,,31,74,105,70.5,,29,59,88,67.0,,21,68,89,76.4,,21,61,82,74.4,,17,70,87,80.5,,,,,,,,
12,Butler,07,1215,Clarksville,2,16,18,88.9,,2,20,22,90.9,,7,19,26,73.1,,7,17,24,70.8,,1,17,18,94.4,,5,15,20,75.0,,5,18,23,78.3,,3,17,20,85.0,,,,,,,,
21,Clay,05,1218,Clay Central-Everly,1,15,16,93.8,,5,12,17,70.6,,1,14,15,93.3,,2,12,14,85.7,,3,12,15,80.0,,5,19,24,79.2,,1,11,12,91.7,,6,19,25,76.0,,,,,,,,
52,Johnson,10,1221,Clear Creek Amana,26,120,146,82.2,,26,134,160,83.8,,30,138,168,82.1,,27,130,157,82.8,,21,125,146,85.6,,35,114,149,76.5,,13,104,117,88.9,,26,106,132,80.3,,,,,,,,
17,Cerro Gordo,07,1233,Clear Lake,19,75,94,79.8,,11,87,98,88.8,,14,81,95,85.3,,9,83,92,90.2,,8,86,94,91.5,,20,63,83,75.9,,11,80,91,87.9,,9,76,85,89.4,,,,,,,,
23,Clinton,09,1278,Clinton,33,187,220,85.0,,41,159,200,79.5,,49,172,221,77.8,,55,175,230,76.1,,28,184,212,86.8,,63,134,197,68.0,,42,170,212,80.2,,53,153,206,74.3,,,,,,,,
50,Jasper,11,1332,Colfax-Mingo,10,22,32,68.8,,15,34,49,69.4,,14,37,51,72.5,,9,41,50,82.0,,7,34,41,82.9,,14,31,45,68.9,,14,52,66,78.8,,5,42,47,89.4,,,,,,,,
57,Linn,10,1337,College,97,302,399,75.7,,83,286,369,77.5,,114,273,387,70.5,,125,299,424,70.5,,87,321,408,78.7,,96,312,408,76.5,,52,315,367,85.8,,64,258,322,80.1,,,,,,,,
85,Story,11,1350,Collins-Maxwell,9,21,30,70.0,,9,22,31,71.0,,7,14,21,66.7,,17,20,37,54.1,,5,19,24,79.2,,4,22,26,84.6,,6,25,31,80.6,,0,27,27,100.0,,,,,,,,
85,Story,11,1359,Colo-NESCO,3,15,18,83.3,,4,24,28,85.7,,4,28,32,87.5,,6,24,30,80.0,,6,21,27,77.8,,14,24,38,63.2,,11,24,35,68.6,,5,26,31,83.9,,,,,,,,
58,Louisa,09,1368,Columbus,14,31,45,68.9,,16,26,42,61.9,,26,25,51,49.0,,22,24,46,52.2,,17,21,38,55.3,,24,17,41,41.5,,23,22,45,48.9,,13,29,42,69.0,,,,,,,,
14,Carroll,11,1413,Coon Rapids-Bayard,5,24,29,82.8,,7,28,35,80.0,,4,19,23,82.6,,3,18,21,85.7,,4,18,22,81.8,,7,24,31,77.4,,4,23,27,85.2,,3,23,26,88.5,,,,,,,,
02,Adams,13,1431,Corning,2,24,26,92.3,,8,22,30,73.3,,9,28,37,75.7,,0,0,0,,,0,0,0,,,0,0,0,,,17,28,45,62.2,,4,31,35,88.6,,,,,,,,
78,Pottawattamie,13,1476,Council Bluffs,184,393,577,68.1,,198,361,559,64.6,,182,378,560,67.5,,236,377,613,61.5,,156,439,595,73.8,,180,356,536,66.4,,170,385,555,69.4,,150,326,476,68.5,,,,,,,,
88,Union,13,1503,Creston,41,54,95,56.8,,21,79,100,79.0,,36,63,99,63.6,,33,70,103,68.0,,11,94,105,89.5,,28,61,89,68.5,,22,71,93,76.3,,15,78,93,83.9,,,,,,,,
25,Dallas,11,1576,Dallas Center-Grimes,22,215,237,90.7,,25,184,209,88.0,,25,187,212,88.2,,13,208,221,94.1,,11,193,204,94.6,,18,165,183,90.2,,30,154,184,83.7,,25,151,176,85.8,,,,,,,,
29,Des Moines,15,1602,Danville,0,42,42,100.0,,6,39,45,86.7,,9,42,51,82.4,,11,50,61,82.0,,5,35,40,87.5,,3,40,43,93.0,,8,43,51,84.3,,11,37,48,77.1,,,,,,,,
82,Scott,09,1611,Davenport,291,589,880,66.9,,348,601,949,63.3,,370,569,939,60.6,,326,511,837,61.1,,267,640,907,70.6,,377,541,918,58.9,,281,632,913,69.2,,268,614,882,69.6,,,,,,,,
26,Davis,15,1619,Davis County,24,60,84,71.4,,23,75,98,76.5,,32,65,97,67.0,,35,66,101,65.3,,25,79,104,76.0,,31,51,82,62.2,,21,57,78,73.1,,10,73,83,88.0,,,,,,,,
96,Winneshiek,01,1638,Decorah Community,12,89,101,88.1,,10,98,108,90.7,,22,80,102,78.4,,10,93,103,90.3,,9,107,116,92.2,,20,112,132,84.8,,10,126,136,92.6,,5,127,132,96.2,,,,,,,,
23,Clinton,09,1675,Delwood,1,12,13,92.3,,0,19,19,100.0,,0,15,15,100.0,,2,26,28,92.9,,0,0,0,,,0,0,0,,,0,0,0,,,0,0,0,,,,,,,,,
24,Crawford,12,1701,Denison,53,87,140,62.1,,34,111,145,76.6,,24,116,140,82.9,,36,95,131,72.5,,38,113,151,74.8,,43,121,164,73.8,,34,152,186,81.7,,26,130,156,83.3,,,,,,,,
09,Bremer,07,1719,Denver,5,49,54,90.7,,4,54,58,93.1,,0,62,62,100.0,,3,56,59,94.9,,0,59,59,100.0,,5,54,59,91.5,,2,49,51,96.1,,0,51,51,100.0,,,,,,,,
77,Polk,11,1737,Des Moines Independent,830,"1,216","2,046",59.4,,937,"1,180","2,117",55.7,,988,"1,220","2,208",55.3,,847,"1,027","1,874",54.8,,681,"1,288","1,969",65.4,,856,"1,132","1,988",56.9,,711,1199,1910,62.8,,712,"1,030","1,742",59.1,,,,,,,,
80,Ringgold,13,1782,Diagonal,small N,small N,small N,small N,,small N,small N,small N,small N,,small N,small N,small N,small N,,3,8,11,72.7,,1,10,11,90.9,,small N,small N,small N,small N,,small N,small N,small N,small N,,small N,small N,small N,small N,,,,,,,,
38,Grundy,07,1791,Dike-New Hartford,5,36,41,87.8,,8,56,64,87.5,,11,66,77,85.7,,8,54,62,87.1,,9,48,57,84.2,,10,53,63,84.1,,7,53,60,88.3,,7,56,63,88.9,,,,,,,,
31,Dubuque,01,1863,Dubuque,173,487,660,73.8,,192,526,718,73.3,,213,527,740,71.2,,194,459,653,70.3,,163,550,713,77.1,,179,501,680,73.7,,141,585,726,80.6,,114,589,703,83.8,,,,,,,,
07,Black Hawk,07,1908,Dunkerton,7,12,19,63.2,,5,25,30,83.3,,4,30,34,88.2,,10,18,28,64.3,,7,22,29,75.9,,10,27,37,73.0,,9,20,29,69,,8,20,28,71.4,,,,,,,,
43,Harrison,13,1917,Boyer Valley,5,22,27,81.5,,8,25,33,75.8,,4,23,27,85.2,,2,27,29,93.1,,8,21,29,72.4,,9,19,28,67.9,,3,26,29,89.7,,3,26,29,89.7,,,,,,,,
16,Cedar,09,1926,Durant,10,31,41,75.6,,12,28,40,70.0,,15,33,48,68.8,,17,32,49,65.3,,19,31,50,62.0,,13,47,60,78.3,,12,35,47,74.5,,5,42,47,89.4,,,,,,,,
99,Wright,05,1944,Eagle Grove,11,41,52,78.8,,16,47,63,74.6,,21,51,72,70.8,,19,44,63,69.8,,8,44,52,84.6,,13,39,52,75.0,,11,51,62,82.3,,12,42,54,77.8,,,,,,,,
61,Madison,11,1953,Earlham,4,32,36,88.9,,7,46,53,86.8,,2,30,32,93.8,,3,36,39,92.3,,0,28,28,100.0,,9,40,49,81.6,,12,38,50,76,,6,38,44,86.4,,,,,,,,
10,Buchanan,07,1963,East Buchanan,5,26,31,83.9,,12,31,43,72.1,,8,37,45,82.2,,18,31,49,63.3,,10,29,39,74.4,,7,31,38,81.6,,5,37,42,88.1,,4,29,33,87.9,,,,,,,,
49,Jackson,09,1965,Easton Valley,10,22,32,68.8,,6,23,29,79.3,,6,23,29,79.3,,10,31,41,75.6,,3,36,39,92.3,,7,33,40,82.5,,4,28,32,87.5,,4,30,34,88.2,,,,,,,,
64,Marshall,07,1968,East Marshall,11,46,57,80.7,,8,52,60,86.7,,9,52,61,85.2,,12,39,51,76.5,,5,49,54,90.7,,7,55,62,88.7,,7,42,49,85.7,,9,44,53,83.0,,,,,,,,
88,Union,13,1970,East Union,10,21,31,67.7,,11,32,43,74.4,,9,27,36,75.0,,16,21,37,56.8,,6,27,33,81.8,,15,24,39,61.5,,9,25,34,73.5,,10,17,27,63.0,,,,,,,,
03,Allamakee,01,1972,Eastern Allamakee,2,13,15,86.7,,2,22,24,91.7,,2,19,21,90.5,,2,23,25,92.0,,7,14,21,66.7,,4,28,32,87.5,,0,39,39,100,,1,24,25,96.0,,,,,,,,
97,Woodbury,12,1975,River Valley,8,18,26,69.2,,9,21,30,70.0,,10,18,28,64.3,,8,19,27,70.4,,6,26,32,81.3,,7,22,29,75.9,,3,23,26,88.5,,7,26,33,78.8,,,,,,,,
28,Delaware,01,1989,Edgewood-Colesburg,6,27,33,81.8,,6,30,36,83.3,,14,22,36,61.1,,11,21,32,65.6,,9,26,35,74.3,,9,38,47,80.9,,4,27,31,87.1,,4,32,36,88.9,,,,,,,,
42,Hardin,07,2007,Eldora-New Providence,15,35,50,70.0,,5,33,38,86.8,,6,21,27,77.8,,0,0,0,,,0,0,0,,,0,0,0,,,13,45,58,77.6,,10,63,73,86.3,,,,,,,,
74,Palo Alto,05,2088,Emmetsburg,7,38,45,84.4,,12,33,45,73.3,,19,24,43,55.8,,36,33,69,47.8,,10,44,54,81.5,,16,38,54,70.4,,6,58,64,90.6,,7,44,51,86.3,,,,,,,,
48,Iowa,10,2097,English Valleys,10,24,34,70.6,,8,17,25,68.0,,6,22,28,78.6,,5,27,32,84.4,,8,26,34,76.5,,15,27,42,64.3,,3,26,29,89.7,,7,29,36,80.6,,,,,,,,
73,Page,13,2113,Essex,3,11,14,78.6,,3,8,11,72.7,,5,5,10,50.0,,5,7,12,58.3,,2,13,15,86.7,,1,11,12,91.7,,2,10,12,83.3,,1,16,17,94.1,,,,,,,,
32,Emmet,05,2124,Estherville Lincoln,32,58,90,64.4,,33,56,89,62.9,,33,54,87,62.1,,25,72,97,74.2,,26,63,89,70.8,,26,82,108,75.9,,13,71,84,84.5,,17,61,78,78.2,,,,,,,,
83,Shelby,11,2151,Exira-Elk Horn-,4,22,26,84.6,,7,17,24,70.8,,11,14,25,56.0,,3,18,21,85.7,,5,23,28,82.1,,11,13,24,54.2,,4,35,39,89.7,,1,20,21,95.2,,,,,,,,
51,Jefferson,15,2169,Fairfield,0,0,0,,,0,0,0,,,36,63,99,63.6,,30,89,119,74.8,,20,103,123,83.7,,20,82,102,80.4,,26,94,120,78.3,,28,76,104,73.1,,,,,,,,
95,Winnebago,07,2295,Forest City,20,58,78,74.4,,14,47,61,77.0,,18,53,71,74.6,,25,58,83,69.9,,4,64,68,94.1,,13,56,69,81.2,,15,76,91,83.5,,8,65,73,89.0,,,,,,,,
94,Webster,05,2313,Fort Dodge,81,145,226,64.2,,126,136,262,51.9,,104,131,235,55.7,,114,114,228,50.0,,80,169,249,67.9,,104,137,241,56.8,,71,169,240,70.4,,66,146,212,68.9,,,,,,,,
56,Lee,15,2322,Fort Madison,26,92,118,78.0,,37,75,112,67.0,,53,80,133,60.2,,42,72,114,63.2,,39,86,125,68.8,,44,80,124,64.5,,21,102,123,82.9,,34,96,130,73.8,,,,,,,,
36,Fremont,13,2369,Fremont-Mills,3,29,32,90.6,,12,29,41,70.7,,7,33,40,82.5,,4,32,36,88.9,,3,22,25,88.0,,6,24,30,80.0,,10,27,37,73,,4,28,32,87.5,,,,,,,,
47,Ida,12,2376,Galva-Holstein,3,26,29,89.7,,3,28,31,90.3,,7,26,33,78.8,,0,0,0,,,0,0,0,,,0,0,0,,,5,34,39,87.2,,6,42,48,87.5,,,,,,,,
41,Hancock,07,2403,Garner-Hayfield-Ventura,11,50,61,82.0,,11,63,74,85.1,,23,53,76,69.7,,15,54,69,78.3,,15,60,75,80.0,,23,46,69,66.7,,3,62,65,95.4,,9,70,79,88.6,,,,,,,,
60,Lyon,12,2457,George-Little Rock,3,27,30,90.0,,5,13,18,72.2,,12,12,24,50.0,,9,26,35,74.3,,11,24,35,68.6,,10,17,27,63.0,,3,24,27,88.9,,6,32,38,84.2,,,,,,,,
85,Story,11,2466,Gilbert,3,96,99,97.0,,3,105,108,97.2,,1,90,91,98.9,,5,109,114,95.6,,2,122,124,98.4,,12,102,114,89.5,,4,102,106,96.2,,2,112,114,98.2,,,,,,,,
46,Humboldt,05,2493,Gilmore City-Bradgate,6,6,12,50.0,,small N,small N,small N,small N,,small N,small N,small N,small N,,small N,small N,small N,small N,,0,0,0,,,0,0,0,,,0,0,0,,,0,0,0,,,,,,,,,
38,Grundy,07,2502,Gladbrook-Reinbeck,4,31,35,88.6,,3,28,31,90.3,,3,27,30,90.0,,8,20,28,71.4,,2,27,29,93.1,,0,28,28,100.0,,4,27,31,87.1,,6,33,39,84.6,,,,,,,,
65,Mills,13,2511,Glenwood,10,126,136,92.6,,29,127,156,81.4,,32,81,113,71.7,,12,123,135,91.1,,16,140,156,89.7,,10,121,131,92.4,,26,125,151,82.8,,31,128,159,80.5,,,,,,,,
14,Carroll,11,2520,Glidden-Ralston,5,15,20,75.0,,4,23,27,85.2,,5,16,21,76.2,,4,14,18,77.8,,4,14,18,77.8,,6,14,20,70.0,,3,23,26,88.5,,4,21,25,84.0,,,,,,,,
74,Palo Alto,05,2556,Graettinger-Terril,1,25,26,96.2,,2,21,23,91.3,,10,12,22,54.5,,7,15,22,68.2,,4,21,25,84.0,,7,14,21,66.7,,6,15,21,71.4,,4,24,28,85.7,,,,,,,,
01,Adair,13,2673,Nodaway Valley,12,29,41,70.7,,11,35,46,76.1,,16,33,49,67.3,,13,43,56,76.8,,5,30,35,85.7,,12,33,45,73.3,,5,38,43,88.4,,8,43,51,84.3,,,,,,,,
86,Tama,07,2682,GMG,6,26,32,81.3,,7,34,41,82.9,,8,32,40,80.0,,6,38,44,86.4,,2,33,35,94.3,,9,32,41,78.0,,7,30,37,81.1,,7,34,41,82.9,,,,,,,,
79,Poweshiek,07,2709,Grinnell-Newburg,21,101,122,82.8,,18,110,128,85.9,,21,84,105,80.0,,17,96,113,85.0,,12,102,114,89.5,,12,95,107,88.8,,10,117,127,92.1,,13,105,118,89.0,,,,,,,,
15,Cass,13,2718,Griswold,12,21,33,63.6,,2,30,32,93.8,,7,35,42,83.3,,8,30,38,78.9,,1,27,28,96.4,,9,28,37,75.7,,5,22,27,81.5,,8,30,38,78.9,,,,,,,,
38,Grundy,07,2727,Grundy Center,2,44,46,95.7,,8,50,58,86.2,,8,41,49,83.7,,15,44,59,74.6,,6,37,43,86.0,,3,52,55,94.5,,1,48,49,98,,3,42,45,93.3,,,,,,,,
39,Guthrie,11,2754,Guthrie Center,3,29,32,90.6,,2,28,30,93.3,,9,30,39,76.9,,4,28,32,87.5,,0,0,0,,,0,0,0,,,5,55,60,91.7,,9,40,49,81.6,,,,,,,,
22,Clayton,01,2763,Clayton Ridge,12,31,43,72.1,,6,31,37,83.8,,25,40,65,61.5,,16,24,40,60.0,,10,40,50,80.0,,12,32,44,72.7,,13,48,61,78.7,,13,46,59,78.0,,,,,,,,
48,Iowa,10,2766,H-L-V,7,18,25,72.0,,4,21,25,84.0,,3,18,21,85.7,,4,22,26,84.6,,3,17,20,85.0,,3,17,20,85.0,,3,20,23,87,,3,20,23,87.0,,,,,,,,
48,Iowa,13,2772,Hamburg,6,8,14,57.1,,1,13,14,92.9,,5,8,13,61.5,,3,11,14,78.6,,4,11,15,73.3,,2,11,13,84.6,,0,0,0,,,0,0,0,,,,,,,,,
35,Franklin,07,2781,Hampton-Dumont,15,72,87,82.8,,25,65,90,72.2,,32,70,102,68.6,,26,53,79,67.1,,22,59,81,72.8,,21,76,97,78.4,,12,66,78,84.6,,15,85,100,85.0,,,,,,,,
83,Shelby,13,2826,Harlan,18,70,88,79.5,,28,74,102,72.5,,30,77,107,72.0,,5,88,93,94.6,,3,101,104,97.1,,9,111,120,92.5,,8,102,110,92.7,,9,101,110,91.8,,,,,,,,
89,Van Buren,15,2834,Harmony,small N,small N,small N,small N,,3,14,17,82.4,,2,12,14,85.7,,12,13,25,52.0,,0,0,0,,,0,0,0,,,0,0,0,,,0,0,0,,,,,,,,,
30,Dickinson,05,2846,Harris-Lake Park,4,19,23,82.6,,0,15,15,100.0,,5,27,32,84.4,,2,24,26,92.3,,1,20,21,95.2,,5,18,23,78.3,,2,16,18,88.9,,0,22,22,100.0,,,,,,,,
71,O'Brien,12,2862,Hartley-Melvin-Sanborn,19,32,51,62.7,,6,32,38,84.2,,17,27,44,61.4,,13,39,52,75.0,,4,44,48,91.7,,4,28,32,87.5,,3,40,43,93,,3,44,47,93.6,,,,,,,,
92,Washington,10,2977,Highland,13,25,38,65.8,,13,23,36,63.9,,13,27,40,67.5,,9,39,48,81.3,,2,41,43,95.3,,11,33,44,75.0,,4,43,47,91.5,,10,38,48,79.2,,,,,,,,
75,Plymouth,12,2988,Hinton,11,39,50,78.0,,6,42,48,87.5,,14,54,68,79.4,,9,37,46,80.4,,7,53,60,88.3,,0,0,0,,,3,41,44,93.2,,6,50,56,89.3,,,,,,,,
45,Howard,01,3029,Howard-Winneshiek,16,38,54,70.4,,23,45,68,66.2,,17,62,79,78.5,,11,48,59,81.4,,9,79,88,89.8,,19,79,98,80.6,,16,80,96,83.3,,11,74,85,87.1,,,,,,,,
42,Hardin,07,3033,Hubbard-Radcliffe,3,18,21,85.7,,4,21,25,84.0,,3,29,32,90.6,,7,46,53,86.8,,4,61,65,93.8,,17,40,57,70.2,,0,0,0,,,0,0,0,,,,,,,,,
07,Black Hawk,07,3042,Hudson,17,41,58,70.7,,12,40,52,76.9,,12,47,59,79.7,,9,46,55,83.6,,6,39,45,86.7,,13,41,54,75.9,,2,41,43,95.3,,1,38,39,97.4,,,,,,,,
46,Humboldt,05,3060,Humboldt,5,69,74,93.2,,12,68,80,85.0,,15,65,80,81.3,,17,83,100,83.0,,18,83,101,82.2,,21,103,124,83.1,,9,109,118,92.4,,10,86,96,89.6,,,,,,,,
10,Buchanan,07,3105,Independence,16,81,97,83.5,,19,74,93,79.6,,14,82,96,85.4,,6,80,86,93.0,,14,82,96,85.4,,14,81,95,85.3,,11,102,113,90.3,,11,101,112,90.2,,,,,,,,
91,Warren,11,3114,Indianola,37,207,244,84.8,,30,215,245,87.8,,33,216,249,86.7,,38,210,248,84.7,,32,213,245,86.9,,49,204,253,80.6,,38,196,234,83.8,,42,223,265,84.2,,,,,,,,
61,Madison,11,3119,Interstate 35,2,46,48,95.8,,11,53,64,82.8,,17,43,60,71.7,,17,55,72,76.4,,14,47,61,77.0,,12,50,62,80.6,,10,49,59,83.1,,11,56,67,83.6,,,,,,,,
52,Johnson,10,3141,Iowa City,217,643,860,74.8,,251,695,946,73.5,,249,678,927,73.1,,236,673,909,74.0,,186,696,882,78.9,,245,685,930,73.7,,119,506,625,81,,108,670,778,86.1,,,,,,,,
42,Hardin,07,3150,Iowa Falls,16,67,83,80.7,,16,55,71,77.5,,14,59,73,80.8,,0,0,0,,,18,73,91,80.2,,21,68,89,76.4,,33,72,105,68.6,,18,77,95,81.1,,,,,,,,
48,Iowa,10,3154,Iowa Valley,5,30,35,85.7,,4,33,37,89.2,,4,30,34,88.2,,4,35,39,89.7,,3,34,37,91.9,,5,39,44,88.6,,3,37,40,92.5,,2,33,35,94.3,,,,,,,,
14,Carroll,13,3168,IKM-Manning,9,40,49,81.6,,7,32,39,82.1,,7,35,42,83.3,,11,37,48,77.1,,4,38,42,90.5,,13,42,55,76.4,,4,32,36,88.9,,8,43,51,84.3,,,,,,,,
09,Bremer,07,3186,Janesville Consolidated,7,28,35,80.0,,4,13,17,76.5,,6,23,29,79.3,,9,12,21,57.1,,2,23,25,92.0,,5,22,27,81.5,,1,23,24,95.8,,1,23,24,95.8,,,,,,,,
37,Greene,05,3195,Greene County,15,58,73,79.5,,16,57,73,78.1,,0,0,0,,,0,0,0,,,14,64,78,82.1,,16,52,68,76.5,,14,70,84,83.3,,13,53,66,80.3,,,,,,,,
10,Buchanan,07,3204,Jesup,19,58,77,75.3,,15,62,77,80.5,,16,75,91,82.4,,12,70,82,85.4,,10,56,66,84.8,,16,62,78,79.5,,5,64,69,92.8,,2,45,47,95.7,,,,,,,,
77,Polk,11,3231,Johnston,46,453,499,90.8,,55,386,441,87.5,,55,419,474,88.4,,52,427,479,89.1,,29,502,531,94.5,,50,466,516,90.3,,46,433,479,90.4,,39,445,484,91.9,,,,,,,,
56,Lee,15,3312,Keokuk,33,83,116,71.6,,37,87,124,70.2,,46,91,137,66.4,,40,75,115,65.2,,31,84,115,73.0,,38,80,118,67.8,,21,96,117,82.1,,20,83,103,80.6,,,,,,,,
54,Keokuk,15,3330,Keota,5,19,24,79.2,,4,18,22,81.8,,5,18,23,78.3,,10,14,24,58.3,,1,17,18,94.4,,small N,small N,small N,small N,,2,22,24,91.7,,0,18,18,100.0,,,,,,,,
75,Plymouth,12,3348,Kingsley-Pierson,2,22,24,91.7,,9,22,31,71.0,,7,22,29,75.9,,8,24,32,75.0,,4,39,43,90.7,,4,21,25,84.0,,0,24,24,100,,0,34,34,100.0,,,,,,,,
63,Marion,11,3375,Knoxville,41,83,124,66.9,,24,95,119,79.8,,34,93,127,73.2,,37,84,121,69.4,,21,89,110,80.9,,23,89,112,79.5,,20,108,128,84.4,,14,100,114,87.7,,,,,,,,
95,Winnebago,07,3420,Lake Mills,11,30,41,73.2,,7,30,37,81.1,,10,40,50,80.0,,10,34,44,77.3,,9,35,44,79.5,,4,27,31,87.1,,9,41,50,82,,5,32,37,86.5,,,,,,,,
27,Decatur,13,3465,Lamoni,6,16,22,72.7,,10,9,19,47.4,,3,19,22,86.4,,9,12,21,57.1,,6,16,22,72.7,,5,22,27,81.5,,3,20,23,87,,3,12,15,80.0,,,,,,,,
76,Pocahontas,05,3537,Laurens-Marathon,5,15,20,75.0,,5,5,10,50.0,,7,8,15,53.3,,7,8,15,53.3,,3,12,15,80.0,,1,9,10,90.0,,0,0,0,,,0,0,0,,,,,,,,,
97,Woodbury,12,3555,Lawton-Bronson,7,39,46,84.8,,3,30,33,90.9,,6,44,50,88.0,,2,37,39,94.9,,2,34,36,94.4,,10,39,49,79.6,,2,45,47,95.7,,4,40,44,90.9,,,,,,,,
75,Plymouth,12,3600,Le Mars,23,129,152,84.9,,37,119,156,76.3,,38,125,163,76.7,,11,136,147,92.5,,10,134,144,93.1,,12,125,137,91.2,,16,138,154,89.6,,28,118,146,80.8,,,,,,,,
87,Taylor,13,3609,Lenox,6,14,20,70.0,,3,40,43,93.0,,2,28,30,93.3,,3,29,32,90.6,,1,36,37,97.3,,6,31,37,83.8,,6,24,30,80,,12,20,32,62.5,,,,,,,,
78,Pottawattamie,13,3645,Lewis Central,71,142,213,66.7,,35,162,197,82.2,,36,152,188,80.9,,58,160,218,73.4,,43,151,194,77.8,,58,158,216,73.1,,30,202,232,87.1,,33,165,198,83.3,,,,,,,,
16,Cedar,10,3691,North Cedar,10,35,45,77.8,,11,36,47,76.6,,6,24,30,80.0,,14,42,56,75.0,,7,43,50,86.0,,15,31,46,67.4,,15,38,53,71.7,,19,47,66,71.2,,,,,,,,
57,Linn,10,3715,Linn-Mar,77,450,527,85.4,,89,409,498,82.1,,67,473,540,87.6,,81,446,527,84.6,,61,480,541,88.7,,74,450,524,85.9,,74,405,479,84.6,,64,371,435,85.3,,,,,,,,
57,Linn,10,3744,Lisbon,12,33,45,73.3,,11,42,53,79.2,,12,38,50,76.0,,9,45,54,83.3,,3,42,45,93.3,,5,32,37,86.5,,6,28,34,82.4,,3,37,40,92.5,,,,,,,,
43,Harrison,13,3798,Logan-Magnolia,5,43,48,89.6,,4,46,50,92.0,,1,40,41,97.6,,8,39,47,83.0,,3,43,46,93.5,,2,41,43,95.3,,7,45,52,86.5,,5,43,48,89.6,,,,,,,,
52,Johnson,10,3816,Lone Tree,2,22,24,91.7,,15,27,42,64.3,,10,27,37,73.0,,6,20,26,76.9,,14,24,38,63.2,,13,26,39,66.7,,3,26,29,89.7,,5,24,29,82.8,,,,,,,,
58,Louisa,09,3841,Louisa-Muscatine,8,40,48,83.3,,5,49,54,90.7,,17,42,59,71.2,,11,46,57,80.7,,13,45,58,77.6,,14,49,63,77.8,,12,50,62,80.6,,18,44,62,71.0,,,,,,,,
55,Kossuth,05,3897,LuVerne,small N,small N,small N,small N,,small N,small N,small N,small N,,small N,small N,small N,small N,,small N,small N,small N,small N,,0,0,0,,,0,0,0,,,0,0,0,,,0,0,0,,,,,,,,,
50,Jasper,11,3906,Lynnville-Sully,2,27,29,93.1,,7,27,34,79.4,,4,26,30,86.7,,7,26,33,78.8,,3,42,45,93.3,,3,30,33,90.9,,0,28,28,100,,2,38,40,95.0,,,,,,,,
08,Boone,11,3942,Madrid,4,33,37,89.2,,8,40,48,83.3,,8,34,42,81.0,,14,40,54,74.1,,7,35,42,83.3,,11,28,39,71.8,,6,39,45,86.7,,4,44,48,91.7,,,,,,,,
65,Mills,13,3978,East Mills,6,13,19,68.4,,9,20,29,69.0,,8,29,37,78.4,,6,31,37,83.8,,5,30,35,85.7,,7,25,32,78.1,,5,24,29,82.8,,7,27,34,79.4,,,,,,,,
13,Calhoun,05,4023,Manson Northwest Webster,13,42,55,76.4,,10,34,44,77.3,,22,44,66,66.7,,23,38,61,62.3,,10,46,56,82.1,,14,41,55,74.5,,7,40,47,85.1,,8,42,50,84.0,,,,,,,,
67,Monona,12,4033,Maple Valley-Anthon Oto,7,37,44,84.1,,13,39,52,75.0,,15,34,49,69.4,,21,31,52,59.6,,13,31,44,70.5,,13,25,38,65.8,,13,33,46,71.7,,6,30,36,83.3,,,,,,,,
49,Jackson,09,4041,Maquoketa,14,56,70,80.0,,25,55,80,68.8,,41,47,88,53.4,,20,55,75,73.3,,16,73,89,82.0,,26,70,96,72.9,,23,101,124,81.5,,13,109,122,89.3,,,,,,,,
28,Delaware,01,4043,Maquoketa Valley,4,53,57,93.0,,2,47,49,95.9,,8,40,48,83.3,,7,43,50,86.0,,4,39,43,90.7,,0,47,47,100.0,,3,38,41,92.7,,5,42,47,89.4,,,,,,,,
18,Cherokee,12,4068,Marcus-Meriden-Cleghorn,2,33,35,94.3,,1,26,27,96.3,,0,0,0,,,0,0,0,,,0,0,0,,,0,0,0,,,5,31,36,86.1,,5,32,37,86.5,,,,,,,,
57,Linn,10,4086,Marion Independent,39,99,138,71.7,,39,117,156,75.0,,32,97,129,75.2,,41,111,152,73.0,,23,144,167,86.2,,24,110,134,82.1,,19,113,132,85.6,,14,116,130,89.2,,,,,,,,
64,Marshall,07,4104,Marshalltown,108,241,349,69.1,,166,207,373,55.5,,155,185,340,54.4,,142,191,333,57.4,,97,227,324,70.1,,128,200,328,61.0,,85,248,333,74.5,,72,211,283,74.6,,,,,,,,
91,Warren,11,4122,Martensdale-St Marys,3,20,23,87.0,,8,25,33,75.8,,4,26,30,86.7,,8,34,42,81.0,,3,25,28,89.3,,14,23,37,62.2,,9,33,42,78.6,,9,34,43,79.1,,,,,,,,
17,Cerro Gordo,07,4131,Mason City,83,168,251,66.9,,96,190,286,66.4,,109,172,281,61.2,,83,190,273,69.6,,67,171,238,71.8,,91,166,257,64.6,,57,175,232,75.4,,35,185,220,84.1,,,,,,,,
84,Sioux,12,4149,MOC-Floyd Valley,8,95,103,92.2,,4,107,111,96.4,,4,78,82,95.1,,20,90,110,81.8,,9,104,113,92.0,,6,92,98,93.9,,13,87,100,87,,10,76,86,88.4,,,,,,,,
29,Des Moines,15,4203,Mediapolis,18,46,64,71.9,,7,63,70,90.0,,9,50,59,84.7,,9,55,64,85.9,,3,52,55,94.5,,8,46,54,85.2,,1,48,49,98,,6,59,65,90.8,,,,,,,,
63,Marion,11,4212,Melcher-Dallas,4,24,28,85.7,,16,18,34,52.9,,15,16,31,51.6,,4,14,18,77.8,,1,24,25,96.0,,8,15,23,65.2,,3,15,18,83.3,,5,11,16,68.8,,,,,,,,
53,Jones,10,4269,Midland,9,24,33,72.7,,7,23,30,76.7,,8,28,36,77.8,,6,19,25,76.0,,8,27,35,77.1,,11,19,30,63.3,,14,16,30,53.3,,7,26,33,78.8,,,,,,,,
92,Washington,10,4271,Mid-Prairie,21,60,81,74.1,,26,56,82,68.3,,15,71,86,82.6,,21,76,97,78.4,,12,95,107,88.8,,33,71,104,68.3,,10,73,83,88,,15,59,74,79.7,,,,,,,,
43,Harrison,13,4356,Missouri Valley,18,36,54,66.7,,19,32,51,62.7,,20,39,59,66.1,,19,37,56,66.1,,12,43,55,78.2,,17,34,51,66.7,,12,39,51,76.5,,10,50,60,83.3,,,,,,,,
22,Clayton,01,4419,MFL MarMac,23,38,61,62.3,,22,44,66,66.7,,18,37,55,67.3,,10,49,59,83.1,,11,39,50,78.0,,9,41,50,82.0,,4,40,44,90.9,,11,47,58,81.0,,,,,,,,
79,Poweshiek,07,4437,Montezuma,5,18,23,78.3,,0,33,33,100.0,,6,29,35,82.9,,3,26,29,89.7,,7,25,32,78.1,,6,28,34,82.4,,4,28,32,87.5,,5,30,35,85.7,,,,,,,,
53,Jones,10,4446,Monticello,12,51,63,81.0,,26,42,68,61.8,,10,48,58,82.8,,9,59,68,86.8,,18,79,97,81.4,,28,62,90,68.9,,4,78,82,95.1,,4,70,74,94.6,,,,,,,,
04,Appanoose,15,4491,Moravia,1,21,22,95.5,,3,25,28,89.3,,3,20,23,87.0,,7,21,28,75.0,,2,25,27,92.6,,8,13,21,61.9,,5,18,23,78.3,,9,17,26,65.4,,,,,,,,
93,Wayne,13,4505,Mormon Trail,9,5,14,35.7,,2,9,11,81.8,,5,9,14,64.3,,5,11,16,68.8,,2,13,15,86.7,,6,10,16,62.5,,2,8,10,80,,3,13,16,81.3,,,,,,,,
58,Louisa,15,4509,Morning Sun,4,10,14,71.4,,7,11,18,61.1,,5,10,15,66.7,,small N,small N,small N,small N,,0,0,0,,,0,0,0,,,0,0,0,,,0,0,0,,,,,,,,,
04,Appanoose,15,4518,Moulton-Udell,3,9,12,75.0,,3,7,10,70.0,,6,8,14,57.1,,5,10,15,66.7,,small N,small N,small N,small N,,3,9,12,75.0,,1,9,10,90,,small N,small N,small N,small N,,,,,,,,
80,Ringgold,13,4527,Mount Ayr,8,30,38,78.9,,2,40,42,95.2,,9,42,51,82.4,,3,35,38,92.1,,2,54,56,96.4,,5,32,37,86.5,,4,44,48,91.7,,4,42,46,91.3,,,,,,,,
44,Henry,15,4536,Mount Pleasant,14,89,103,86.4,,41,98,139,70.5,,41,94,135,69.6,,48,72,120,60.0,,32,114,146,78.1,,49,76,125,60.8,,27,111,138,80.4,,23,125,148,84.5,,,,,,,,
57,Linn,10,4554,Mount Vernon,16,83,99,83.8,,11,95,106,89.6,,30,70,100,70.0,,14,87,101,86.1,,9,95,104,91.3,,9,84,93,90.3,,10,92,102,90.2,,7,86,93,92.5,,,,,,,,
20,Clarke,13,4572,Murray,4,12,16,75.0,,2,17,19,89.5,,6,15,21,71.4,,5,15,20,75.0,,5,19,24,79.2,,2,18,20,90.0,,0,20,20,100,,2,23,25,92.0,,,,,,,,
70,Muscatine,09,4581,Muscatine,85,223,308,72.4,,97,245,342,71.6,,115,207,322,64.3,,123,249,372,66.9,,104,234,338,69.2,,121,210,331,63.4,,88,249,337,73.9,,68,237,305,77.7,,,,,,,,
19,Chickasaw,07,4599,Nashua-Plainfield,6,24,30,80.0,,10,38,48,79.2,,13,35,48,72.9,,11,27,38,71.1,,3,35,38,92.1,,10,32,42,76.2,,2,31,33,93.9,,9,33,42,78.6,,,,,,,,
85,Story,11,4617,Nevada,16,79,95,83.2,,18,91,109,83.5,,24,83,107,77.6,,28,78,106,73.6,,20,86,106,81.1,,21,77,98,78.6,,10,78,88,88.6,,12,100,112,89.3,,,,,,,,
11,Buena Vista,05,4644,Newell-Fonda,2,26,28,92.9,,3,26,29,89.7,,9,31,40,77.5,,2,24,26,92.3,,11,36,47,76.6,,13,24,37,64.9,,5,22,27,81.5,,4,24,28,85.7,,,,,,,,
19,Chickasaw,01,4662,New Hampton,5,59,64,92.2,,10,53,63,84.1,,7,56,63,88.9,,8,65,73,89.0,,14,59,73,80.8,,10,41,51,80.4,,7,66,73,90.4,,12,81,93,87.1,,,,,,,,
44,Henry,15,4689,New London,10,27,37,73.0,,14,23,37,62.2,,1,33,34,97.1,,5,21,26,80.8,,7,36,43,83.7,,11,27,38,71.1,,9,33,42,78.6,,5,23,28,82.1,,,,,,,,
50,Jasper,11,4725,Newton,37,138,175,78.9,,34,146,180,81.1,,32,166,198,83.8,,45,169,214,79.0,,38,167,205,81.5,,48,150,198,75.8,,28,162,190,85.3,,54,125,179,69.8,,,,,,,,
98,Worth,07,4772,Central Springs,9,41,50,82.0,,13,44,57,77.2,,5,41,46,89.1,,13,38,51,74.5,,4,41,45,91.1,,5,64,69,92.8,,3,44,47,93.6,,4,53,57,93.0,,,,,,,,
23,Clinton,09,4773,Northeast,3,50,53,94.3,,5,41,46,89.1,,7,52,59,88.1,,10,57,67,85.1,,5,48,53,90.6,,0,54,54,100.0,,5,58,63,92.1,,5,57,62,91.9,,,,,,,,
33,Fayette,01,4774,North Fayette,6,47,53,88.7,,14,36,50,72.0,,12,35,47,74.5,,5,45,50,90.0,,0,0,0,,,0,0,0,,,16,53,69,76.8,,7,67,74,90.5,,,,,,,,
40,Hamilton,05,4775,Northeast Hamilton,small N,small N,small N,small N,,0,12,12,100.0,,2,9,11,81.8,,small N,small N,small N,small N,,0,0,0,,,0,0,0,,,0,0,0,,,0,0,0,,,,,,,,,
62,Mahaska,15,4776,North Mahaska,1,29,30,96.7,,13,28,41,68.3,,9,41,50,82.0,,6,24,30,80.0,,3,33,36,91.7,,4,35,39,89.7,,7,36,43,83.7,,9,22,31,71.0,,,,,,,,
57,Linn,10,4777,North Linn,3,28,31,90.3,,9,36,45,80.0,,6,29,35,82.9,,3,39,42,92.9,,1,39,40,97.5,,7,45,52,86.5,,5,45,50,90,,8,48,56,85.7,,,,,,,,
55,Kossuth,05,4778,North Kossuth,1,15,16,93.8,,2,12,14,85.7,,2,19,21,90.5,,10,44,54,81.5,,5,31,36,86.1,,9,39,48,81.3,,0,0,0,,,0,0,0,,,,,,,,,
77,Polk,11,4779,North Polk,7,114,121,94.2,,6,128,134,95.5,,8,134,142,94.4,,4,120,124,96.8,,7,118,125,94.4,,5,103,108,95.4,,11,88,99,88.9,,19,95,114,83.3,,,,,,,,
82,Scott,09,4784,North Scott,40,178,218,81.7,,30,184,214,86.0,,33,174,207,84.1,,17,207,224,92.4,,34,203,237,85.7,,40,174,214,81.3,,18,203,221,91.9,,28,187,215,87.0,,,,,,,,
86,Tama,07,4785,North Tama County,4,28,32,87.5,,4,20,24,83.3,,0,33,33,100.0,,7,25,32,78.1,,4,27,31,87.1,,16,21,37,56.8,,6,29,35,82.9,,1,30,31,96.8,,,,,,,,
96,Winneshiek,01,4787,North Winneshiek,5,5,10,50.0,,1,15,16,93.8,,small N,small N,small N,small N,,1,9,10,90.0,,0,0,0,,,0,0,0,,,0,0,0,,,0,0,0,,,,,,,,,
98,Worth,07,4788,Northwood-Kensett,2,31,33,93.9,,10,25,35,71.4,,15,27,42,64.3,,5,31,36,86.1,,4,23,27,85.2,,8,29,37,78.4,,6,27,33,81.8,,7,27,34,79.4,,,,,,,,
91,Warren,11,4797,Norwalk,18,179,197,90.9,,23,196,219,89.5,,34,162,196,82.7,,32,185,217,85.3,,36,204,240,85.0,,31,179,210,85.2,,19,192,211,91,,21,170,191,89.0,,,,,,,,
81,Sac,05,4860,Odebolt-Arthur,3,19,22,86.4,,1,14,15,93.3,,5,17,22,77.3,,8,74,82,90.2,,9,59,68,86.8,,5,60,65,92.3,,0,0,0,,,0,0,0,,,,,,,,,
33,Fayette,01,4869,Oelwein,9,60,69,87.0,,23,48,71,67.6,,25,61,86,70.9,,38,58,96,60.4,,19,60,79,75.9,,33,49,82,59.8,,7,65,72,90.3,,15,72,87,82.8,,,,,,,,
08,Boone,11,4878,Ogden,4,37,41,90.2,,9,42,51,82.4,,8,39,47,83.0,,7,52,59,88.1,,2,42,44,95.5,,6,36,42,85.7,,7,50,57,87.7,,4,41,45,91.1,,,,,,,,
30,Dickinson,05,4890,Okoboji,13,71,84,84.5,,18,54,72,75.0,,20,56,76,73.7,,12,69,81,85.2,,10,61,71,85.9,,14,60,74,81.1,,5,60,65,92.3,,4,60,64,93.8,,,,,,,,
53,Jones,10,4905,Olin Consolidated,small N,small N,small N,small N,,small N,small N,small N,small N,,4,11,15,73.3,,small N,small N,small N,small N,,0,0,0,,,0,0,0,,,0,0,0,,,0,0,0,,,,,,,,,
01,Adair,13,4978,Orient-Macksburg,6,6,12,50.0,,small N,small N,small N,small N,,small N,small N,small N,small N,,3,9,12,75.0,,small N,small N,small N,small N,,small N,small N,small N,small N,,small N,small N,small N,small N,,5,10,15,66.7,,,,,,,,
66,Mitchell,07,4995,Osage,11,42,53,79.2,,16,57,73,78.1,,11,52,63,82.5,,14,48,62,77.4,,14,60,74,81.1,,10,45,55,81.8,,7,68,75,90.7,,5,60,65,92.3,,,,,,,,
62,Mahaska,15,5013,Oskaloosa,43,121,164,73.8,,51,104,155,67.1,,35,101,136,74.3,,58,103,161,64.0,,39,115,154,74.7,,40,98,138,71.0,,44,97,141,68.8,,31,115,146,78.8,,,,,,,,
90,Wapello,15,5049,Ottumwa,106,189,295,64.1,,84,187,271,69.0,,136,195,331,58.9,,108,167,275,60.7,,68,228,296,77.0,,97,186,283,65.7,,68,212,280,75.7,,71,187,258,72.5,,,,,,,,
39,Guthrie,11,5121,Panorama,10,35,45,77.8,,17,25,42,59.5,,16,24,40,60.0,,11,40,51,78.4,,8,42,50,84.0,,20,44,64,68.8,,10,42,52,80.8,,6,47,53,88.7,,,,,,,,
37,Greene,05,5139,Paton-Churdan,2,18,20,90.0,,0,19,19,100.0,,1,11,12,91.7,,1,10,11,90.9,,1,11,12,91.7,,6,13,19,68.4,,0,14,14,100,,1,15,16,93.8,,,,,,,,
50,Jasper,11,5160,PCM,13,63,76,82.9,,14,71,85,83.5,,22,55,77,71.4,,22,48,70,68.6,,7,65,72,90.3,,13,49,62,79.0,,9,77,86,89.5,,7,84,91,92.3,,,,,,,,
54,Keokuk,15,5163,Pekin,4,49,53,92.5,,6,46,52,88.5,,5,28,33,84.8,,9,28,37,75.7,,3,49,52,94.2,,5,39,44,88.6,,8,38,46,82.6,,5,36,41,87.8,,,,,,,,
63,Marion,11,5166,Pella,15,145,160,90.6,,37,142,179,79.3,,24,134,158,84.8,,16,158,174,90.8,,11,163,174,93.7,,11,137,148,92.6,,22,132,154,85.7,,11,143,154,92.9,,,,,,,,
25,Dallas,11,5184,Perry,30,63,93,67.7,,26,85,111,76.6,,32,90,122,73.8,,29,92,121,76.0,,26,69,95,72.6,,43,81,124,65.3,,35,126,161,78.3,,18,96,114,84.2,,,,,,,,
82,Scott,09,5250,Pleasant Valley,24,287,311,92.3,,18,295,313,94.2,,31,320,351,91.2,,22,333,355,93.8,,21,320,341,93.8,,27,318,345,92.2,,14,304,318,95.6,,16,303,319,95.0,,,,,,,,
63,Marion,11,5256,Pleasantville,1,34,35,97.1,,6,40,46,87.0,,6,47,53,88.7,,6,50,56,89.3,,6,40,46,87.0,,12,41,53,77.4,,13,47,60,78.3,,8,48,56,85.7,,,,,,,,
76,Pocahontas,05,5283,Pocahontas Area,3,19,22,86.4,,6,28,34,82.4,,7,35,42,83.3,,6,33,39,84.6,,10,44,54,81.5,,10,46,56,82.1,,6,43,49,87.8,,8,43,51,84.3,,,,,,,,
03,Allamakee,01,5310,Postville,20,36,56,64.3,,21,24,45,53.3,,33,27,60,45.0,,25,29,54,53.7,,21,19,40,47.5,,29,23,52,44.2,,11,31,42,73.8,,15,20,35,57.1,,,,,,,,
94,Webster,05,5325,Prairie Valley,11,34,45,75.6,,7,36,43,83.7,,0,0,0,,,0,0,0,,,0,0,0,,,0,0,0,,,14,62,76,81.6,,9,77,86,89.5,,,,,,,,
69,Montgomery,13,5463,Red Oak,18,49,67,73.1,,8,56,64,87.5,,27,62,89,69.7,,13,59,72,81.9,,14,56,70,80.0,,25,56,81,69.1,,18,57,75,76,,23,53,76,69.7,,,,,,,,
75,Plymouth,12,5486,Remsen-Union,0,22,22,100.0,,4,15,19,78.9,,9,39,48,81.3,,9,39,48,81.3,,2,48,50,96.0,,10,27,37,73.0,,0,0,0,,,0,0,0,,,,,,,,,
45,Howard,01,5508,Riceville,8,14,22,63.6,,2,22,24,91.7,,8,19,27,70.4,,4,18,22,81.8,,6,12,18,66.7,,4,19,23,82.6,,8,15,23,65.2,,3,16,19,84.2,,,,,,,,
78,Pottawattamie,13,5510,Riverside,3,45,48,93.8,,7,43,50,86.0,,10,32,42,76.2,,15,31,46,67.4,,5,43,48,89.6,,10,17,27,63.0,,5,36,41,87.8,,6,27,33,81.8,,,,,,,,
84,Sioux,12,5607,Rock Valley,8,44,52,84.6,,7,49,56,87.5,,11,54,65,83.1,,17,52,69,75.4,,11,51,62,82.3,,12,40,52,76.9,,15,41,56,73.2,,9,44,53,83.0,,,,,,,,
85,Story,11,5643,Roland-Story,10,63,73,86.3,,12,52,64,81.3,,21,58,79,73.4,,12,73,85,85.9,,10,63,73,86.3,,12,54,66,81.8,,3,67,70,95.7,,8,84,92,91.3,,,,,,,,
34,Floyd,07,5697,Rudd-Rockford-Marble Rk,3,13,16,81.3,,6,22,28,78.6,,6,30,36,83.3,,3,22,25,88.0,,3,22,25,88.0,,7,25,32,78.1,,3,25,28,89.3,,3,37,40,92.5,,,,,,,,
74,Palo Alto,05,5724,Ruthven-Ayrshire,2,9,11,81.8,,2,11,13,84.6,,4,8,12,66.7,,3,10,13,76.9,,3,10,13,76.9,,small N,small N,small N,small N,,3,10,13,76.9,,3,14,17,82.4,,,,,,,,
66,Mitchell,07,5751,St Ansgar,4,25,29,86.2,,1,39,40,97.5,,9,25,34,73.5,,9,32,41,78.0,,3,37,40,92.5,,3,34,37,91.9,,3,37,40,92.5,,3,44,47,93.6,,,,,,,,
77,Polk,11,5805,Saydel,42,44,86,51.2,,24,69,93,74.2,,27,59,86,68.6,,24,52,76,68.4,,25,75,100,75.0,,38,53,91,58.2,,23,72,95,75.8,,28,57,85,67.1,,,,,,,,
81,Sac,05,5823,Schaller-Crestland,3,13,16,81.3,,7,22,29,75.9,,7,16,23,69.6,,22,44,66,66.7,,7,42,49,85.7,,11,44,55,80.0,,0,0,0,,,0,0,0,,,,,,,,,
24,Crawford,12,5832,Schleswig,4,16,20,80.0,,2,26,28,92.9,,0,18,18,100.0,,5,10,15,66.7,,2,15,17,88.2,,small N,small N,small N,small N,,0,0,0,,,0,0,0,,,,,,,,,
97,Woodbury,12,5877,Sergeant Bluff-Luton,13,75,88,85.2,,23,90,113,79.6,,26,109,135,80.7,,26,80,106,75.5,,13,111,124,89.5,,17,96,113,85.0,,9,114,123,92.7,,6,102,108,94.4,,,,,,,,
93,Wayne,15,5895,Seymour,4,10,14,71.4,,6,15,21,71.4,,4,10,14,71.4,,8,9,17,52.9,,8,15,23,65.2,,0,18,18,100.0,,2,18,20,90,,2,14,16,87.5,,,,,,,,
17,Cerro Gordo,07,5922,West Fork CSD,3,37,40,92.5,,7,35,42,83.3,,15,37,52,71.2,,8,33,41,80.5,,10,32,42,76.2,,16,32,48,66.7,,10,30,40,75,,11,36,47,76.6,,,,,,,,
71,O'Brien,12,5949,Sheldon,7,58,65,89.2,,6,63,69,91.3,,14,56,70,80.0,,8,60,68,88.2,,8,65,73,89.0,,7,67,74,90.5,,9,51,60,85,,12,78,90,86.7,,,,,,,,
73,Page,13,5976,Shenandoah,14,56,70,80.0,,12,64,76,84.2,,12,61,73,83.6,,16,64,80,80.0,,9,51,60,85.0,,25,52,77,67.5,,8,62,70,88.6,,7,61,68,89.7,,,,,,,,
72,Osceola,12,5994,Sibley-Ocheyedan,3,40,43,93.0,,7,53,60,88.3,,9,40,49,81.6,,10,51,61,83.6,,6,58,64,90.6,,9,47,56,83.9,,4,38,42,90.5,,4,47,51,92.2,,,,,,,,
36,Fremont,13,6003,Sidney,12,21,33,63.6,,5,18,23,78.3,,4,17,21,81.0,,5,24,29,82.8,,2,28,30,93.3,,0,26,26,100.0,,7,40,47,85.1,,7,42,49,85.7,,,,,,,,
54,Keokuk,15,6012,Sigourney,3,32,35,91.4,,1,27,28,96.4,,8,28,36,77.8,,2,26,28,92.9,,6,39,45,86.7,,8,33,41,80.5,,7,32,39,82.1,,6,33,39,84.6,,,,,,,,
84,Sioux,12,6030,Sioux Center,15,81,96,84.4,,14,82,96,85.4,,18,70,88,79.5,,38,70,108,64.8,,19,79,98,80.6,,19,60,79,75.9,,12,70,82,85.4,,8,74,82,90.2,,,,,,,,
11,Buena Vista,05,6035,Sioux Central,4,19,23,82.6,,10,36,46,78.3,,5,27,32,84.4,,6,36,42,85.7,,8,55,63,87.3,,14,31,45,68.9,,9,36,45,80,,3,33,36,91.7,,,,,,,,
97,Woodbury,12,6039,Sioux City,282,653,935,69.8,,282,661,943,70.1,,304,647,951,68.0,,355,615,970,63.4,,216,670,886,75.6,,274,649,923,70.3,,220,632,852,74.2,,210,578,788,73.4,,,,,,,,
13,Calhoun,05,6091,South Central Calhoun,3,60,63,95.2,,7,43,50,86.0,,7,46,53,86.8,,24,41,65,63.1,,10,53,63,84.1,,13,41,54,75.9,,6,61,67,91,,6,56,62,90.3,,,,,,,,
52,Johnson,10,6093,Solon,9,95,104,91.3,,15,105,120,87.5,,16,77,93,82.8,,24,113,137,82.5,,8,89,97,91.8,,23,100,123,81.3,,5,98,103,95.1,,13,104,117,88.9,,,,,,,,
91,Warren,11,6094,Southeast Warren,17,14,31,45.2,,7,31,38,81.6,,15,30,45,66.7,,5,18,23,78.3,,1,35,36,97.2,,6,28,34,82.4,,5,26,31,83.9,,3,29,32,90.6,,,,,,,,
40,Hamilton,05,6095,South Hamilton,5,34,39,87.2,,5,43,48,89.6,,10,30,40,75.0,,10,44,54,81.5,,4,41,45,91.1,,12,41,53,77.4,,7,53,60,88.3,,5,49,54,90.7,,,,,,,,
94,Webster,05,6096,Southeast Webster Grand,11,27,38,71.1,,0,28,28,100.0,,25,56,81,69.1,,16,59,75,78.7,,8,56,64,87.5,,24,63,87,72.4,,0,0,0,,,0,0,0,,,,,,,,,
73,Page,13,6097,South Page,small N,small N,small N,small N,,small N,small N,small N,small N,,small N,small N,small N,small N,,4,6,10,60.0,,small N,small N,small N,small N,,small N,small N,small N,small N,,small N,small N,small N,small N,,small N,small N,small N,small N,,,,,,,,
86,Tama,07,6098,South Tama County,22,75,97,77.3,,34,63,97,64.9,,30,65,95,68.4,,33,72,105,68.6,,22,69,91,75.8,,35,70,105,66.7,,25,73,98,74.5,,26,77,103,74.8,,,,,,,,
71,O'Brien,12,6099,South O'Brien,12,21,33,63.6,,9,29,38,76.3,,10,30,40,75.0,,7,31,38,81.6,,4,36,40,90.0,,7,28,35,80.0,,1,44,45,97.8,,0,33,33,100.0,,,,,,,,
96,Winneshiek,01,6100,South Winneshiek,4,16,20,80.0,,5,23,28,82.1,,5,25,30,83.3,,2,25,27,92.6,,4,30,34,88.2,,4,30,34,88.2,,1,39,40,97.5,,3,46,49,93.9,,,,,,,,
77,Polk,11,6101,Southeast Polk,71,333,404,82.4,,77,419,496,84.5,,98,411,509,80.7,,78,448,526,85.2,,75,461,536,86.0,,85,364,449,81.1,,99,369,468,78.8,,83,378,461,82.0,,,,,,,,
21,Clay,05,6102,Spencer,16,115,131,87.8,,25,103,128,80.5,,21,118,139,84.9,,34,109,143,76.2,,19,121,140,86.4,,18,152,170,89.4,,25,107,132,81.1,,28,102,130,78.5,,,,,,,,
30,Dickinson,05,6120,Spirit Lake,20,57,77,74.0,,22,54,76,71.1,,16,68,84,81.0,,13,59,72,81.9,,6,100,106,94.3,,5,63,68,92.6,,7,76,83,91.6,,8,92,100,92.0,,,,,,,,
57,Linn,10,6138,Springville,8,18,26,69.2,,3,18,21,85.7,,6,18,24,75.0,,3,21,24,87.5,,3,22,25,88.0,,10,20,30,66.7,,7,15,22,68.2,,2,22,24,91.7,,,,,,,,
69,Montgomery,13,6165,Stanton,small N,small N,small N,small N,,2,12,14,85.7,,3,19,22,86.4,,2,11,13,84.6,,3,14,17,82.4,,2,14,16,87.5,,2,14,16,87.5,,3,15,18,83.3,,,,,,,,
33,Fayette,01,6175,Starmont,4,36,40,90.0,,7,31,38,81.6,,10,32,42,76.2,,14,29,43,67.4,,11,28,39,71.8,,15,37,52,71.2,,6,35,41,85.4,,1,28,29,96.6,,,,,,,,
11,Buena Vista,05,6219,Storm Lake,39,113,152,74.3,,43,124,167,74.3,,44,82,126,65.1,,52,93,145,64.1,,53,113,166,68.1,,64,93,157,59.2,,46,96,142,67.6,,51,111,162,68.5,,,,,,,,
40,Hamilton,05,6246,Stratford,small N,small N,small N,small N,,small N,small N,small N,small N,,small N,small N,small N,small N,,3,10,13,76.9,,0,0,0,,,0,0,0,,,0,0,0,,,0,0,0,,,,,,,,,
39,Guthrie,11,6264,West Central Valley,4,44,48,91.7,,7,45,52,86.5,,5,51,56,91.1,,8,51,59,86.4,,7,50,57,87.7,,8,45,53,84.9,,11,44,55,80,,12,40,52,76.9,,,,,,,,
09,Bremer,07,6273,Sumner-Fredericksburg,6,35,41,85.4,,13,56,69,81.2,,8,69,77,89.6,,13,50,63,79.4,,9,49,58,84.5,,11,45,56,80.4,,10,40,50,80,,9,63,72,87.5,,,,,,,,
16,Cedar,10,6408,Tipton,14,51,65,78.5,,7,58,65,89.2,,18,55,73,75.3,,17,53,70,75.7,,10,59,69,85.5,,17,63,80,78.8,,13,62,75,82.7,,11,49,60,81.7,,,,,,,,
78,Pottawattamie,13,6453,Treynor,4,55,59,93.2,,4,50,54,92.6,,3,55,58,94.8,,3,63,66,95.5,,6,64,70,91.4,,8,52,60,86.7,,3,51,54,94.4,,7,46,53,86.8,,,,,,,,
78,Pottawattamie,13,6460,Tri-Center,5,41,46,89.1,,9,40,49,81.6,,16,32,48,66.7,,5,29,34,85.3,,10,33,43,76.7,,12,32,44,72.7,,7,38,45,84.4,,6,45,51,88.2,,,,,,,,
54,Keokuk,15,6462,Tri-County,7,8,15,53.3,,5,12,17,70.6,,2,11,13,84.6,,8,6,14,42.9,,7,20,27,74.1,,8,6,14,42.9,,3,10,13,76.9,,1,12,13,92.3,,,,,,,,
09,Bremer,07,6471,Tripoli,10,20,30,66.7,,8,22,30,73.3,,5,18,23,78.3,,4,20,24,83.3,,6,31,37,83.8,,6,15,21,71.4,,4,31,35,88.6,,6,21,27,77.8,,,,,,,,
96,Winneshiek,01,6509,Turkey Valley,0,22,22,100.0,,3,18,21,85.7,,2,23,25,92.0,,1,19,20,95.0,,1,24,25,96.0,,1,28,29,96.6,,4,30,34,88.2,,2,22,24,91.7,,,,,,,,
63,Marion,11,6512,Twin Cedars,1,14,15,93.3,,7,16,23,69.6,,9,18,27,66.7,,12,20,32,62.5,,7,16,23,69.6,,9,10,19,52.6,,7,14,21,66.7,,8,20,28,71.4,,,,,,,,
46,Humboldt,05,6516,Twin Rivers,small N,small N,small N,small N,,small N,small N,small N,small N,,small N,small N,small N,small N,,0,0,0,,,0,0,0,,,0,0,0,,,0,0,0,,,0,0,0,,,,,,,,,
78,Pottawattamie,13,6534,Underwood,6,38,44,86.4,,0,41,41,100.0,,5,43,48,89.6,,12,54,66,81.8,,2,51,53,96.2,,15,57,72,79.2,,8,53,61,86.9,,6,65,71,91.5,,,,,,,,
07,Black Hawk,07,6536,Union,9,56,65,86.2,,7,68,75,90.7,,10,61,71,85.9,,14,70,84,83.3,,8,52,60,86.7,,18,73,91,80.2,,16,82,98,83.7,,8,83,91,91.2,,,,,,,,
08,Boone,11,6561,United,6,31,37,83.8,,3,25,28,89.3,,6,27,33,81.8,,3,13,16,81.3,,0,0,0,,,0,0,0,,,0,0,0,,,0,0,0,,,,,,,,,
77,Polk,11,6579,Urbandale,28,199,227,87.7,,36,263,299,88.0,,49,217,266,81.6,,36,248,284,87.3,,26,265,291,91.1,,44,257,301,85.4,,47,259,306,84.6,,50,237,287,82.6,,,,,,,,
33,Fayette,01,6591,Valley,3,21,24,87.5,,1,24,25,96.0,,4,18,22,81.8,,3,20,23,87.0,,3,84,87,96.6,,13,57,70,81.4,,0,0,0,,,0,0,0,,,,,,,,,
89,Van Buren,15,6592,Van Buren,9,24,33,72.7,,13,24,37,64.9,,15,27,42,64.3,,11,16,27,59.3,,15,40,55,72.7,,20,25,45,55.6,,11,48,59,81.4,,9,51,60,85.0,,,,,,,,
25,Dallas,11,6615,Van Meter,2,46,48,95.8,,2,46,48,95.8,,9,56,65,86.2,,11,45,56,80.4,,3,56,59,94.9,,8,46,54,85.2,,2,55,57,96.5,,5,56,61,91.8,,,,,,,,
69,Montgomery,13,6651,Villisca,3,14,17,82.4,,5,16,21,76.2,,10,12,22,54.5,,13,35,48,72.9,,4,37,41,90.2,,12,35,47,74.5,,0,0,0,,,0,0,0,,,,,,,,,
06,Benton,10,6660,Vinton-Shellsburg,2,87,89,97.8,,18,79,97,81.4,,13,81,94,86.2,,13,90,103,87.4,,9,111,120,92.5,,22,88,110,80.0,,17,88,105,83.8,,14,76,90,84.4,,,,,,,,
44,Henry,15,6700,Waco,11,22,33,66.7,,13,23,36,63.9,,8,26,34,76.5,,7,21,28,75.0,,2,34,36,94.4,,8,17,25,68.0,,5,31,36,86.1,,4,26,30,86.7,,,,,,,,
81,Sac,05,6741,East Sac County,26,46,72,63.9,,12,49,61,80.3,,24,42,66,63.6,,31,43,74,58.1,,7,51,58,87.9,,17,41,58,70.7,,9,44,53,83,,11,51,62,82.3,,,,,,,,
58,Louisa,15,6759,Wapello,7,19,26,73.1,,13,28,41,68.3,,25,14,39,35.9,,9,23,32,71.9,,5,33,38,86.8,,14,23,37,62.2,,13,39,52,75,,11,38,49,77.6,,,,,,,,
09,Bremer,07,6762,Wapsie Valley,6,46,52,88.5,,13,45,58,77.6,,10,40,50,80.0,,8,48,56,85.7,,7,46,53,86.8,,14,40,54,74.1,,3,38,41,92.7,,13,32,45,71.1,,,,,,,,
92,Washington,10,6768,Washington,0,0,0,,,35,67,102,65.7,,43,68,111,61.3,,37,56,93,60.2,,21,93,114,81.6,,35,80,115,69.6,,33,102,135,75.6,,31,92,123,74.8,,,,,,,,
07,Black Hawk,07,6795,Waterloo,265,381,646,59.0,,269,397,666,59.6,,270,434,704,61.6,,280,406,686,59.2,,163,442,605,73.1,,181,458,639,71.7,,167,435,602,72.3,,122,396,518,76.4,,,,,,,,
25,Dallas,11,6822,Waukee,84,689,773,89.1,,86,652,738,88.3,,83,684,767,89.2,,93,669,762,87.8,,62,643,705,91.2,,75,596,671,88.8,,62,562,624,90.1,,77,540,617,87.5,,,,,,,,
09,Bremer,07,6840,Waverly-Shell Rock,15,126,141,89.4,,19,136,155,87.7,,28,144,172,83.7,,19,128,147,87.1,,15,154,169,91.1,,24,137,161,85.1,,16,139,155,89.7,,20,139,159,87.4,,,,,,,,
93,Wayne,15,6854,Wayne,3,29,32,90.6,,4,37,41,90.2,,8,33,41,80.5,,7,26,33,78.8,,2,27,29,93.1,,7,34,41,82.9,,5,35,40,87.5,,1,37,38,97.4,,,,,,,,
40,Hamilton,05,6867,Webster City,8,81,89,91.0,,19,78,97,80.4,,39,69,108,63.9,,30,86,116,74.1,,35,87,122,71.3,,36,104,140,74.3,,33,84,117,71.8,,26,100,126,79.4,,,,,,,,
74,Palo Alto,05,6921,West Bend-Mallard,1,19,20,95.0,,4,21,25,84.0,,6,13,19,68.4,,3,18,21,85.7,,6,14,20,70.0,,2,18,20,90.0,,7,16,23,69.6,,1,25,26,96.2,,,,,,,,
16,Cedar,10,6930,West Branch,19,49,68,72.1,,18,37,55,67.3,,13,41,54,75.9,,11,41,52,78.8,,10,46,56,82.1,,13,41,54,75.9,,11,53,64,82.8,,5,54,59,91.5,,,,,,,,
29,Des Moines,15,6937,West Burlington Ind,1,63,64,98.4,,8,55,63,87.3,,7,69,76,90.8,,17,49,66,74.2,,15,63,78,80.8,,15,45,60,75.0,,8,49,57,86,,7,60,67,89.6,,,,,,,,
33,Fayette,01,6943,West Central,3,19,22,86.4,,10,6,16,37.5,,6,14,20,70.0,,1,14,15,93.3,,1,20,21,95.2,,4,19,23,82.6,,2,17,19,89.5,,1,16,17,94.1,,,,,,,,
28,Delaware,01,6950,West Delaware County,12,74,86,86.0,,13,74,87,85.1,,9,84,93,90.3,,24,79,103,76.7,,14,87,101,86.1,,23,87,110,79.1,,3,103,106,97.2,,12,92,104,88.5,,,,,,,,
77,Polk,11,6957,West Des Moines,124,445,569,78.2,,121,429,550,78.0,,91,504,595,84.7,,113,467,580,80.5,,90,528,618,85.4,,116,464,580,80.0,,85,582,667,87.3,,106,508,614,82.7,,,,,,,,
31,Dubuque,01,6961,Western Dubuque,15,167,182,91.8,,26,172,198,86.9,,49,162,211,76.8,,36,205,241,85.1,,14,212,226,93.8,,24,185,209,88.5,,23,258,281,91.8,,23,250,273,91.6,,,,,,,,
43,Harrison,13,6969,West Harrison,9,12,21,57.1,,10,13,23,56.5,,5,11,16,68.8,,4,16,20,80.0,,1,15,16,93.8,,6,19,25,76.0,,5,21,26,80.8,,4,20,24,83.3,,,,,,,,
70,Muscatine,09,6975,West Liberty,26,86,112,76.8,,22,57,79,72.2,,30,52,82,63.4,,44,43,87,49.4,,19,60,79,75.9,,31,66,97,68.0,,21,70,91,76.9,,24,72,96,75.0,,,,,,,,
60,Lyon,12,6983,West Lyon,8,47,55,85.5,,13,55,68,80.9,,17,64,81,79.0,,14,51,65,78.5,,8,66,74,89.2,,9,67,76,88.2,,0,0,0,,,7,50,57,87.7,,,,,,,,
64,Marshall,07,6985,West Marshall,11,52,63,82.5,,19,47,66,71.2,,15,64,79,81.0,,10,61,71,85.9,,7,68,75,90.7,,10,57,67,85.1,,7,71,78,91,,6,55,61,90.2,,,,,,,,
67,Monona,12,6987,West Monona,10,22,32,68.8,,12,25,37,67.6,,16,19,35,54.3,,19,35,54,64.8,,10,37,47,78.7,,12,34,46,73.9,,9,35,44,79.5,,7,27,34,79.4,,,,,,,,
84,Sioux,12,6990,West Sioux,15,34,49,69.4,,19,38,57,66.7,,20,41,61,67.2,,25,28,53,52.8,,10,46,56,82.1,,9,44,53,83.0,,9,47,56,83.9,,4,42,46,91.3,,,,,,,,
97,Woodbury,12,6992,Westwood,7,18,25,72.0,,6,36,42,85.7,,10,37,47,78.7,,16,27,43,62.8,,5,34,39,87.2,,7,31,38,81.6,,6,35,41,85.4,,3,32,35,91.4,,,,,,,,
67,Monona,12,7002,Whiting,0,12,12,100.0,,small N,small N,small N,small N,,1,14,15,93.3,,6,7,13,53.8,,4,16,20,80.0,,3,10,13,76.9,,2,9,11,81.8,,6,10,16,62.5,,,,,,,,
48,Iowa,10,7029,Williamsburg,11,62,73,84.9,,10,74,84,88.1,,12,64,76,84.2,,9,68,77,88.3,,12,72,84,85.7,,14,61,75,81.3,,5,69,74,93.2,,5,77,82,93.9,,,,,,,,
70,Muscatine,09,7038,Wilton,9,60,69,87.0,,13,54,67,80.6,,22,53,75,70.7,,14,44,58,75.9,,10,54,64,84.4,,4,52,56,92.9,,3,48,51,94.1,,5,45,50,90.0,,,,,,,,
44,Henry,15,7047,Winfield-Mt Union,6,16,22,72.7,,8,19,27,70.4,,3,15,18,83.3,,19,13,32,40.6,,6,18,24,75.0,,5,27,32,84.4,,9,26,35,74.3,,8,21,29,72.4,,,,,,,,
61,Madison,11,7056,Winterset,21,92,113,81.4,,17,110,127,86.6,,26,94,120,78.3,,7,121,128,94.5,,8,126,134,94.0,,25,105,130,80.8,,18,122,140,87.1,,15,92,107,86.0,,,,,,,,
43,Harrison,13,7092,Woodbine,7,29,36,80.6,,11,29,40,72.5,,6,32,38,84.2,,3,30,33,90.9,,5,22,27,81.5,,12,22,34,64.7,,4,19,23,82.6,,5,22,27,81.5,,,,,,,,
97,Woodbury,12,7098,Woodbury Central,3,26,29,89.7,,10,35,45,77.8,,11,30,41,73.2,,14,30,44,68.2,,1,34,35,97.1,,9,31,40,77.5,,1,42,43,97.7,,2,47,49,95.9,,,,,,,,
25,Dallas,11,7110,Woodward-Granger,7,58,65,89.2,,6,68,74,91.9,,12,56,68,82.4,,8,51,59,86.4,,4,56,60,93.3,,12,44,56,78.6,,4,42,46,91.3,,8,38,46,82.6,,,,,,,,
,,,,,,,,,,,,,,,,,,,,,,,,,,,,,,,,,,,,,,,,,,,,,,,,,,,
,,,,State,"6,953","24,583","31,536",78.0,,"7,723","25,327","33,050",76.6,,"8,505","25,074","33,579",74.7,,"8,355","24,868","33,223",74.9,,"5,951","27,154","33,105",82.0,,"7,970","24,781","32,751",75.7,,"5,797","26,578","32,375",82.1,,"5,544","25,849","31,393",82.3,,,,,,,,
,,,,,,,,,,,,,,,,,,,,,,,,,,,,,,,,,,,,,,,,,,,,,,,,,,,
