"District","K.12.Count","K.12.ADA.Rate","Year","Grad-Rate-4-Year","Grad-Rate-5-Year","Enrollment-9-12","Dropout-Rate-9-12"
"9",556,96.2,"13-14",100,100,166,0.6
"18",331,96.6,"13-14",92,100,90,2.22
"27",1813,96.4,"13-14",99.06,98.86,464,0.22
"63",580,97,"13-14",97.14,97.22,171,1.17
"72",115,95,"13-14",NA,NA,NA,NA
"81",1231,95.2,"13-14",91.58,95.95,360,0.56
"99",656,95.5,"13-14",94.23,94.44,216,1.85
"108",267,97.9,"13-14",NA,NA,NA,NA
"126",1416,98.5,"13-14",93.07,94,410,1.71
"135",1204,95.6,"13-14",97.83,95.28,400,0.75
"153",673,95.9,"13-14",97.67,100,183,1.09
"171",500,95.3,"13-14",100,100,182,0
"225",5017,95.9,"13-14",92.5,92.21,1256,1.19
"234",1299,95.4,"13-14",89.01,96.75,380,1.84
"243",195,96.1,"13-14",NA,NA,15,20
"261",10132,96.4,"13-14",94.26,95.1,2551,1.25
"279",848,96,"13-14",100,98.63,266,0
"333",214,92.9,"13-14",100,100,198,0.51
"355",226,97.4,"13-14",100,100,61,0
"387",1591,95.4,"13-14",87.74,89.13,433,1.62
"414",555,95.6,"13-14",97.56,100,191,1.57
"423",292,95.3,"13-14",NA,NA,11,0
"441",575,94.7,"13-14",100,89.47,183,0.55
"472",1788,97.2,"13-14",94.64,98.15,512,1.56
"504",646,96,"13-14",94.87,97.1,270,0.37
"513",454,96.1,"13-14",100,100,129,0
"540",657,95.6,"13-14",91.84,98,200,1.5
"549",473,96,"13-14",100,90.91,143,1.4
"576",593,94.5,"13-14",92.31,98,159,5.66
"585",658,96.5,"13-14",98.18,96,225,0.44
"594",794,96,"13-14",100,100,205,0.49
"603",92,95.9,"13-14",NA,NA,NA,NA
"609",1495,95.7,"13-14",90.32,96.03,476,1.47
"621",4872,96.2,"13-14",95.29,94.55,1478,1.49
"657",943,95.4,"13-14",92.86,89.02,259,2.32
"720",1718,96,"13-14",95.15,100,430,0.93
"729",2266,95.6,"13-14",91.05,93.55,753,3.19
"747",645,96.1,"13-14",94.87,92.68,180,0.56
"819",640,95,"13-14",93.02,92.5,195,4.62
"846",574,96.6,"13-14",100,97.5,182,0
"873",473,94.9,"13-14",95.24,95.65,154,5.84
"882",4874,93.7,"13-14",77.39,82.62,1220,7.46
"914",922,95.8,"13-14",71.74,88.89,286,12.59
"916",249,95.6,"13-14",87.5,92.86,68,2.94
"918",518,95.6,"13-14",90.48,97.62,173,1.73
"936",1161,95.3,"13-14",85.53,82.19,339,3.54
"977",668,95.7,"13-14",90.28,89.74,221,0.9
"981",2131,96.1,"13-14",93.28,97.27,624,0.8
"999",1791,96.6,"13-14",90.74,91.22,480,1.46
"1044",5310,95.7,"13-14",97.18,96.96,1520,0.66
"1053",18021,94.6,"13-14",85.02,84.69,5029,4.85
"1062",1477,96.4,"13-14",91.26,91.18,408,0.98
"1071",1440,94.5,"13-14",89.58,91.09,415,5.06
"1079",1086,94.6,"13-14",92.11,96.05,334,1.2
"1080",484,96,"13-14",97.22,97.73,144,0
"1082",1554,95.6,"13-14",94.07,96.43,538,1.49
"1089",454,95.7,"13-14",90.48,93.94,146,2.05
"1093",751,93.9,"13-14",93.33,97.18,220,3.18
"1095",666,96.3,"13-14",96.77,97.96,159,1.26
"1107",1407,94.8,"13-14",94.92,90.82,433,0
"1116",1799,95.2,"13-14",95.3,93.38,541,2.22
"1134",309,96.6,"13-14",100,100,101,0
"1152",1087,95.8,"13-14",94.29,91.14,298,1.68
"1197",1050,96,"13-14",92.11,94.29,333,1.8
"1206",938,95.8,"13-14",88.57,96.88,273,1.47
"1211",1448,95.1,"13-14",94.32,92.77,374,2.67
"1215",324,95.3,"13-14",100,100,92,0
"1218",323,95.4,"13-14",95.65,100,96,2.08
"1221",2101,95.5,"13-14",90.74,92.04,560,1.61
"1224",59,95.7,"13-14",NA,NA,19,0
"1233",1360,96.9,"13-14",97.3,99.19,405,0.74
"1278",3848,94.7,"13-14",86.61,84.8,1099,5.82
"1332",754,95.6,"13-14",90.2,95.92,192,5.73
"1337",5652,95.9,"13-14",94.37,94.1,1353,1.4
"1350",495,95.6,"13-14",100,94.12,138,3.62
"1359",488,94.7,"13-14",94.12,89.19,148,3.38
"1368",796,93.2,"13-14",85.07,81.67,243,2.47
"1413",402,95.8,"13-14",92.86,100,130,0.77
"1431",459,94.8,"13-14",96.3,97.44,218,0.46
"1449",83,94.5,"13-14",90.91,95,44,0
"1476",9324,95,"13-14",85.41,87.66,2454,2.69
"1503",1547,96,"13-14",90.99,95.45,479,2.09
"1576",2699,95.7,"13-14",97.59,94.93,736,0.54
"1602",649,96.2,"13-14",92.5,97.67,201,1.49
"1611",17675,93.5,"13-14",82.77,83.23,4550,5.89
"1619",1249,95.6,"13-14",89.61,100,379,3.43
"1638",1653,96.2,"13-14",97.69,100,572,0.87
"1675",168,96.9,"13-14",NA,NA,14,0
"1701",2361,95.9,"13-14",83.96,92.89,730,3.29
"1719",752,96.1,"13-14",98.15,100,212,0
"1737",38132,95.5,"13-14",81.68,84.04,8873,6.49
"1782",109,96.2,"13-14",NA,NA,30,0
"1791",885,97.6,"13-14",96.88,98,253,0.4
"1863",11160,96,"13-14",91.49,91.56,3288,2.22
"1908",492,95.9,"13-14",96.97,100,143,0
"1917",453,95.7,"13-14",93.33,96.88,132,1.52
"1926",704,95.1,"13-14",80.77,88.46,233,2.15
"1944",875,95,"13-14",96.3,95,247,3.24
"1953",660,94.7,"13-14",95.83,96.88,208,0.48
"1963",599,95,"13-14",95.35,95.12,168,1.19
"1965",521,96.3,"13-14",96,NA,158,0.63
"1968",978,95.5,"13-14",92.31,94.92,304,2.96
"1970",513,94.7,"13-14",96.15,93.75,128,1.56
"1972",377,95,"13-14",100,100,131,0
"1975",421,95.6,"13-14",96.55,100,102,0.98
"1989",546,95.3,"13-14",90.91,95.56,175,1.14
"2007",620,95,"13-14",91.94,95.83,277,2.17
"2088",799,96.4,"13-14",90.91,100,239,1.67
"2097",466,96.1,"13-14",88.24,100,142,0.7
"2113",263,96.3,"13-14",96.15,88.89,92,1.09
"2124",1429,95.4,"13-14",87.36,85.19,349,1.72
"2151",169,96.3,"13-14",97.37,96.67,140,0.71
"2169",1783,96.3,"13-14",88.33,92.59,509,2.36
"2205",160,94.1,"13-14",85,100,92,3.26
"2295",1213,96.1,"13-14",92.77,96.39,359,1.39
"2313",4343,95.7,"13-14",80.15,90.08,1118,5.28
"2322",2148,95.4,"13-14",93.75,89.24,639,2.19
"2369",501,95.4,"13-14",95.83,95.12,131,2.29
"2376",466,95.9,"13-14",98.39,100,244,1.64
"2403",889,94.5,"13-14",95.92,98.68,367,1.09
"2457",440,96.1,"13-14",96.67,96.3,139,1.44
"2466",1424,96.7,"13-14",96.2,100,410,0.24
"2493",49,95.7,"13-14",NA,NA,NA,NA
"2502",558,95.2,"13-14",97.73,92.31,174,1.15
"2511",2069,95.3,"13-14",91.95,96.03,635,2.68
"2520",360,96.7,"13-14",100,100,116,0.86
"2556",339,96.3,"13-14",89.29,100,94,5.32
"2673",696,95.8,"13-14",95,96.67,198,1.01
"2682",510,95,"13-14",97.44,94.44,148,0.68
"2709",1741,95.1,"13-14",87.59,96.12,525,4.19
"2718",588,95.6,"13-14",97.96,97.78,180,0.56
"2727",681,95.7,"13-14",93.18,97.96,178,0
"2754",533,95.4,"13-14",95.24,100,156,1.28
"2763",838,96.6,"13-14",92.06,94.55,296,6.08
"2766",337,95.7,"13-14",91.67,95.45,98,1.02
"2772",236,96.9,"13-14",NA,NA,NA,NA
"2781",1261,95.4,"13-14",91.03,97.59,358,4.19
"2826",1633,95,"13-14",93.02,96.67,514,1.95
"2834",296,94.8,"13-14",87.5,90.91,74,2.7
"2846",383,96.3,"13-14",92,88.24,98,0
"2862",692,96,"13-14",88.89,96.08,212,1.89
"2977",704,95.8,"13-14",84.44,97.83,208,0.96
"2988",804,96.7,"13-14",100,97.37,238,0
"3029",1299,94.9,"13-14",93.64,93.07,432,3.01
"3033",366,95.3,"13-14",NA,NA,10,10
"3042",757,95.3,"13-14",100,100,227,0
"3060",1472,97.1,"13-14",87.16,95.05,460,2.39
"3105",1433,95.2,"13-14",93.33,95.88,428,0.93
"3114",4001,95.9,"13-14",96.85,98.38,1108,0.72
"3119",863,95.1,"13-14",95.38,98.48,264,0.38
"3141",14068,95.6,"13-14",90.39,90.3,3602,1.94
"3150",1212,96.3,"13-14",96.88,93,401,1.25
"3154",568,96.6,"13-14",92.31,95.65,176,1.7
"3168",695,95.5,"13-14",97.87,98.21,222,1.35
"3186",376,96,"13-14",100,100,124,0.81
"3195",1228,95.2,"13-14",91.76,90.91,394,3.81
"3204",937,95.3,"13-14",97.83,97.83,211,0.95
"3231",7092,96.9,"13-14",94.34,97.83,1904,0.21
"3312",2011,94.8,"13-14",89.57,91.25,621,1.45
"3330",322,95.1,"13-14",94.12,94.44,78,2.56
"3348",468,95.8,"13-14",100,100,136,5.15
"3375",1837,95.7,"13-14",92.91,90.63,556,0.9
"3420",741,95.8,"13-14",92.86,100,214,1.4
"3465",382,95.5,"13-14",86.67,100,94,1.06
"3537",308,94.6,"13-14",94.44,89.29,86,1.16
"3555",634,96.7,"13-14",100,95.74,187,2.14
"3600",2155,96,"13-14",95.97,97.58,652,1.23
"3609",454,95.4,"13-14",88.89,92.59,121,0.83
"3645",3430,95.4,"13-14",93.27,94.31,955,1.57
"3691",859,94.9,"13-14",92.31,95,274,1.09
"3715",7577,96.2,"13-14",91.53,95.15,1961,2.14
"3744",677,95.7,"13-14",97.67,91.89,194,0.52
"3798",661,97,"13-14",93.62,96.23,177,0.56
"3816",512,95.2,"13-14",93.55,100,142,0
"3841",877,95,"13-14",88.14,88.71,264,5.68
"3897",86,96.3,"13-14",NA,NA,NA,NA
"3906",482,96.2,"13-14",100,97.5,156,1.92
"3942",690,96,"13-14",95.56,93.18,212,1.42
"3978",540,95.7,"13-14",93.94,97.3,156,3.85
"4023",748,96.6,"13-14",90.16,95.35,231,5.19
"4033",675,94.3,"13-14",95.31,92.59,225,3.56
"4041",1653,95.3,"13-14",84.87,89.92,530,4.72
"4043",709,96.1,"13-14",100,100,211,0.47
"4068",416,95.1,"13-14",93.1,95.65,128,0.78
"4086",2260,95.6,"13-14",92.54,94.22,638,3.61
"4104",5614,94.4,"13-14",87.06,84.42,1473,5.57
"4122",550,95.8,"13-14",96.97,100,164,3.05
"4131",4000,94.2,"13-14",90.48,93.13,1107,3.79
"4149",1441,96.1,"13-14",97.17,97.03,423,0
"4203",828,95.3,"13-14",88.46,94.12,261,1.92
"4212",323,97.2,"13-14",87.5,100,78,0
"4269",524,95.1,"13-14",88.89,97.14,134,3.73
"4271",1356,95.9,"13-14",89.29,89.53,378,0.79
"4356",871,96.4,"13-14",88.57,98.53,245,0.82
"4419",819,94.6,"13-14",91.38,94.92,235,1.7
"4437",565,95.9,"13-14",97.56,93.94,161,1.86
"4446",1115,96.2,"13-14",90.79,91.67,328,1.52
"4491",405,95.8,"13-14",87.5,80.95,113,3.54
"4505",240,95,"13-14",92.86,100,67,2.99
"4509",227,95.4,"13-14",82.35,83.33,64,6.25
"4518",217,95.3,"13-14",100,100,61,0
"4527",630,96.5,"13-14",97.73,97.3,167,0
"4536",2219,95.8,"13-14",86.62,92.31,681,3.52
"4554",1326,96.1,"13-14",89.01,98.94,394,0.76
"4572",351,95.9,"13-14",95.45,100,105,1.9
"4581",5671,92.8,"13-14",81.79,79.47,1583,3.85
"4599",652,96.2,"13-14",90.38,94.44,184,1.09
"4617",1622,95.8,"13-14",91.95,97.17,425,1.88
"4644",513,96,"13-14",100,93.75,135,2.22
"4662",1038,96.7,"13-14",83.16,93.68,353,2.83
"4689",552,94.7,"13-14",92.68,82.35,164,1.22
"4725",3417,95.2,"13-14",90.87,96.24,848,2.48
"4772",799,96.1,"13-14",91.67,94.44,258,2.71
"4773",881,96.3,"13-14",93.51,98.55,316,0.63
"4774",831,95.9,"13-14",97.53,96.61,354,1.13
"4775",204,96,"13-14",100,100,57,0
"4776",546,94.9,"13-14",90.7,86.96,181,1.66
"4777",671,94.8,"13-14",93.18,95.65,194,2.06
"4778",300,94.9,"13-14",NA,NA,14,0
"4779",1473,96.6,"13-14",96.94,98.82,368,0.27
"4784",3165,96,"13-14",88.52,94.17,937,1.71
"4785",511,95.8,"13-14",80.56,97.83,165,4.24
"4787",163,96.8,"13-14",NA,NA,17,0
"4788",561,95.8,"13-14",97.3,97.67,160,0
"4797",2924,96.5,"13-14",97.52,95.81,776,1.03
"4860",363,96.7,"13-14",NA,NA,NA,NA
"4869",1322,94.1,"13-14",92.05,88.89,399,1
"4878",710,95.7,"13-14",96.15,95.92,233,2.15
"4890",956,95.7,"13-14",89.83,97.18,263,3.8
"4905",114,95.2,"13-14",NA,NA,NA,NA
"4978",161,94.1,"13-14",100,100,42,0
"4995",976,97,"13-14",97.5,96.67,309,0
"5013",2689,95.2,"13-14",84.91,88.89,702,2.42
"5049",4860,94.1,"13-14",89.44,90.18,1303,3.68
"5121",754,96.7,"13-14",98.39,98.11,241,0.83
"5139",184,96.7,"13-14",90,91.67,48,0
"5160",1168,96.4,"13-14",92.86,98.48,310,1.94
"5163",715,94.9,"13-14",88.68,97.87,213,1.41
"5166",2277,97.2,"13-14",92.86,98.17,683,0.73
"5184",1892,95.3,"13-14",89.33,94.44,587,2.56
"5250",4488,96.8,"13-14",96.01,96.58,1261,1.03
"5256",697,96.7,"13-14",97.96,95,188,1.06
"5283",734,95,"13-14",91.49,95.92,231,3.46
"5310",709,95.1,"13-14",90.48,84.38,186,3.23
"5325",653,94.6,"13-14",95.56,93.44,217,1.84
"5328",51,97.1,"13-14",NA,NA,NA,NA
"5463",1245,95,"13-14",96.43,90.72,351,2.85
"5486",380,94.8,"13-14",96.67,92.59,120,0.83
"5508",315,96.2,"13-14",100,100,90,2.22
"5510",664,94.6,"13-14",96,95.56,196,2.04
"5607",766,97.2,"13-14",95.65,100,220,1.82
"5643",1119,96.2,"13-14",97.18,97.37,302,0.99
"5697",471,96.8,"13-14",91.89,100,153,0
"5724",243,95.9,"13-14",100,100,67,0
"5751",662,97,"13-14",100,98.18,223,0.9
"5805",1413,93,"13-14",95.1,94.74,460,3.26
"5823",361,95.5,"13-14",NA,NA,NA,NA
"5832",210,96.6,"13-14",NA,NA,NA,NA
"5877",1784,96.5,"13-14",96.36,99.05,464,0.22
"5895",270,96.3,"13-14",100,87.5,63,1.59
"5922",664,95.8,"13-14",96.36,96.72,223,1.35
"5949",1053,97.2,"13-14",91.67,92.86,300,2.67
"5976",1064,96,"13-14",94.59,85.14,332,3.01
"5994",809,96,"13-14",96.43,84.78,224,0.89
"6003",362,95.6,"13-14",100,96.88,122,0.82
"6012",567,95.4,"13-14",93.02,97.5,163,1.23
"6030",1177,97.9,"13-14",89.71,81.54,318,4.4
"6035",650,92,"13-14",92.19,97.22,214,2.34
"6039",16057,99,"13-14",85.62,89.32,3841,1.85
"6091",296,95,"13-14",96.55,93.51,257,1.56
"6093",1439,97.7,"13-14",96.45,95.05,467,1.5
"6094",533,94.2,"13-14",95,100,142,0.7
"6095",729,95.9,"13-14",94.74,100,232,0.86
"6096",558,94.9,"13-14",94.87,90.32,148,2.7
"6097",142,95.6,"13-14",90.91,87.5,47,4.26
"6098",1543,94.4,"13-14",91,93.07,414,3.14
"6099",648,95.9,"13-14",89.66,92.98,209,2.39
"6100",557,95.5,"13-14",97.1,95.38,245,1.22
"6101",7155,96,"13-14",97.04,97.3,1993,0.95
"6102",2094,95.6,"13-14",93.62,91.97,594,2.02
"6120",1300,95.3,"13-14",85.71,97.8,409,0.98
"6138",369,95.8,"13-14",100,100,112,0
"6165",246,96.6,"13-14",84.21,100,80,3.75
"6175",604,94.2,"13-14",91.89,98.08,184,0.54
"6219",2475,94.2,"13-14",45.33,89.47,674,3.41
"6246",102,96.2,"13-14",NA,NA,NA,NA
"6264",889,94.8,"13-14",92.42,98.15,271,1.85
"6273",588,96.2,"13-14",98.15,96.61,246,0.41
"6408",985,96.9,"13-14",86.67,92.45,290,2.76
"6453",782,96.5,"13-14",98,100,231,0.43
"6460",737,96.4,"13-14",94.83,100,218,0.46
"6462",257,94.6,"13-14",95.83,95,80,1.25
"6471",431,96.4,"13-14",92.59,91.89,137,2.19
"6509",370,96.1,"13-14",100,100,144,0.69
"6512",400,95.5,"13-14",97.56,95.45,145,2.76
"6516",67,97.2,"13-14",NA,NA,NA,NA
"6534",737,96.9,"13-14",98,100,221,0.45
"6536",1233,95.7,"13-14",95.83,93,405,1.98
"6561",241,96,"13-14",NA,NA,NA,NA
"6579",4198,95.9,"13-14",97.77,96.07,1252,0.48
"6591",395,96.9,"13-14",NA,93.48,14,0
"6592",640,96.2,"13-14",90.57,86.84,184,2.17
"6615",689,96,"13-14",100,100,212,0.94
"6633",263,95.5,"13-14",NA,NA,NA,NA
"6651",294,95.9,"13-14",NA,93.1,10,0
"6660",1586,94.6,"13-14",88.35,91.87,476,2.31
"6700",473,95.1,"13-14",90.32,91.67,130,2.31
"6741",976,95.5,"13-14",97.83,100,305,0
"6750",102,94.9,"13-14",NA,NA,22,4.55
"6759",691,95.7,"13-14",90.16,86.44,236,1.69
"6762",765,96.6,"13-14",98.28,100,194,0
"6768",1778,95.7,"13-14",85.82,91.67,546,1.28
"6795",12482,94.4,"13-14",74.18,73.78,3176,5.73
"6822",8866,96.2,"13-14",98.06,98.92,2001,0.5
"6840",2227,96.2,"13-14",95.38,95.88,641,2.03
"6854",565,96.2,"13-14",95.35,100,148,2.03
"6867",1847,96.4,"13-14",90.08,96.88,546,1.83
"6921",376,95.6,"13-14",96,100,119,2.52
"6930",832,96.6,"13-14",88.57,98.51,250,1.2
"6937",934,95.5,"13-14",85.45,90.7,257,1.17
"6943",264,96.8,"13-14",96.55,100,99,0
"6950",1530,96.1,"13-14",95.9,95.35,500,1.4
"6957",9700,96.4,"13-14",92.9,91.65,2838,2.43
"6961",3209,96.3,"13-14",96.8,98.91,1085,0.46
"6969",356,93.9,"13-14",97.06,97.3,119,0.84
"6975",1200,95.7,"13-14",94.94,94.67,320,0.94
"6983",891,97.3,"13-14",96.23,100,216,1.85
"6985",976,96.2,"13-14",96.92,100,250,0.8
"6987",688,94.9,"13-14",86.11,92.31,196,5.61
"6990",756,95.8,"13-14",70,93.18,167,1.2
"6992",557,94.9,"13-14",100,92.86,160,0
"7002",217,96,"13-14",100,93.75,52,0
"7029",1219,96.6,"13-14",91.35,100,416,0.72
"7038",849,95.3,"13-14",91.94,93.44,241,2.9
"7047",421,94.5,"13-14",95.83,89.29,133,4.51
"7056",1834,96.7,"13-14",98.44,97.94,554,1.26
"7092",439,97,"13-14",100,91.67,118,0.85
"7098",609,96.3,"13-14",96.36,97.73,186,0
"7110",839,95.3,"13-14",90.24,95.35,212,0.94
"9",589,95.7,"14-15",97.78,100,169,0
"18",355,95.8,"14-15",94.12,92,81,0
"27",1894,96,"14-15",95.8,99.06,483,0.83
"63",580,96.9,"14-15",100,97.14,159,0
"72",121,94.7,"14-15",NA,NA,NA,NA
"81",1303,95.1,"14-15",96.51,92.63,356,0.28
"99",658,94.9,"14-15",87.88,94.23,208,1.44
"108",271,96.9,"14-15",NA,NA,NA,NA
"126",1451,94.6,"14-15",91.43,93.07,411,0.24
"135",1178,95.3,"14-15",97.89,97.83,382,1.05
"153",707,95.5,"14-15",97.73,97.67,186,1.61
"171",539,94.9,"14-15",100,100,221,0.9
"225",4987,95.4,"14-15",92.9,95.02,1250,1.6
"234",1322,95.3,"14-15",93.26,92.31,381,2.36
"243",245,96.9,"14-15",NA,NA,NA,NA
"261",11116,96,"14-15",93.52,97.13,2679,1.08
"279",883,95.6,"14-15",94.92,100,276,1.09
"333",395,92.9,"14-15",93.48,100,202,0.5
"355",248,96.7,"14-15",100,100,64,0
"387",1666,95.3,"14-15",94.34,92.45,450,2.22
"414",619,95.6,"14-15",100,97.56,175,0.57
"423",338,95.5,"14-15",NA,NA,NA,NA
"441",644,94.5,"14-15",97.37,100,223,0.45
"472",1820,97.6,"14-15",97.69,96.43,539,0.93
"504",643,96.1,"14-15",97.37,98.72,256,2.34
"513",474,95.1,"14-15",100,100,130,2.31
"540",654,95,"14-15",90.48,95.92,201,1.99
"549",525,95.2,"14-15",97.06,100,150,1.33
"576",579,94.7,"14-15",92.59,97.44,144,1.39
"585",663,95.9,"14-15",96.49,98.18,214,1.87
"594",820,95.3,"14-15",96,100,206,1.94
"603",209,95.6,"14-15",NA,NA,NA,NA
"609",1525,95.1,"14-15",96.55,95.16,468,1.71
"621",4946,95.6,"14-15",92.19,97.51,1465,0.89
"657",1003,94.8,"14-15",86.96,96.43,254,3.15
"720",1878,95.9,"14-15",93.62,96.12,455,1.1
"729",2434,96.1,"14-15",90.37,92.63,750,2.8
"747",699,96.2,"14-15",94.44,94.87,195,0
"819",675,94.2,"14-15",81.4,93.02,178,5.62
"846",588,95.9,"14-15",88.37,100,184,3.26
"873",532,94.2,"14-15",94.29,95.24,136,5.15
"882",4804,93.6,"14-15",73.43,83.75,1188,5.22
"914",984,95.4,"14-15",76.19,76.09,347,8.07
"916",255,96.3,"14-15",90,87.5,73,0
"918",550,95.5,"14-15",94.87,90.48,160,1.88
"936",1200,94.9,"14-15",89.47,93.42,332,2.71
"977",724,95.5,"14-15",94.44,94.44,197,1.52
"981",2160,98.8,"14-15",97.95,93.28,629,0.95
"999",1910,96.5,"14-15",92.59,92.59,502,2.39
"1044",5766,95.2,"14-15",95.24,98.59,1499,0.53
"1053",19143,93.9,"14-15",83.38,88.54,5061,2.87
"1062",1506,95.8,"14-15",92.77,96.12,414,0.97
"1071",1504,94,"14-15",89.47,91.67,394,3.55
"1079",1154,94,"14-15",82.95,93.42,337,2.97
"1080",504,95.9,"14-15",97.06,100,141,1.42
"1082",1608,95.3,"14-15",91.96,95.56,516,2.52
"1089",476,95.2,"14-15",90.91,90.48,153,1.96
"1093",800,93.5,"14-15",94.83,97.78,208,0.48
"1095",771,96.2,"14-15",94.59,96.77,168,0.6
"1107",1432,94.6,"14-15",97.06,94.92,443,0
"1116",1702,95,"14-15",91.45,96.67,507,2.37
"1134",308,95.2,"14-15",95.24,100,93,1.08
"1152",1111,95.3,"14-15",95.38,95.71,296,1.35
"1197",1117,95.7,"14-15",88.61,94.74,321,2.8
"1206",1013,95.5,"14-15",97.1,88.57,297,1.68
"1211",1630,94.9,"14-15",91.55,95.45,369,2.17
"1215",335,95.5,"14-15",94.44,100,91,1.1
"1218",317,95.4,"14-15",96,95.65,97,0
"1221",2239,96.2,"14-15",88.19,92.59,589,2.72
"1233",1450,97.7,"14-15",93.91,99.1,401,1.25
"1278",3934,93.8,"14-15",84.71,88.19,1079,4.63
"1332",748,95.4,"14-15",86.67,94.12,169,4.73
"1337",5858,95.6,"14-15",94.63,96.03,1443,2.08
"1350",505,95.4,"14-15",87.5,100,146,2.74
"1359",483,94.9,"14-15",94.59,94.12,137,0
"1368",906,93.2,"14-15",86.21,92.54,245,2.86
"1413",412,95.2,"14-15",96.77,92.86,130,3.08
"1431",460,94.6,"14-15",96.36,96.3,225,0.89
"1476",9673,95.1,"14-15",88.49,87.57,2537,2.68
"1503",1640,95.8,"14-15",95.87,91.89,491,0.81
"1576",2798,95.4,"14-15",95.35,97.59,738,0.41
"1602",684,95.8,"14-15",89.09,92.5,194,0
"1611",18215,94.1,"14-15",82.6,85.86,4514,3.88
"1619",1269,95.2,"14-15",89.77,92.21,368,2.17
"1638",1730,95.9,"14-15",98.44,97.69,582,0.34
"1675",188,96.9,"14-15",NA,NA,NA,NA
"1701",2429,95.4,"14-15",91.79,90.16,713,2.52
"1719",800,96.8,"14-15",97.67,100,213,0.47
"1737",44809,95.5,"14-15",78.32,85.27,9003,6.22
"1782",128,97.9,"14-15",90,NA,31,0
"1791",919,96.7,"14-15",100,98.44,250,0.4
"1863",11910,95.5,"14-15",90.04,92.65,3297,3.28
"1908",509,96.2,"14-15",96.88,100,154,1.95
"1917",479,94.8,"14-15",96.97,96.67,142,1.41
"1926",832,95.3,"14-15",91.3,86.54,228,2.63
"1944",945,95.1,"14-15",92.86,96.3,246,1.63
"1953",695,94.6,"14-15",100,97.92,210,0
"1963",630,95.2,"14-15",91.43,95.35,167,0.6
"1965",539,95.2,"14-15",100,96,164,0.61
"1968",973,95.1,"14-15",90.77,94.87,288,2.43
"1970",540,94.3,"14-15",95,100,138,2.17
"1972",375,94.7,"14-15",100,100,119,0.84
"1975",499,95.2,"14-15",100,96.55,105,0
"1989",576,95.1,"14-15",97.62,93.18,180,1.67
"2007",641,94.4,"14-15",95.65,93.55,273,1.1
"2088",812,96.3,"14-15",90,92.42,232,1.29
"2097",473,95.7,"14-15",97.3,97.06,145,1.38
"2113",293,95.7,"14-15",100,96.15,79,0
"2124",1527,94.8,"14-15",88.16,90.91,365,3.01
"2151",416,95.6,"14-15",97.06,97.37,125,1.6
"2169",1858,95.8,"14-15",87.25,95.83,507,2.96
"2205",211,94.3,"14-15",100,85,98,2.04
"2295",1220,95.5,"14-15",94.38,96.39,382,2.09
"2313",4459,94.8,"14-15",79.13,85.77,1157,7.26
"2322",2247,94.7,"14-15",86.67,94.44,651,2.46
"2369",515,95.6,"14-15",95.24,100,143,1.4
"2376",461,95.9,"14-15",96.61,98.39,221,0.45
"2403",897,94.7,"14-15",100,96.94,364,0.55
"2457",490,95.8,"14-15",96.43,96.67,142,0
"2466",1477,96.6,"14-15",98.02,96.2,423,0.47
"2493",53,95.2,"14-15",NA,NA,NA,NA
"2502",644,95.8,"14-15",95.74,97.73,168,0.6
"2511",2151,95.4,"14-15",94.04,95.97,611,0.65
"2520",355,96.6,"14-15",100,100,105,0.95
"2556",415,96.5,"14-15",100,96.43,86,1.16
"2673",732,95.2,"14-15",100,97.5,179,1.12
"2682",554,94,"14-15",89.74,97.44,140,2.86
"2709",1765,95.4,"14-15",89.26,91.03,518,4.25
"2718",611,95.2,"14-15",97.96,97.96,178,1.12
"2727",727,95.5,"14-15",100,95.45,186,0
"2754",571,95.5,"14-15",93.94,95.24,154,2.6
"2763",971,96.6,"14-15",86.76,93.65,327,6.42
"2766",368,94.9,"14-15",91.3,95.83,94,1.06
"2772",250,96,"14-15",NA,NA,NA,NA
"2781",1327,96.4,"14-15",94.25,91.03,338,1.18
"2826",1623,95.2,"14-15",91.82,93.8,516,0.78
"2834",306,94.1,"14-15",94.74,93.75,76,1.32
"2846",383,96.7,"14-15",100,96,95,0
"2862",707,94.9,"14-15",87.1,91.11,192,2.08
"2977",703,95.4,"14-15",89.47,97.78,211,0.95
"2988",808,97,"14-15",98.04,100,220,0
"3029",1363,94.7,"14-15",90.32,93.64,402,1.74
"3033",401,95.6,"14-15",NA,NA,NA,NA
"3042",803,95.3,"14-15",96.36,100,206,0.97
"3060",1517,96.9,"14-15",90.08,93.58,468,2.14
"3105",1525,93.8,"14-15",91.92,95.24,452,0.88
"3114",4078,97.2,"14-15",96.11,97.65,1116,1.25
"3119",873,95.2,"14-15",97.01,96.92,267,1.87
"3141",14589,95.3,"14-15",93.04,94.57,3713,2.18
"3150",1271,95.3,"14-15",89.9,97.92,419,1.91
"3154",596,95.8,"14-15",87.5,96.15,158,1.27
"3168",806,95.7,"14-15",100,97.87,217,0.46
"3186",396,95.5,"14-15",97.06,100,113,0
"3195",1469,95.6,"14-15",91.11,91.76,417,3.12
"3204",962,95.3,"14-15",93.75,97.83,206,1.94
"3231",7766,96.4,"14-15",98.07,95.77,2012,1.29
"3312",2054,94.6,"14-15",91.14,90.8,605,3.64
"3330",341,95.5,"14-15",95.83,94.12,85,1.18
"3348",484,95.9,"14-15",80.95,100,139,0
"3375",1892,94.9,"14-15",89.43,93.62,532,1.32
"3420",769,95.5,"14-15",95.56,92.86,224,3.13
"3465",377,95.5,"14-15",100,93.33,91,2.2
"3537",324,93.6,"14-15",100,94.44,83,1.2
"3555",647,96.6,"14-15",92.68,100,182,0
"3600",2233,95.5,"14-15",98.91,97.32,661,0.91
"3609",522,95.2,"14-15",94.44,90,147,2.04
"3645",3432,96.1,"14-15",91.98,95.67,969,1.03
"3691",849,93.3,"14-15",91.18,96.92,264,1.89
"3715",7807,95.9,"14-15",93.67,95.17,2077,1.44
"3744",744,95.4,"14-15",100,100,194,0
"3798",672,97.2,"14-15",92.68,93.62,190,2.11
"3816",529,94.7,"14-15",97.44,100,141,1.42
"3841",891,94.7,"14-15",89.39,91.53,262,2.29
"3897",90,96.7,"14-15",100,92.31,43,4.65
"3906",531,96,"14-15",97.06,100,149,0
"3942",788,95.7,"14-15",97.92,95.56,220,2.73
"3978",621,93.9,"14-15",96.97,93.94,145,1.38
"4023",811,96.5,"14-15",90.7,90.16,215,1.86
"4033",753,94.4,"14-15",93.62,96.88,201,1.49
"4041",1723,98.7,"14-15",86.99,92.44,533,4.13
"4043",734,95.8,"14-15",95.45,100,219,1.37
"4068",443,94.6,"14-15",91.67,100,124,0
"4086",2440,95.3,"14-15",94.19,97.76,660,2.42
"4104",5611,93.8,"14-15",87.23,88.41,1461,6.71
"4122",585,95.6,"14-15",92.86,96.97,175,1.14
"4131",4207,93.9,"14-15",87.55,93.04,1085,3.69
"4149",1486,96.1,"14-15",100,97.2,423,0.24
"4203",891,95.7,"14-15",85.29,94.23,287,1.74
"4212",361,91.4,"14-15",91.67,100,89,2.25
"4269",521,94.4,"14-15",91.89,96.3,140,2.86
"4271",1400,95.4,"14-15",93.42,95.24,360,1.39
"4356",867,95.8,"14-15",100,91.43,259,1.16
"4419",850,95.1,"14-15",98,94.83,217,0
"4437",566,97.1,"14-15",100,97.56,158,0.63
"4446",1155,95.7,"14-15",90,94.81,339,1.47
"4491",454,95.4,"14-15",89.47,87.5,111,0.9
"4505",246,96.1,"14-15",94.44,92.86,65,3.08
"4509",244,95.2,"14-15",94.12,88.24,NA,NA
"4518",233,95.2,"14-15",100,100,60,0
"4527",702,95.8,"14-15",90.7,97.73,176,3.41
"4536",2256,95.5,"14-15",89.74,92.25,671,2.68
"4554",1350,95.8,"14-15",94.37,96.7,392,0.26
"4572",378,95.8,"14-15",96.43,95.45,103,0
"4581",5726,92.7,"14-15",82.94,84.78,1617,6.62
"4599",640,96,"14-15",93.75,92.31,190,2.63
"4617",1732,95.9,"14-15",89.32,95.4,448,2.68
"4644",532,95.7,"14-15",96.77,100,152,0
"4662",1071,96.6,"14-15",92.68,89.47,342,1.17
"4689",553,94.5,"14-15",88.89,97.56,161,1.86
"4725",3549,94.9,"14-15",94.2,93.27,856,3.15
"4772",817,95.9,"14-15",96.15,94.44,231,3.46
"4773",905,95.9,"14-15",97.3,97.4,318,0.94
"4774",867,95.6,"14-15",97.85,97.53,359,1.67
"4775",190,95.8,"14-15",100,100,52,0
"4776",574,95.4,"14-15",84.09,90.7,191,2.62
"4777",667,94.7,"14-15",95.74,93.18,194,1.55
"4778",289,94.4,"14-15",NA,NA,NA,NA
"4779",1539,96.2,"14-15",98.77,98.98,382,0.79
"4784",3403,95.1,"14-15",93.09,92.34,963,0.83
"4785",517,95.3,"14-15",90.91,83.33,158,2.53
"4787",323,96.4,"14-15",NA,NA,10,30
"4788",619,95.9,"14-15",96.67,100,162,0
"4797",3111,96.3,"14-15",92,97.52,808,1.73
"4860",392,95.9,"14-15",NA,NA,NA,NA
"4869",1477,94.7,"14-15",91.89,94.32,387,3.88
"4878",738,96.9,"14-15",96.92,98.08,235,0.43
"4890",991,96.7,"14-15",89.55,89.83,254,3.15
"4905",139,93.8,"14-15",NA,NA,NA,NA
"4978",183,95,"14-15",NA,100,48,0
"4995",978,96.6,"14-15",98.57,100,308,0.97
"5013",2644,95.2,"14-15",88.44,89.94,733,3.41
"5049",5043,93.9,"14-15",84.92,91.3,1250,3.68
"5121",775,96.6,"14-15",96.36,100,236,1.27
"5139",221,96.8,"14-15",83.33,90,57,0
"5160",1177,96.1,"14-15",93.75,97.14,300,1.33
"5163",735,95,"14-15",87.5,90.57,226,1.77
"5166",2391,96.9,"14-15",95.71,94.16,670,0.75
"5184",1959,94.7,"14-15",94.66,90,598,3.01
"5250",4627,96.5,"14-15",97.12,97.34,1307,0.46
"5256",728,97,"14-15",96.97,97.96,206,0
"5283",773,93.9,"14-15",77.08,91.49,233,4.29
"5310",781,95.1,"14-15",89.8,90.48,193,5.18
"5325",669,93.9,"14-15",97.4,97.78,326,0.31
"5328",57,93.1,"14-15",NA,NA,NA,NA
"5463",1263,94.7,"14-15",93.24,97.62,340,2.35
"5486",443,95.7,"14-15",96.3,96.67,113,0.88
"5508",365,95.9,"14-15",92.86,100,95,0
"5510",650,94.7,"14-15",97.78,98,180,2.78
"5607",832,97.1,"14-15",96.43,95.65,221,0
"5643",1124,96.7,"14-15",96,97.18,308,1.3
"5697",496,96.4,"14-15",100,97.3,170,0.59
"5724",226,95.9,"14-15",100,100,65,1.54
"5751",669,96.3,"14-15",100,100,221,0.45
"5805",1480,93.4,"14-15",87.93,96.08,462,3.68
"5823",346,95.3,"14-15",NA,NA,NA,NA
"5832",217,96.6,"14-15",NA,NA,NA,NA
"5877",1840,96.3,"14-15",96.55,96.4,468,0.43
"5895",338,96,"14-15",90.91,100,61,3.28
"5922",699,94.9,"14-15",100,98.18,214,0.47
"5949",1097,97.4,"14-15",93.33,93.06,320,0.63
"5976",1098,95.1,"14-15",94.81,95.95,320,2.19
"5994",853,96.4,"14-15",100,98.21,229,0.87
"6003",402,94.9,"14-15",100,100,115,0.87
"6012",595,95.8,"14-15",93.18,97.67,175,2.29
"6030",1259,98.1,"14-15",88.46,91.18,332,6.93
"6035",657,96.1,"14-15",86.96,93.75,206,2.43
"6039",16069,95.5,"14-15",87.19,89.16,3942,2.36
"6091",915,95.7,"14-15",95.77,98.28,258,1.16
"6093",1462,97.5,"14-15",94.5,98.58,424,0.47
"6094",518,94.3,"14-15",90.91,95,148,0
"6095",766,95.9,"14-15",91.23,96.49,224,1.79
"6096",583,95.8,"14-15",NA,94.87,NA,NA
"6097",152,94.8,"14-15",100,90.91,46,0
"6098",1691,94,"14-15",92.86,95,441,1.81
"6099",666,95.7,"14-15",84,91.38,202,1.49
"6100",624,94.7,"14-15",98,97.1,227,2.2
"6101",7721,96.7,"14-15",97.59,97.89,1976,1.01
"6102",2210,95.4,"14-15",95.71,95.04,597,0.84
"6120",1312,95.9,"14-15",91.09,90.11,438,2.05
"6138",388,95.2,"14-15",92.59,100,123,0
"6165",266,95.6,"14-15",100,89.47,72,0
"6175",648,94.7,"14-15",97.5,91.89,188,3.72
"6219",2621,94.5,"14-15",53.22,86,705,3.26
"6246",119,95.8,"14-15",NA,NA,NA,NA
"6264",897,94.9,"14-15",94.12,95.45,265,0.75
"6273",902,96.4,"14-15",98.21,98.15,225,0.89
"6408",988,96.5,"14-15",85.71,94.67,268,3.36
"6453",807,96.1,"14-15",100,98,216,0.46
"6460",684,96.7,"14-15",97.92,94.83,203,0.49
"6462",297,94.5,"14-15",92.31,95.83,82,0
"6471",446,96.2,"14-15",93.55,96.3,144,0.69
"6509",436,95.6,"14-15",97.73,100,150,0.67
"6512",399,95,"14-15",91.3,97.56,121,4.96
"6516",71,95.3,"14-15",NA,NA,NA,NA
"6534",790,96.6,"14-15",97.5,98,238,0.42
"6536",1232,95.6,"14-15",95.88,95.83,392,0.77
"6561",263,96.2,"14-15",NA,NA,NA,NA
"6579",4257,95.4,"14-15",97.86,98.51,1252,0.48
"6591",386,97,"14-15",NA,NA,NA,NA
"6592",632,95.2,"14-15",88.37,94.34,187,3.74
"6615",731,95.7,"14-15",98.15,100,233,0
"6651",336,95.3,"14-15",NA,NA,NA,NA
"6660",1633,94.7,"14-15",79.41,95.15,502,4.18
"6700",500,95.1,"14-15",97.22,93.55,126,0.79
"6741",967,95.4,"14-15",97.1,98.91,287,0.7
"6750",87,95.3,"14-15",NA,NA,NA,NA
"6759",672,95.5,"14-15",98.08,95.08,232,0.86
"6762",756,95.3,"14-15",100,98.28,184,0
"6768",1836,95.5,"14-15",91.45,92.91,551,2.36
"6795",12920,94.3,"14-15",80.29,79.4,3202,3.25
"6822",9568,96.4,"14-15",98.42,99.14,2105,0.14
"6840",2488,95.7,"14-15",94.2,95.4,668,1.2
"6854",550,96.1,"14-15",100,97.67,148,0.68
"6867",1876,96.2,"14-15",93.18,92.62,536,4.29
"6921",437,95,"14-15",95.83,96,118,1.69
"6930",861,96,"14-15",96.55,97.14,244,2.05
"6937",1005,95,"14-15",95.16,87.27,259,0.39
"6943",353,95.9,"14-15",81.25,96.55,80,0
"6950",1682,95.6,"14-15",97.5,95.9,484,1.45
"6957",10139,96,"14-15",94.04,95.27,2881,2.05
"6961",3411,97.4,"14-15",98.15,97.61,1135,0.7
"6969",363,93.7,"14-15",100,97.06,116,0.86
"6975",1279,95,"14-15",92.19,94.94,350,2.29
"6983",898,97.4,"14-15",92.59,98.11,229,0.87
"6985",1012,96,"14-15",100,96.92,256,0.39
"6987",765,93.8,"14-15",95.65,86.11,188,2.13
"6990",795,96,"14-15",89.19,77.5,187,0
"6992",560,95.2,"14-15",97.22,100,165,0
"7002",235,95.7,"14-15",NA,100,54,1.85
"7029",1265,96.1,"14-15",95.92,98.08,411,0.73
"7038",933,94.8,"14-15",93.48,91.94,234,3.42
"7047",427,94.4,"14-15",92.86,95.83,165,1.82
"7056",1908,96.1,"14-15",97.95,98.44,536,0.56
"7092",500,96.9,"14-15",96.3,100,106,0.94
"7098",610,96.3,"14-15",95.24,96.36,176,0.57
"7110",946,95.7,"14-15",94.44,92.68,242,1.65
"9",577,96.3,"15-16",100,97.78,158,1.27
"18",298,95.9,"15-16",96.3,100,82,1.22
"27",1745,96.1,"15-16",99.08,96.64,479,0.84
"63",590,96.6,"15-16",97.14,100,160,0.63
"72",90,95.8,"15-16",NA,NA,NA,NA
"81",1251,95.4,"15-16",96.67,96.51,353,1.13
"99",635,95.6,"15-16",91.67,90.91,197,3.55
"108",238,98.2,"15-16",NA,NA,NA,NA
"126",1467,95.3,"15-16",91.74,95.24,460,0.43
"135",1161,95.7,"15-16",97.06,97.89,382,2.36
"153",651,96.3,"15-16",98.04,97.73,183,1.09
"171",536,94.6,"15-16",98.08,100,222,0.9
"225",4559,95.3,"15-16",93.2,94.84,1263,1.66
"234",1286,95.2,"15-16",90.63,94.38,385,1.82
"243",156,96.7,"15-16",NA,NA,NA,NA
"261",11124,96.2,"15-16",97.03,94.68,2836,1.06
"279",861,95.6,"15-16",94.81,98.31,280,1.07
"333",367,93.9,"15-16",94.59,95.65,188,0
"355",223,96.1,"15-16",100,100,60,0
"387",1537,95.3,"15-16",92.77,98.11,429,3.26
"414",549,96.1,"15-16",98.21,100,157,0.64
"423",268,95.8,"15-16",NA,NA,NA,NA
"441",645,94.9,"15-16",100,97.5,237,0.42
"472",1713,97.6,"15-16",94.02,97.69,522,0.77
"504",589,96.3,"15-16",88.89,98.68,237,1.69
"513",446,95.8,"15-16",94.12,100,138,0.72
"540",621,95.7,"15-16",98,90.48,212,1.42
"549",473,95.6,"15-16",95.35,100,150,1.33
"576",551,96.1,"15-16",84.62,100,174,1.15
"585",635,96.5,"15-16",98.04,96.49,213,0.47
"594",788,98.2,"15-16",95.74,98,220,0.45
"603",82,96.6,"15-16",NA,NA,NA,NA
"609",1460,95.3,"15-16",91.35,97.41,469,1.92
"621",4775,96.6,"15-16",93.3,94.89,1531,1.83
"657",967,95.4,"15-16",86.54,89.86,273,3.3
"720",1935,96.3,"15-16",93.28,93.62,504,0.99
"729",2068,95.8,"15-16",93.06,93.58,720,2.5
"747",655,96.1,"15-16",93.62,96.3,187,1.6
"819",624,94.8,"15-16",85.71,86.05,168,2.98
"846",560,96.1,"15-16",100,88.37,181,1.1
"873",500,94.3,"15-16",96.55,97.14,144,3.47
"882",4365,93.3,"15-16",70.04,77.27,1166,12.69
"914",1002,95.5,"15-16",80.23,85.71,389,11.05
"916",245,95.9,"15-16",100,100,70,0
"918",530,94.8,"15-16",82.93,94.87,175,5.71
"936",1084,95.4,"15-16",90.8,93.42,321,2.8
"977",707,95.8,"15-16",91.11,98.15,203,1.48
"981",2130,95.6,"15-16",94.27,98.63,635,0.63
"999",1755,96.4,"15-16",95.41,94.44,487,1.64
"1044",5524,95.9,"15-16",96.01,96.13,1550,0.9
"1053",17786,94.2,"15-16",83.89,86.98,5083,5.51
"1062",1519,96.2,"15-16",92.31,98.8,433,1.15
"1071",1383,94.9,"15-16",89.47,91.58,379,3.17
"1079",1105,94.1,"15-16",96.05,86.36,328,0.91
"1080",455,96.2,"15-16",94.74,97.06,137,0
"1082",1541,95.5,"15-16",93.08,94.64,515,1.75
"1089",446,95.1,"15-16",100,95.45,151,1.99
"1093",723,93.8,"15-16",95.56,96.55,212,1.42
"1095",754,95.9,"15-16",93.33,94.59,183,0
"1107",1329,94.8,"15-16",98.06,98.04,425,1.18
"1116",1582,94.9,"15-16",97.25,93.16,501,2.2
"1134",288,97.1,"15-16",95,100,85,1.18
"1152",1060,95.6,"15-16",91.25,96.92,300,3.67
"1197",1065,96.5,"15-16",96.43,94.94,316,1.58
"1206",969,96,"15-16",94.44,98.55,297,2.36
"1211",1447,95.1,"15-16",91.95,91.55,378,5.03
"1215",315,95.7,"15-16",88,100,87,0
"1218",289,95.4,"15-16",90.48,96,99,1.01
"1221",2185,95.6,"15-16",84.44,92.36,601,2.83
"1233",1330,98,"15-16",96.94,95.65,381,0.79
"1278",3763,93.7,"15-16",89.63,86.78,1085,5.35
"1332",705,96.1,"15-16",100,88.89,181,2.76
"1337",5674,96.2,"15-16",92.53,95.52,1460,1.58
"1350",446,95.8,"15-16",95.83,87.5,137,2.92
"1359",435,94.4,"15-16",96.43,97.3,141,2.84
"1368",751,93.6,"15-16",82.76,96.55,230,1.74
"1413",396,95.7,"15-16",96.15,96.77,122,1.64
"1431",434,94.6,"15-16",95.56,96.36,197,1.02
"1476",9304,95.1,"15-16",87.11,90.67,2443,2.37
"1503",1511,96.1,"15-16",95.2,97.6,475,2.95
"1576",2832,95.5,"15-16",98.82,95.93,749,0.4
"1602",654,95.3,"15-16",95.83,92.73,197,2.03
"1611",17212,93.7,"15-16",83.52,87.11,4649,6.02
"1619",1277,95.7,"15-16",93.68,89.77,365,0.55
"1638",1699,96.3,"15-16",99.35,98.44,573,0.87
"1675",149,97.2,"15-16",NA,NA,NA,NA
"1701",2258,95.8,"15-16",88.83,94.87,693,3.46
"1719",771,97.1,"15-16",94.74,97.67,220,1.36
"1737",38463,95.8,"15-16",81.16,83.94,9281,6.67
"1782",108,95.6,"15-16",NA,90,38,2.63
"1791",907,96.8,"15-16",100,100,267,0.37
"1863",11076,95.8,"15-16",89.76,93.15,3272,2.17
"1908",454,95.1,"15-16",94.59,96.88,145,2.07
"1917",461,95.2,"15-16",78.57,96.97,141,3.55
"1926",684,95.9,"15-16",93.33,91.3,221,2.71
"1944",888,95.8,"15-16",93.75,92.86,233,2.58
"1953",624,94.3,"15-16",97.73,100,203,0.49
"1963",585,95.6,"15-16",100,94.29,165,0
"1965",475,94.3,"15-16",88.89,100,162,4.32
"1968",879,95.1,"15-16",91.43,92.31,289,1.73
"1970",490,94.3,"15-16",92.5,100,145,2.07
"1972",355,95.6,"15-16",96.15,100,118,0.85
"1975",427,93.9,"15-16",100,100,119,0.84
"1989",533,95.7,"15-16",97.67,97.62,162,0
"2007",586,94.3,"15-16",98.25,100,286,1.4
"2088",811,96.1,"15-16",100,90,250,1.2
"2097",461,95.4,"15-16",88.57,100,142,0.7
"2113",239,95.8,"15-16",100,100,83,0
"2124",1403,95.5,"15-16",92.22,92.11,364,0.55
"2151",368,95,"15-16",100,97.06,116,0
"2169",1783,95.7,"15-16",84.85,93.14,521,3.84
"2295",1149,95.3,"15-16",96.2,96.63,372,1.61
"2313",3986,95.7,"15-16",84.09,84.25,1138,8.17
"2322",2096,94.5,"15-16",90.12,89.63,637,4.55
"2369",476,96.8,"15-16",93.94,95.24,139,0.72
"2376",451,95.9,"15-16",100,98.31,213,0
"2403",1052,95,"15-16",95.88,100,345,0
"2457",455,96.2,"15-16",94.87,96.43,156,2.56
"2466",1457,97.1,"15-16",98.92,99.01,434,0.23
"2493",44,96.1,"15-16",NA,NA,NA,NA
"2502",470,96.4,"15-16",95.65,95.74,169,0.59
"2511",2086,95.9,"15-16",98.66,96.03,634,0.79
"2520",321,97.1,"15-16",100,100,108,0
"2556",337,97.4,"15-16",100,100,102,2.94
"2673",680,95.7,"15-16",100,100,196,0.51
"2682",546,95.4,"15-16",100,94.87,152,1.32
"2709",1699,95.5,"15-16",89.57,90.91,523,2.1
"2718",513,95.4,"15-16",93.75,100,170,2.35
"2727",707,95.8,"15-16",100,100,202,0.5
"2754",528,95.4,"15-16",93.75,93.94,159,3.14
"2763",903,97,"15-16",83.87,91.18,344,7.56
"2766",361,95.1,"15-16",100,100,105,1.9
"2772",191,96,"15-16",NA,NA,NA,NA
"2781",1219,95.9,"15-16",94.12,95.4,360,2.78
"2826",1582,95.4,"15-16",94.81,93.64,524,1.53
"2834",274,94.3,"15-16",93.75,94.74,69,2.9
"2846",367,96.5,"15-16",92.31,100,102,3.92
"2862",674,95.2,"15-16",97.67,90.32,179,1.12
"2977",661,95.7,"15-16",77.5,96.49,209,2.39
"2988",776,96.6,"15-16",98.31,100,224,0
"3029",1147,95.1,"15-16",95.1,90.32,400,2.25
"3033",391,95.7,"15-16",NA,NA,NA,NA
"3042",723,95.4,"15-16",98.25,96.36,189,2.65
"3060",1462,97,"15-16",87.88,92.56,463,2.81
"3105",1451,93.8,"15-16",91.35,96.97,468,2.35
"3114",3684,97.7,"15-16",95.62,96.5,1131,1.24
"3119",841,95.4,"15-16",95.38,97.01,266,0.75
"3141",14228,95.3,"15-16",93.85,95.28,3801,1.63
"3150",1197,97.2,"15-16",93.1,93.94,419,2.15
"3154",525,96.3,"15-16",84.62,93.75,137,0
"3168",667,95.3,"15-16",98.08,100,218,2.29
"3186",355,95.7,"15-16",100,97.06,104,2.88
"3195",1323,95.8,"15-16",95.96,91.11,416,1.68
"3204",937,95.4,"15-16",96.3,95.83,216,0.46
"3231",6989,96.5,"15-16",96.26,98.5,2044,0.34
"3312",1900,94.9,"15-16",88.97,93.04,579,3.45
"3330",312,96.1,"15-16",94.12,95.83,76,1.32
"3348",474,95.7,"15-16",93.88,85.71,164,1.83
"3375",1775,95.5,"15-16",94.12,94.31,529,3.4
"3420",730,95.3,"15-16",88.46,95.56,209,2.39
"3465",339,95.7,"15-16",100,100,78,7.69
"3537",282,92.5,"15-16",100,100,77,5.19
"3555",603,95.6,"15-16",95.74,95.12,177,1.13
"3600",2154,96.2,"15-16",96.93,98.91,634,1.26
"3609",499,95.2,"15-16",100,94.44,134,0
"3645",3169,96.2,"15-16",92.8,94.81,972,2.26
"3691",755,94.1,"15-16",86.89,95.59,266,2.26
"3715",7742,95.9,"15-16",92.77,96.94,2052,1.85
"3744",666,95,"15-16",92.31,100,188,2.13
"3798",661,97,"15-16",95.45,92.68,201,1
"3816",464,94.7,"15-16",96.43,100,131,3.05
"3841",859,95.1,"15-16",89.39,92.42,263,3.04
"3897",78,97,"15-16",NA,100,NA,NA
"3906",482,95.8,"15-16",93.94,97.06,146,1.37
"3942",708,95.5,"15-16",87.27,97.92,217,1.38
"3978",481,93.8,"15-16",97.56,100,152,2.63
"4023",821,96.6,"15-16",94.74,93.02,231,2.16
"4033",636,95,"15-16",95.56,95.74,186,1.08
"4041",1464,96.6,"15-16",89.92,91.87,525,3.43
"4043",725,96.1,"15-16",100,95.45,223,0.45
"4068",394,94.8,"15-16",93.33,94.44,99,1.01
"4086",2207,94.9,"15-16",93.75,96.77,644,1.86
"4104",5124,93.9,"15-16",83.97,88.45,1418,6.63
"4122",574,95.3,"15-16",91.67,92.86,183,1.09
"4131",4041,93.7,"15-16",91.35,91.16,1091,3.48
"4149",1454,95.9,"15-16",99.03,100,436,0.92
"4203",882,95.6,"15-16",91.43,88.24,280,1.07
"4212",352,95.4,"15-16",83.33,91.67,82,9.76
"4269",509,94,"15-16",90,94.59,142,1.41
"4271",1323,95.7,"15-16",80.95,96.05,355,1.97
"4356",835,96,"15-16",98.55,100,263,1.52
"4419",804,94.6,"15-16",94.29,98,233,0
"4437",529,95.7,"15-16",95.65,100,162,0.62
"4446",1152,95.9,"15-16",91.86,93.75,343,0.58
"4491",375,95.8,"15-16",96.43,89.47,116,0.86
"4505",251,95.6,"15-16",92.86,94.44,67,1.49
"4509",127,96.6,"15-16",75,94.12,NA,NA
"4518",216,92.7,"15-16",100,100,66,3.03
"4527",657,95.7,"15-16",97.56,93.02,173,0
"4536",2159,95.5,"15-16",92.45,94.23,674,2.67
"4554",1329,96,"15-16",94.85,98.59,413,0.48
"4572",333,95.6,"15-16",100,96.43,111,2.7
"4581",5309,94.4,"15-16",80.86,86.09,1508,5.31
"4599",625,95.7,"15-16",95.92,93.75,193,1.55
"4617",1606,95.9,"15-16",97.06,91.26,464,1.29
"4644",520,95.8,"15-16",91.89,96.77,150,1.33
"4662",1038,96.3,"15-16",91.57,92.68,358,3.35
"4689",554,93.8,"15-16",92.86,97.22,164,1.22
"4725",3101,96,"15-16",89.42,95.17,866,3
"4772",781,95.9,"15-16",93.44,96.15,237,0.42
"4773",866,95.9,"15-16",97.33,98.65,305,0.66
"4774",809,95.8,"15-16",100,97.85,352,0.57
"4775",96,95.9,"15-16",NA,100,NA,NA
"4776",531,94,"15-16",80.56,84.09,181,2.21
"4777",624,94.6,"15-16",97.87,95.74,198,1.52
"4778",297,94.2,"15-16",NA,NA,NA,NA
"4779",1535,97.1,"15-16",100,98.77,412,0.24
"4784",3226,95.7,"15-16",92.89,96.75,953,1.47
"4785",471,95.6,"15-16",87.18,93.18,147,1.36
"4787",115,97.2,"15-16",NA,NA,NA,NA
"4788",545,96.5,"15-16",97.87,100,170,1.76
"4797",2870,96.6,"15-16",95.89,93.71,835,1.68
"4860",399,95.9,"15-16",NA,NA,NA,NA
"4869",1292,94.7,"15-16",90.48,93.69,378,3.7
"4878",733,97,"15-16",98.15,96.92,240,0.42
"4890",984,96.9,"15-16",95.24,92.54,258,3.1
"4905",93,95.8,"15-16",NA,NA,NA,NA
"4978",165,95,"15-16",90.91,NA,55,0
"4995",977,96.7,"15-16",98.67,98.57,310,1.61
"5013",2388,95.1,"15-16",84.97,89.6,702,4.84
"5049",4701,94,"15-16",83.28,87.08,1260,5
"5121",745,97.5,"15-16",95.77,96.36,234,1.28
"5139",204,97.1,"15-16",100,88.89,55,0
"5160",1120,96.3,"15-16",94.2,98.75,316,0.32
"5163",708,94.7,"15-16",97.92,92.86,205,0.98
"5166",2304,96.6,"15-16",97.47,97.14,676,0.15
"5184",1809,95.2,"15-16",96.4,96.18,573,1.57
"5250",4622,96.7,"15-16",96.62,99.04,1337,0.67
"5256",729,97.1,"15-16",94.64,96.97,235,0.85
"5283",719,94.2,"15-16",88.57,81.25,247,1.21
"5310",714,95,"15-16",90.63,93.88,173,2.89
"5325",574,93.4,"15-16",98.65,98.7,340,0.59
"5463",1157,94.3,"15-16",91.46,93.24,347,3.46
"5486",348,96.7,"15-16",92,96.3,98,0
"5508",345,95.9,"15-16",86.67,92.86,83,1.2
"5510",633,94.8,"15-16",86,97.78,170,3.53
"5607",830,97,"15-16",98.51,98.21,234,0
"5643",1093,96.5,"15-16",98.51,96,332,0.6
"5697",474,96.6,"15-16",100,100,181,0
"5724",204,94.7,"15-16",100,100,67,2.99
"5751",630,96.7,"15-16",98.15,100,205,0.49
"5805",1374,94.9,"15-16",92.66,91.38,425,1.41
"5823",324,95.5,"15-16",NA,NA,NA,NA
"5832",192,97.2,"15-16",NA,NA,NA,NA
"5877",1698,96.2,"15-16",95.54,99.14,486,1.23
"5895",287,96.2,"15-16",86.67,90.91,68,0
"5922",670,95.9,"15-16",100,100,201,1.99
"5949",1113,97.2,"15-16",93.24,94.67,354,2.54
"5976",1104,95.6,"15-16",97.22,95.96,395,1.77
"5994",813,96.1,"15-16",87.93,100,233,0.86
"6003",406,94.7,"15-16",93.94,100,141,1.42
"6012",546,95.5,"15-16",87.5,93.18,174,0.57
"6030",1287,97.6,"15-16",90.63,91.03,347,6.34
"6035",649,95.8,"15-16",95,89.13,194,2.06
"6039",15452,95.7,"15-16",87.46,90.53,4040,3.09
"6091",890,95.4,"15-16",96.23,97.18,258,1.94
"6093",1453,97.3,"15-16",96.4,98.17,441,0.45
"6094",511,94.7,"15-16",88,93.94,159,1.89
"6095",732,95.8,"15-16",96.15,92.98,245,1.22
"6096",514,95.5,"15-16",NA,NA,NA,NA
"6097",129,94.4,"15-16",NA,100,31,0
"6098",1523,94.5,"15-16",96.88,95.54,446,1.79
"6099",617,95.7,"15-16",80,88,197,3.55
"6100",502,96.4,"15-16",100,100,221,0.45
"6101",7009,95.9,"15-16",97.22,98.03,2060,1.46
"6102",2012,95.3,"15-16",94.56,97.86,603,1.49
"6120",1309,95.8,"15-16",91.26,93.07,455,1.76
"6138",356,95.8,"15-16",100,100,122,0
"6165",262,95.6,"15-16",100,100,77,0
"6175",596,95.5,"15-16",94.59,97.5,168,1.19
"6219",2507,94.8,"15-16",60.4,92.4,733,3.68
"6246",82,96.7,"15-16",NA,NA,NA,NA
"6264",836,95.1,"15-16",100,97.06,260,1.15
"6273",840,96.1,"15-16",100,98.21,251,0
"6408",943,96.9,"15-16",88.89,89.29,271,1.48
"6453",821,96.5,"15-16",100,100,230,0
"6460",671,98.2,"15-16",97.78,97.92,210,0.48
"6462",257,94.6,"15-16",100,100,79,0
"6471",432,95.3,"15-16",88.1,96.77,147,1.36
"6509",360,95.3,"15-16",100,97.73,118,0.85
"6512",356,95,"15-16",97.22,91.3,128,3.13
"6516",50,96.6,"15-16",NA,NA,NA,NA
"6534",785,96.8,"15-16",98.39,97.5,266,0.38
"6536",1144,95.8,"15-16",95.24,95.88,391,1.02
"6561",249,96.3,"15-16",NA,NA,NA,NA
"6579",4082,95.7,"15-16",97.8,98.93,1282,0.23
"6591",370,96.2,"15-16",NA,NA,NA,NA
"6592",596,95.4,"15-16",92.86,90.7,192,3.65
"6615",755,95.9,"15-16",96.67,98.15,242,0.83
"6651",290,95.5,"15-16",NA,NA,NA,NA
"6660",1538,95.3,"15-16",93.23,88.24,488,1.23
"6700",455,95.3,"15-16",95.24,100,120,0.83
"6741",953,95.4,"15-16",94.59,98.55,294,2.72
"6759",651,95.5,"15-16",94,100,231,1.73
"6762",719,95.4,"15-16",96.15,100,197,1.02
"6768",1689,95.6,"15-16",87.5,94.87,553,2.17
"6795",11625,94,"15-16",77.37,84.18,3126,4.45
"6822",9498,96,"15-16",99.26,98.87,2322,0.34
"6840",2329,96.1,"15-16",91.67,95.65,670,2.24
"6854",577,96,"15-16",95.45,100,148,2.03
"6867",1719,97.2,"15-16",95,93.18,557,1.8
"6921",352,94.9,"15-16",94.12,95.83,124,2.42
"6930",803,96.7,"15-16",94.92,96.55,248,0.4
"6937",959,95.2,"15-16",98.11,98.39,288,3.47
"6943",283,96.1,"15-16",100,93.75,89,0
"6950",1532,95.5,"15-16",98.37,97.5,468,1.71
"6957",9453,96.2,"15-16",92.71,95.98,2820,1.67
"6961",3278,96.7,"15-16",99.1,98.52,1154,0.43
"6969",308,95.6,"15-16",96,100,106,1.89
"6975",1283,95.8,"15-16",94.67,92.19,378,1.06
"6983",906,97.1,"15-16",95.45,92.59,227,1.32
"6985",997,95.9,"15-16",100,100,278,0.72
"6987",688,93.9,"15-16",95.65,97.83,185,3.78
"6990",797,95.3,"15-16",95,91.89,190,0
"6992",563,95.1,"15-16",100,97.22,167,0
"7002",214,96.7,"15-16",92.31,NA,59,0
"7029",1187,96.5,"15-16",95.24,97.96,399,1.75
"7038",863,94.6,"15-16",94.34,93.48,233,2.15
"7047",445,94.3,"15-16",88.89,92.86,157,3.18
"7056",1805,96.2,"15-16",98.51,97.95,538,1.49
"7092",459,96.8,"15-16",100,96.3,110,1.82
"7098",607,96.2,"15-16",97.83,97.62,190,0
"7110",869,96.3,"15-16",96.61,94.44,216,1.85
"9",592,96,"16-17",92.31,100,152,1.32
"18",283,96.2,"16-17",NA,96.3,NA,NA
"27",1827,96.1,"16-17",98.28,100,502,0.6
"63",587,96.8,"16-17",98,97.14,168,0.6
"72",101,94.9,"16-17",NA,NA,NA,NA
"81",1239,94.9,"16-17",96.3,96.67,350,2
"99",612,95.7,"16-17",94.87,93.75,189,2.12
"108",247,98.3,"16-17",NA,NA,NA,NA
"126",1433,95.2,"16-17",94,94.21,440,0.45
"135",1123,95.4,"16-17",98,97.06,351,2.28
"153",612,96.5,"16-17",94.74,98.04,168,2.38
"171",474,94.5,"16-17",95.35,98.08,219,2.74
"225",4594,95.4,"16-17",91.86,94.22,1273,1.57
"234",1294,93.9,"16-17",94.38,92.71,405,1.48
"243",144,95.6,"16-17",NA,NA,NA,NA
"261",11536,95.9,"16-17",96.32,97.5,3004,0.9
"279",861,95.7,"16-17",94.12,94.81,279,1.08
"333",367,93.4,"16-17",100,97.3,195,1.03
"355",216,96.8,"16-17",100,100,62,1.61
"387",1533,95.4,"16-17",94.23,93.98,433,3
"414",534,95.8,"16-17",97.37,100,143,0.7
"423",294,95.7,"16-17",NA,NA,NA,NA
"441",720,96.1,"16-17",96.77,100,228,0
"472",1725,97.6,"16-17",97.01,94.87,545,0.37
"504",610,96.4,"16-17",98.11,90.74,275,0.36
"513",430,95.9,"16-17",90,94.12,137,2.19
"540",617,95.4,"16-17",90,98,197,1.02
"549",444,95.6,"16-17",95.24,95.35,132,1.52
"576",530,95.5,"16-17",87.5,94.87,170,3.53
"585",646,96.2,"16-17",93.75,98.04,225,0.44
"594",786,97.9,"16-17",98.41,97.87,210,0
"603",69,96.5,"16-17",NA,NA,NA,NA
"609",1466,94.5,"16-17",91.45,96.15,465,2.15
"621",4838,96.5,"16-17",94.95,96.25,1531,0.98
"657",987,95.6,"16-17",92.45,90.38,285,3.16
"720",2051,95.6,"16-17",94.49,94.12,524,0.57
"729",2003,95.6,"16-17",96.45,95.38,678,1.77
"747",644,95.8,"16-17",97.5,97.87,194,2.06
"819",595,94.8,"16-17",93.33,88.1,174,4.6
"846",573,95.5,"16-17",100,100,172,0.58
"873",488,93.9,"16-17",92.11,96.55,144,2.08
"882",4140,93,"16-17",72.8,77.04,1125,8.62
"914",1015,92.9,"16-17",71.43,84.88,432,12.73
"916",243,96.4,"16-17",93.33,100,68,4.41
"918",501,95.4,"16-17",100,82.93,161,1.86
"936",1035,94.6,"16-17",84.29,93.1,302,3.64
"977",776,95.6,"16-17",93.75,95.56,208,0.96
"981",2094,96,"16-17",94.12,94.9,632,1.74
"999",1849,96.1,"16-17",93.28,96.33,479,1.46
"1044",5544,95.7,"16-17",96.22,96.76,1519,1.12
"1053",17751,93.6,"16-17",83.73,87.32,5156,6.21
"1062",1522,95.8,"16-17",95.7,96.15,463,0.86
"1071",1378,94.3,"16-17",87.21,90.53,399,4.51
"1079",1130,94.1,"16-17",94.2,97.37,328,2.13
"1080",435,95.5,"16-17",100,94.74,128,1.56
"1082",1560,95.5,"16-17",93.5,96.15,532,1.13
"1089",451,95.3,"16-17",89.47,100,137,0.73
"1093",714,94.4,"16-17",100,97.78,190,1.58
"1095",753,95.5,"16-17",100,93.33,192,1.56
"1107",1319,94.6,"16-17",92.16,98.06,419,2.15
"1116",1540,94.5,"16-17",91.8,97.25,511,1.76
"1134",282,95.8,"16-17",95.83,100,83,2.41
"1152",1055,95.8,"16-17",91.8,93.75,291,2.41
"1197",1037,96.2,"16-17",97.26,97.62,285,2.46
"1206",978,95.6,"16-17",90.79,94.44,301,5.98
"1211",1443,94.7,"16-17",86.59,91.95,380,2.89
"1215",299,95,"16-17",94.74,96,89,1.12
"1218",275,94.6,"16-17",90.91,95.24,92,1.09
"1221",2318,95.8,"16-17",84.52,92.59,596,1.34
"1233",1351,97.2,"16-17",92.42,97.96,386,2.85
"1278",3650,93.7,"16-17",90.6,91.11,1019,3.93
"1332",685,96.2,"16-17",89.47,100,212,1.89
"1337",5774,95.7,"16-17",92.22,94.81,1560,3.08
"1350",436,96.1,"16-17",97.22,95.83,147,2.72
"1359",426,95.1,"16-17",97.22,96.43,144,0
"1368",724,92.3,"16-17",84.62,94.83,217,0.92
"1413",407,95.6,"16-17",93.33,96.15,118,2.54
"1431",430,94.8,"16-17",90.57,95.56,200,1.5
"1476",9446,94.9,"16-17",88.42,90.03,2552,3.1
"1503",1489,95.8,"16-17",93.75,96.8,444,2.25
"1576",2997,95.2,"16-17",97.31,98.82,791,1.77
"1602",668,95.5,"16-17",95.92,95.83,204,0.98
"1611",16729,93.2,"16-17",83.13,88.03,4594,5.25
"1619",1272,95.4,"16-17",95.92,93.68,361,2.22
"1638",1651,95.9,"16-17",96.77,99.35,543,1.1
"1675",144,96.4,"16-17",NA,NA,NA,NA
"1701",2340,95.3,"16-17",89.01,92.55,709,2.82
"1719",780,97.2,"16-17",98.21,96.49,218,0
"1737",39453,95.3,"16-17",82.45,85.08,9480,7.52
"1782",111,96.8,"16-17",NA,NA,37,0
"1791",902,96.4,"16-17",96.05,100,266,0.38
"1863",10885,95.3,"16-17",89.68,91.55,3265,2.57
"1908",431,94.8,"16-17",96.88,94.59,138,0.72
"1917",459,93.9,"16-17",88.89,78.57,145,2.76
"1926",709,95.9,"16-17",86,98.33,207,3.86
"1944",904,95.4,"16-17",91.94,93.75,249,5.22
"1953",598,94.4,"16-17",92.59,97.73,205,0
"1963",606,94.7,"16-17",94.59,100,174,2.3
"1965",481,93.9,"16-17",85.71,91.67,158,2.53
"1968",868,95.1,"16-17",96.88,92.86,268,2.24
"1970",507,92.9,"16-17",88.1,92.5,144,4.86
"1972",350,94.8,"16-17",97.56,96.15,136,0.74
"1975",417,97.9,"16-17",100,100,121,0
"1989",519,94.8,"16-17",97.3,97.67,157,1.27
"2007",592,94.2,"16-17",94.37,98.25,290,1.38
"2088",815,95.8,"16-17",91.67,100,262,4.2
"2097",447,95,"16-17",94.74,94.29,138,0.72
"2113",224,97.7,"16-17",93.1,100,81,0
"2124",1418,94.6,"16-17",95.74,94.44,377,1.06
"2151",407,94.7,"16-17",97.78,100,146,1.37
"2169",1728,95.3,"16-17",88.24,87.88,509,1.96
"2295",1139,95.1,"16-17",90.8,98.73,378,3.17
"2313",3884,94.9,"16-17",77.74,86.74,1128,5.94
"2322",2015,94.9,"16-17",90.41,91.28,583,2.4
"2369",480,95.6,"16-17",100,96.97,144,0.69
"2376",423,96.1,"16-17",97.56,100,192,0.52
"2403",1029,95,"16-17",96.43,97.94,329,0.61
"2457",443,96,"16-17",89.47,94.87,144,4.86
"2466",1483,97.1,"16-17",95.5,98.92,450,1.11
"2493",58,95.5,"16-17",NA,NA,NA,NA
"2502",459,95.9,"16-17",100,95.65,155,1.29
"2511",2098,95.4,"16-17",96.45,100,617,1.62
"2520",331,96.5,"16-17",96.67,100,109,0.92
"2556",433,97.4,"16-17",89.29,100,105,0.95
"2673",668,95.4,"16-17",98.11,100,198,2.02
"2682",536,95.1,"16-17",90,100,157,1.27
"2709",1696,94.6,"16-17",88.18,93.04,526,3.99
"2718",507,94.5,"16-17",100,96.88,158,1.27
"2727",739,95.5,"16-17",100,100,202,0.99
"2754",522,95.6,"16-17",100,93.75,229,1.75
"2763",900,96.2,"16-17",81.01,85.48,345,7.25
"2766",347,94.9,"16-17",95.83,100,98,0
"2772",169,95.8,"16-17",NA,NA,13,23.08
"2781",1231,96.7,"16-17",97.4,96.47,353,1.42
"2826",1543,96,"16-17",96.09,94.81,507,1.78
"2834",151,94.6,"16-17",NA,93.75,NA,NA
"2846",351,96.4,"16-17",89.29,92.31,96,0
"2862",638,95.2,"16-17",88.24,97.67,181,1.66
"2977",629,94.9,"16-17",87.27,97.5,212,0.94
"2988",783,96.7,"16-17",98.36,98.31,224,0.45
"3029",1121,95,"16-17",93.58,98.04,408,1.96
"3033",395,95.3,"16-17",NA,NA,NA,NA
"3042",720,95.1,"16-17",94.29,100,178,0.56
"3060",1430,96.6,"16-17",94.78,91.92,478,2.09
"3105",1437,94.5,"16-17",94.64,92.31,475,0.63
"3114",3612,97.2,"16-17",95.9,97.64,1107,2.08
"3119",859,95.8,"16-17",94.55,95.38,263,1.9
"3141",14365,94.6,"16-17",90.24,95.75,3930,1.88
"3150",1184,97,"16-17",94,95.4,443,2.48
"3154",533,96.5,"16-17",89.29,94.87,147,0.68
"3168",649,95.4,"16-17",98.18,98.08,202,1.49
"3186",364,97.5,"16-17",100,100,99,0
"3195",1327,95.3,"16-17",85,96.97,394,3.81
"3204",949,95.3,"16-17",93.33,100,230,1.3
"3231",7170,96.4,"16-17",96.55,97.51,2034,0.44
"3312",1945,94.4,"16-17",90.32,89.66,583,4.63
"3330",318,95.5,"16-17",94.12,100,87,1.15
"3348",470,96,"16-17",94.87,93.88,146,0
"3375",1750,95.3,"16-17",96.06,97.79,515,1.75
"3420",705,95.7,"16-17",96.15,90.38,216,1.39
"3465",344,95.3,"16-17",92.86,100,96,1.04
"3537",240,92.3,"16-17",86.67,100,60,3.33
"3555",602,96.4,"16-17",97.56,95.74,176,0
"3600",2210,96,"16-17",96.69,98.16,651,1.69
"3609",499,94.9,"16-17",97.22,100,136,0
"3645",3054,96.1,"16-17",93.36,94.07,961,1.77
"3691",746,93.3,"16-17",88.24,90.16,262,2.67
"3715",7711,95.6,"16-17",92.05,95.32,2138,2.48
"3744",647,94.8,"16-17",91.11,94.87,186,3.76
"3798",666,97.2,"16-17",100,95.45,213,0.94
"3816",477,94.2,"16-17",93.1,96.43,127,1.57
"3841",843,94.8,"16-17",89.47,89.39,261,3.45
"3897",74,96.8,"16-17",NA,NA,NA,NA
"3906",500,95.9,"16-17",97.06,93.94,148,0.68
"3942",690,95.5,"16-17",98.18,92.73,217,0.46
"3978",462,94.4,"16-17",94.74,97.56,144,6.25
"4023",840,95.8,"16-17",100,96.49,215,1.86
"4033",653,94.1,"16-17",93.62,95.56,198,2.02
"4041",1495,96.2,"16-17",92.48,93.8,544,2.39
"4043",708,96,"16-17",96.3,100,205,1.46
"4068",335,94.4,"16-17",94.12,93.33,163,3.07
"4086",2175,94.6,"16-17",93.38,96.53,650,2.15
"4104",5228,93.4,"16-17",88.07,86.88,1467,5.25
"4122",547,94.8,"16-17",95.35,91.67,186,4.3
"4131",3985,94.5,"16-17",88.84,93.23,1067,3.75
"4149",1443,95.8,"16-17",96.36,99.03,416,2.16
"4203",888,95.5,"16-17",92.59,94.29,231,1.3
"4212",352,95.7,"16-17",95,83.33,81,4.94
"4269",512,94.3,"16-17",96.3,96.67,148,2.03
"4271",1404,95.4,"16-17",88.04,91.67,375,0
"4356",798,95.9,"16-17",100,98.55,252,0
"4419",799,95.4,"16-17",100,97.14,206,0.49
"4437",518,95.3,"16-17",96.15,95.65,170,4.12
"4446",1114,95.4,"16-17",88.24,94.19,333,0.3
"4491",370,91.1,"16-17",100,96.43,113,0.88
"4505",232,95,"16-17",85.71,92.86,57,0
"4509",126,96.6,"16-17",90,87.5,63,1.59
"4518",212,93.4,"16-17",95.45,100,56,0
"4527",692,95.6,"16-17",97.37,97.56,193,0
"4536",2113,95,"16-17",86.29,93.08,648,3.09
"4554",1349,96,"16-17",92.45,97.94,416,0
"4572",331,95.8,"16-17",100,100,97,0
"4581",5134,94.1,"16-17",83.83,83.71,1499,3.74
"4599",615,96.1,"16-17",96.97,95.92,178,1.69
"4617",1604,95.7,"16-17",92.92,97.06,456,2.41
"4644",537,95.6,"16-17",92.86,91.89,142,0.7
"4662",1017,97.1,"16-17",90.12,93.98,353,3.12
"4689",536,94.2,"16-17",94.44,92.86,157,1.27
"4725",3139,95.6,"16-17",88.21,89.42,884,3.62
"4772",778,95.3,"16-17",96.61,96.72,234,2.14
"4773",857,96,"16-17",96.2,98.67,298,0.67
"4774",746,95.5,"16-17",96.3,100,333,1.5
"4775",90,96.3,"16-17",NA,NA,NA,NA
"4776",592,94.8,"16-17",96.72,86.11,195,2.05
"4777",597,94.4,"16-17",95.83,97.87,201,1.49
"4778",278,94.1,"16-17",NA,NA,NA,NA
"4779",1605,96.2,"16-17",94.68,100,425,0.71
"4784",3253,96.2,"16-17",89.81,97.33,944,1.06
"4785",450,95,"16-17",100,89.74,150,2.67
"4787",105,96.6,"16-17",NA,NA,NA,NA
"4788",534,96,"16-17",87.8,100,160,0.63
"4797",2897,96.4,"16-17",96.26,96.35,831,1.56
"4860",368,96.5,"16-17",NA,NA,NA,NA
"4869",1285,94.5,"16-17",90.32,95.24,363,1.65
"4878",721,96.3,"16-17",93.1,98.15,241,2.9
"4890",1014,95.2,"16-17",96.36,96.83,259,1.54
"4905",74,94.5,"16-17",NA,NA,NA,NA
"4978",159,95.1,"16-17",93.75,100,56,3.57
"4995",950,96.2,"16-17",95.06,98.67,309,0.65
"5013",2345,94.9,"16-17",89.66,88.24,675,2.22
"5049",4616,94.5,"16-17",88.45,86.29,1235,4.05
"5121",733,96,"16-17",100,98.59,226,1.33
"5139",213,97.1,"16-17",NA,100,53,0
"5160",1077,96.4,"16-17",98.65,97.1,328,0.91
"5163",689,95,"16-17",97.96,97.92,217,1.84
"5166",2357,96.6,"16-17",97.27,98.73,685,0.15
"5184",1836,94.6,"16-17",91.22,96.4,630,1.75
"5250",4804,96.6,"16-17",97.33,97.3,1382,0.58
"5256",756,96.6,"16-17",97.73,96.43,239,0.42
"5283",771,94.5,"16-17",90.16,90,242,2.89
"5310",761,94.7,"16-17",84.62,93.75,189,2.12
"5325",602,93.4,"16-17",96.59,100,354,0.56
"5463",1153,94,"16-17",91.58,92.68,346,2.89
"5486",342,96.5,"16-17",NA,100,NA,NA
"5508",330,95.7,"16-17",100,93.33,97,1.03
"5510",648,94.5,"16-17",94.87,88,173,1.73
"5607",853,96.6,"16-17",93.62,100,222,2.25
"5643",1107,96.6,"16-17",93.24,98.51,341,0.88
"5697",460,96.5,"16-17",97.67,100,164,0.61
"5724",204,94.9,"16-17",100,100,63,3.17
"5751",628,96.7,"16-17",96,98.15,199,0
"5805",1351,94.5,"16-17",89.47,95.41,422,1.42
"5823",332,95.1,"16-17",NA,NA,NA,NA
"5832",179,96.8,"16-17",NA,NA,NA,NA
"5877",1667,96.3,"16-17",98.28,97.32,487,0.21
"5895",285,94.8,"16-17",100,86.67,82,0
"5922",682,95.4,"16-17",100,100,202,1.98
"5949",1068,96.1,"16-17",83.13,94.59,345,3.48
"5976",1095,96,"16-17",96.3,97.22,311,1.29
"5994",790,96.4,"16-17",89.66,91.38,229,3.49
"6003",499,94.5,"16-17",100,96.97,185,1.62
"6012",549,95.1,"16-17",84.62,87.5,177,1.69
"6030",1350,97.7,"16-17",75.58,92.19,379,7.65
"6035",648,95.8,"16-17",87.76,95,206,4.85
"6039",15341,95.4,"16-17",83.85,88.35,4042,3.83
"6091",901,95,"16-17",100,96.23,279,1.79
"6093",1485,97.3,"16-17",97.85,100,440,0
"6094",501,94.6,"16-17",88.1,92,163,3.07
"6095",731,95.8,"16-17",94.64,96.15,247,1.62
"6096",545,94.8,"16-17",NA,NA,NA,NA
"6097",133,94.7,"16-17",NA,NA,35,2.86
"6098",1558,94.2,"16-17",94,98.96,451,3.33
"6099",632,95.6,"16-17",82,84.44,200,4
"6100",488,96.4,"16-17",96.36,100,210,3.33
"6101",6995,96,"16-17",98.28,97.4,2003,0.8
"6102",2022,94.9,"16-17",88.98,97.28,585,0.68
"6120",1266,95.5,"16-17",93.44,94.17,441,1.13
"6138",370,94.4,"16-17",90.91,100,118,0
"6165",271,95.3,"16-17",100,100,76,1.32
"6175",611,95,"16-17",97.96,97.3,186,1.08
"6219",2560,94.6,"16-17",50.63,93.29,700,2.57
"6246",72,96.4,"16-17",NA,NA,NA,NA
"6264",816,94.1,"16-17",92.06,100,245,1.22
"6273",833,95.5,"16-17",95.31,100,243,0.82
"6408",984,96.7,"16-17",95.16,92.06,281,1.42
"6453",831,95.8,"16-17",100,100,228,0
"6460",655,96.9,"16-17",100,97.78,203,0.49
"6462",264,95.5,"16-17",100,100,76,0
"6471",425,95.2,"16-17",90,88.1,147,2.04
"6509",349,95.5,"16-17",97.22,100,127,0
"6512",373,95.1,"16-17",96.77,97.22,116,4.31
"6516",57,95.5,"16-17",NA,NA,NA,NA
"6534",781,96.4,"16-17",98.39,98.39,269,0
"6536",1100,95.5,"16-17",96.15,96.43,399,1.75
"6561",289,95.9,"16-17",NA,NA,NA,NA
"6579",4104,96,"16-17",98.4,98.74,1295,0.46
"6591",363,95.7,"16-17",NA,NA,NA,NA
"6592",665,94.4,"16-17",92.31,95.24,241,1.66
"6615",765,96.7,"16-17",95.74,96.67,239,0
"6651",289,95.4,"16-17",NA,NA,NA,NA
"6660",1487,95.1,"16-17",85.19,96.24,443,4.06
"6700",461,95.1,"16-17",87.5,95.24,138,1.45
"6741",912,95.1,"16-17",93.94,94.59,268,1.49
"6759",630,95,"16-17",83.08,94,235,0.85
"6762",717,95.2,"16-17",100,96.15,190,0
"6768",1732,95.2,"16-17",90.91,94.64,579,2.25
"6795",11540,91.6,"16-17",84.15,81.17,3038,4.9
"6822",10039,96.1,"16-17",97.97,99.45,2436,0.12
"6840",2416,95.8,"16-17",89.24,92.86,664,1.66
"6854",585,96.1,"16-17",89.19,100,172,0
"6867",1716,95.9,"16-17",95.07,95,542,1.85
"6921",351,94.5,"16-17",100,97.06,114,2.63
"6930",802,96.4,"16-17",94,98.31,249,0.8
"6937",949,95.1,"16-17",92.19,100,282,0.71
"6943",259,95.8,"16-17",100,100,79,1.27
"6950",1477,94.8,"16-17",94.74,99.19,461,1.52
"6957",9402,95.9,"16-17",93.84,94.94,2847,1.76
"6961",3380,98.3,"16-17",97.15,100,1226,1.06
"6969",316,96.4,"16-17",89.29,100,110,0.91
"6975",1321,95.1,"16-17",93.33,94.67,395,2.03
"6983",924,96.8,"16-17",96.55,95.45,246,0
"6985",1013,95.9,"16-17",100,100,280,0
"6987",639,93.9,"16-17",83.33,97.83,174,5.75
"6990",808,95.1,"16-17",84.85,95,214,0.93
"6992",607,95.1,"16-17",98.11,100,175,0
"7002",224,95.5,"16-17",100,92.31,59,0
"7029",1189,96.3,"16-17",97.85,96.43,374,0.27
"7038",904,94.8,"16-17",88.89,98.11,228,3.07
"7047",432,94.4,"16-17",96.67,91.67,124,0.81
"7056",1760,96.3,"16-17",96.27,98.51,532,0.94
"7092",502,96.9,"16-17",100,100,100,2
"7098",613,95.9,"16-17",100,100,188,0
"7110",1012,95.4,"16-17",93.15,98.31,225,1.78
"9",601,95.1,"17-18",100,94.87,161,2.48
"18",283,95.5,"17-18",NA,NA,NA,NA
"27",1868,96.1,"17-18",97.62,98.28,506,0.4
"63",613,96.4,"17-18",97.5,98,173,0
"72",104,95.3,"17-18",NA,NA,NA,NA
"81",1194,94.3,"17-18",98.61,97.53,339,0.59
"99",632,96,"17-18",93.88,94.87,201,1.49
"108",254,97.9,"17-18",NA,NA,NA,NA
"126",1439,96.1,"17-18",93.52,94,446,3.36
"135",1086,94.5,"17-18",96.39,98,370,0.54
"153",611,96,"17-18",100,94.74,163,0
"171",474,94.3,"17-18",92.31,95.35,218,3.67
"225",4804,95.2,"17-18",98.34,93.22,1334,1.2
"234",1272,93.7,"17-18",96.94,96.63,419,1.67
"243",137,96.2,"17-18",NA,NA,NA,NA
"261",11825,95.8,"17-18",96.4,97.5,3120,0.38
"279",828,95.6,"17-18",100,95.59,264,0.76
"333",367,91.9,"17-18",95.56,100,198,0
"355",200,96.4,"17-18",93.33,100,58,1.72
"387",1482,95.1,"17-18",94.69,96.15,434,2.07
"414",509,95.5,"17-18",96.67,97.37,146,2.05
"441",734,95.7,"17-18",100,96.77,223,0.45
"472",1748,96.1,"17-18",99.25,97.76,573,0.7
"513",425,95.9,"17-18",96.97,90,128,3.13
"540",599,95.1,"17-18",94.44,94,189,1.06
"549",447,95.8,"17-18",92.59,95.24,124,1.61
"576",545,96.4,"17-18",100,93.75,173,3.47
"585",661,96,"17-18",97.78,93.75,236,1.27
"594",740,98.2,"17-18",96,100,202,0.99
"603",68,94.4,"17-18",NA,NA,NA,NA
"609",1459,94.7,"17-18",87.07,98.29,454,2.42
"621",4760,95.3,"17-18",93.89,97.07,1509,0.99
"657",1013,95.7,"17-18",89.83,94.34,305,1.64
"720",2109,95.7,"17-18",96.83,96.06,541,0.74
"729",2030,96.1,"17-18",93.26,98.22,665,1.2
"747",633,95.7,"17-18",87.5,100,213,1.88
"819",568,95.7,"17-18",92.11,93.33,167,1.2
"846",582,94.1,"17-18",100,100,165,1.21
"873",469,93.4,"17-18",87.1,94.74,128,1.56
"882",4020,92.4,"17-18",79.1,76.99,1114,7.81
"914",1194,90.4,"17-18",77.78,79.59,495,11.11
"916",228,96,"17-18",95.24,100,NA,NA
"918",485,95,"17-18",94.29,100,152,1.32
"936",1007,95.7,"17-18",88.75,92.86,312,2.24
"977",861,96,"17-18",97.73,97.92,214,1.4
"981",2142,95.2,"17-18",94.04,95.59,627,1.75
"999",1842,95.6,"17-18",94.62,94.96,480,1.46
"1044",5560,95.4,"17-18",96.83,96.76,1507,0.66
"1053",17602,93.9,"17-18",83.52,86.93,5154,5.55
"1062",1524,95.7,"17-18",93.04,98.92,475,0.84
"1071",1396,94.1,"17-18",89.69,89.53,419,2.63
"1079",1134,94.6,"17-18",97.73,94.2,322,1.24
"1080",427,95.5,"17-18",97.3,100,132,0
"1082",1581,94.9,"17-18",93.5,94.31,517,1.16
"1089",455,94.4,"17-18",90.91,89.47,138,0
"1093",668,94.4,"17-18",97.62,100,181,2.21
"1095",740,96.1,"17-18",90.48,100,199,2.01
"1107",1290,94.6,"17-18",100,93.14,375,0.53
"1116",1570,94.9,"17-18",95.73,92.62,508,3.35
"1134",194,97.5,"17-18",NA,NA,NA,NA
"1152",1074,95.4,"17-18",95.71,96.72,285,0.7
"1197",1075,95.8,"17-18",94.81,98.63,449,1.34
"1206",980,95.3,"17-18",94.52,94.74,293,4.44
"1211",1470,94.3,"17-18",92.86,90.24,409,2.93
"1215",295,95.7,"17-18",95.45,94.74,84,0
"1218",253,94.2,"17-18",100,90.91,84,1.19
"1221",2417,95.5,"17-18",94.57,91.61,639,2.35
"1233",1361,96.6,"17-18",93.64,92.42,410,2.44
"1278",3561,94,"17-18",79.65,93.61,970,4.95
"1332",717,95.3,"17-18",97.73,92.11,223,0.45
"1337",5791,95,"17-18",92.31,93.33,1619,2.1
"1350",413,95.4,"17-18",100,97.22,124,0.81
"1359",418,94.3,"17-18",90.63,100,140,0.71
"1368",713,92.6,"17-18",80.7,90.38,221,3.17
"1413",438,95.6,"17-18",96.55,93.33,124,1.61
"1431",406,94.6,"17-18",97.92,94.34,186,3.23
"1476",9373,94.5,"17-18",87.01,90.51,2576,2.95
"1503",1527,95.3,"17-18",93.5,95.83,470,3.4
"1576",3076,95.2,"17-18",96.92,97.31,826,1.21
"1602",692,95.2,"17-18",86.05,100,212,3.3
"1611",16504,92.8,"17-18",81.9,86.8,4593,5.53
"1619",1233,95.4,"17-18",95.83,95.92,330,2.42
"1638",1720,96,"17-18",98.43,96.77,568,0.35
"1675",157,96.2,"17-18",NA,NA,NA,NA
"1701",2407,95.2,"17-18",87.7,95.05,768,3.26
"1719",799,97.2,"17-18",100,98.21,221,0
"1737",39115,95,"17-18",80.75,85.8,9527,6.38
"1782",116,96.5,"17-18",NA,NA,30,0
"1791",888,96,"17-18",100,97.37,264,0
"1863",10832,95.2,"17-18",88.95,91.52,3314,2.93
"1908",429,94,"17-18",92.31,96.88,142,2.11
"1917",446,94.3,"17-18",97.5,88.89,144,1.39
"1926",736,95.2,"17-18",81.63,88,208,2.88
"1944",915,94.5,"17-18",85.71,93.55,248,3.23
"1953",583,93.2,"17-18",100,92.59,201,0.5
"1963",611,94.8,"17-18",98,94.59,188,0.53
"1965",467,93.4,"17-18",97.14,91.84,147,1.36
"1968",820,95.1,"17-18",94.52,96.88,238,3.36
"1970",493,93.4,"17-18",90.32,90.48,144,4.86
"1972",332,94.8,"17-18",100,97.56,114,1.75
"1975",420,94.8,"17-18",96.55,100,132,1.52
"1989",521,95,"17-18",92.5,97.3,155,1.29
"2007",610,93.5,"17-18",93.44,95.77,281,2.85
"2088",799,95.8,"17-18",88.71,95,267,2.25
"2097",440,94.8,"17-18",88,100,117,3.42
"2113",208,95.1,"17-18",95.65,93.1,68,0
"2124",1350,94.6,"17-18",93.68,96.81,379,1.85
"2151",381,95.4,"17-18",100,97.78,115,0.87
"2169",1660,94.8,"17-18",89.29,91.6,515,4.66
"2295",1145,96.6,"17-18",95.96,94.25,383,2.61
"2313",3946,93.8,"17-18",85.25,80.29,1154,6.59
"2322",1970,94.8,"17-18",89.39,93.15,566,3.89
"2369",469,95.7,"17-18",92.59,100,134,1.49
"2376",430,94.5,"17-18",98.08,100,194,0.52
"2403",1022,94.9,"17-18",98.91,97.62,318,0.94
"2457",422,95.6,"17-18",91.89,89.47,139,0
"2466",1514,96.6,"17-18",98.13,96.4,473,0.21
"2493",78,93.8,"17-18",NA,NA,NA,NA
"2502",470,95.2,"17-18",97.67,100,156,1.28
"2511",2093,95,"17-18",94.03,97.16,642,1.25
"2520",326,96.4,"17-18",100,96.67,95,2.11
"2556",413,96.7,"17-18",88.24,92.86,95,2.11
"2673",647,95.1,"17-18",94.12,98.11,193,1.55
"2682",531,94.4,"17-18",100,95,149,1.34
"2709",1663,94.2,"17-18",90.4,89.09,514,0.97
"2718",484,94.2,"17-18",95.65,100,151,0.66
"2727",725,96.1,"17-18",97.96,100,198,0
"2754",523,94.9,"17-18",96.43,100,233,0.86
"2763",892,96.1,"17-18",82.65,86.08,350,7.14
"2766",335,94.6,"17-18",90.91,95.83,100,0
"2772",147,94.3,"17-18",NA,NA,NA,NA
"2781",1223,95.9,"17-18",91.67,97.4,422,0.71
"2826",1535,95.5,"17-18",98.57,97.66,518,0.97
"2834",153,95.1,"17-18",NA,NA,NA,NA
"2846",345,96.3,"17-18",100,89.29,104,0.96
"2862",614,95.4,"17-18",92.31,92.16,184,2.17
"2977",591,95.4,"17-18",93.18,89.09,193,2.07
"2988",796,95.9,"17-18",96,98.36,216,0.46
"3029",1091,94.8,"17-18",96.91,94.5,367,1.09
"3033",375,94.9,"17-18",NA,NA,NA,NA
"3042",751,94.8,"17-18",97.73,97.14,202,0.5
"3060",1444,97.2,"17-18",92.52,96.52,460,2.39
"3105",1446,95.3,"17-18",93.69,94.64,493,1.22
"3114",3579,92.2,"17-18",96.75,96.27,1130,0.88
"3119",815,95.5,"17-18",100,98.18,247,0.81
"3141",14659,94.4,"17-18",90.59,95.28,4086,2.57
"3150",1202,96.4,"17-18",90.1,97,429,3.26
"3154",547,96.1,"17-18",96.67,96.43,154,0
"3168",666,95.6,"17-18",95.56,98.18,194,1.55
"3186",386,97.6,"17-18",100,100,111,0
"3195",1398,95.3,"17-18",82.88,89,400,3.5
"3204",976,96,"17-18",90.2,95.56,235,1.28
"3231",7320,96.1,"17-18",95.59,98.17,2189,1.01
"3312",1869,94.6,"17-18",85.44,91.61,558,5.73
"3330",303,95.2,"17-18",100,94.12,97,0
"3348",466,95.8,"17-18",97.37,100,145,0
"3375",1715,94.9,"17-18",96.58,97.64,514,2.72
"3420",704,94.9,"17-18",94.44,98.08,222,0.9
"3465",349,94.9,"17-18",92.59,92.86,98,3.06
"3537",155,93.4,"17-18",NA,NA,NA,NA
"3555",616,95.2,"17-18",100,97.56,180,0
"3600",2228,95.3,"17-18",96.89,96.69,683,1.46
"3609",503,95.8,"17-18",100,100,135,0
"3645",3008,96,"17-18",91.81,95.73,931,1.07
"3691",722,92.3,"17-18",82.81,92.65,252,3.57
"3715",7832,95.6,"17-18",93.43,94.56,2197,1.59
"3744",647,95.2,"17-18",89.58,97.78,185,2.16
"3798",675,96.6,"17-18",96.72,100,208,0
"3816",470,94.5,"17-18",96.55,96.55,137,3.65
"3841",854,94.4,"17-18",92.19,92.98,280,3.57
"3897",59,97,"17-18",NA,NA,NA,NA
"3906",520,95.6,"17-18",97.44,97.06,157,0.64
"3942",684,95.1,"17-18",96,98.18,222,0
"3978",465,95.1,"17-18",100,94.74,126,0.79
"4023",811,95.6,"17-18",90.74,100,210,1.43
"4033",685,94.2,"17-18",92.73,93.62,241,2.9
"4041",1452,95.8,"17-18",91.43,94.74,506,1.78
"4043",686,95.4,"17-18",98.08,96.3,204,0.98
"4068",331,93.4,"17-18",100,94.12,165,0.61
"4086",2184,94.5,"17-18",96,93.38,672,1.19
"4104",5230,92.9,"17-18",87.8,90.52,1490,4.23
"4122",541,94.9,"17-18",97.92,95.35,195,1.54
"4131",3930,94.5,"17-18",89.43,91.24,1084,3.14
"4149",1472,96,"17-18",97.8,96.36,402,1
"4203",889,96.2,"17-18",92.86,94.44,247,1.21
"4212",355,95.3,"17-18",90,95,83,2.41
"4269",491,94.7,"17-18",88.89,96.3,147,3.4
"4271",1393,94.7,"17-18",93.1,96.74,361,2.22
"4356",788,95.9,"17-18",98.55,100,261,1.53
"4419",782,95.3,"17-18",100,100,203,0.99
"4437",496,95.3,"17-18",94.87,98.08,146,2.74
"4446",1070,95.3,"17-18",97.53,94.12,366,0.27
"4491",385,90,"17-18",92,100,120,0.83
"4505",241,94.6,"17-18",90.91,92.86,64,6.25
"4509",100,96.5,"17-18",100,90,NA,NA
"4518",186,93,"17-18",100,100,51,0
"4527",670,95.7,"17-18",97.92,97.37,210,1.9
"4536",2051,94.9,"17-18",89.51,89.71,636,2.99
"4554",1371,95.9,"17-18",91.84,99.06,413,0.48
"4572",325,96.2,"17-18",90.91,100,95,2.11
"4581",5000,93.2,"17-18",84.05,85.98,1503,5.39
"4599",586,96.7,"17-18",98.21,96.97,183,3.28
"4617",1569,96.1,"17-18",95.83,93.81,457,0.66
"4644",505,95.7,"17-18",95.65,96.43,142,1.41
"4662",1025,96.9,"17-18",92.22,92.59,361,3.32
"4689",546,94,"17-18",97.62,94.44,160,1.25
"4725",3207,94.6,"17-18",92.98,91.28,926,2.27
"4772",764,95.6,"17-18",98.21,98.31,210,0
"4773",823,96.4,"17-18",96.1,97.47,276,0
"4774",752,94.9,"17-18",94.44,96.43,331,0.91
"4775",89,98.9,"17-18",NA,NA,NA,NA
"4776",553,94.9,"17-18",97.56,96.72,153,1.31
"4777",557,94.7,"17-18",95.24,97.92,209,2.39
"4778",293,93.2,"17-18",NA,NA,NA,NA
"4779",1714,96,"17-18",96.23,95.74,475,0.84
"4784",3248,95.9,"17-18",94.81,96.76,975,0.82
"4785",447,94.7,"17-18",100,100,141,0.71
"4787",73,96.4,"17-18",NA,NA,NA,NA
"4788",539,96.1,"17-18",100,95.12,163,0
"4797",3042,95.9,"17-18",96.63,96.26,821,0.49
"4860",363,96.1,"17-18",98.48,98.11,296,1.69
"4869",1252,93.7,"17-18",81.58,90.32,361,4.43
"4878",712,95.8,"17-18",94.55,94.83,230,2.61
"4890",1022,95.1,"17-18",94.55,96.36,268,2.61
"4905",80,94.1,"17-18",NA,NA,NA,NA
"4978",166,95.9,"17-18",100,93.75,52,5.77
"4995",959,95.8,"17-18",100,97.53,286,0.7
"5013",2305,94.9,"17-18",89.41,91.95,700,2.14
"5049",4613,94.3,"17-18",91.2,89.53,1276,5.09
"5121",713,95.8,"17-18",98.31,100,246,0.41
"5139",221,96.7,"17-18",100,NA,57,0
"5160",1064,96,"17-18",98.48,98.65,339,0.59
"5163",677,95.6,"17-18",98.36,97.96,214,0.93
"5166",2386,96.3,"17-18",96.89,97.81,671,0
"5184",1799,94.8,"17-18",98.74,94.59,588,3.4
"5250",4977,96.5,"17-18",97.62,98,1442,1.18
"5256",742,96.7,"17-18",92.31,97.73,246,0.41
"5283",757,94.7,"17-18",89.8,96.72,281,4.98
"5310",771,94.9,"17-18",78.85,94.23,201,4.98
"5325",574,93.6,"17-18",100,97.73,326,1.53
"5463",1113,93.7,"17-18",89.47,91.58,321,3.12
"5486",334,95.9,"17-18",NA,NA,NA,NA
"5508",337,95.5,"17-18",93.55,100,108,0.93
"5510",631,95.2,"17-18",92.31,94.87,163,0.61
"5607",862,96.6,"17-18",100,95.74,231,0.87
"5643",1100,95.8,"17-18",95,95.95,337,0.59
"5697",437,96.8,"17-18",97.87,97.67,156,0.64
"5724",192,95.5,"17-18",92.86,100,60,0
"5751",603,96.6,"17-18",100,96,199,0.5
"5805",1310,94.4,"17-18",93.07,92.63,416,3.13
"5823",363,94.7,"17-18",NA,NA,NA,NA
"5832",179,96.6,"17-18",NA,NA,NA,NA
"5877",1666,96.2,"17-18",99.12,99.14,498,0.4
"5895",250,94.7,"17-18",93.33,100,73,1.37
"5922",669,94.6,"17-18",98.21,100,197,1.52
"5949",1085,96.4,"17-18",87.21,85.54,345,2.61
"5976",1091,95.6,"17-18",98.73,96.3,315,0.63
"5994",801,96.1,"17-18",93.75,94.83,242,2.48
"6003",490,94.8,"17-18",96.67,100,190,1.58
"6012",563,95.6,"17-18",90.91,89.74,181,0.55
"6030",1420,96.9,"17-18",79.17,83.72,384,7.03
"6035",671,95.8,"17-18",91.8,89.8,235,0.43
"6039",15548,94.8,"17-18",85.51,86.35,4138,3.26
"6091",872,94.7,"17-18",94.29,100,266,1.5
"6093",1489,97.3,"17-18",94.69,97.85,450,0.22
"6094",496,94.3,"17-18",95,88.1,155,1.29
"6095",707,95.5,"17-18",98.36,94.64,242,0
"6096",539,95.1,"17-18",NA,NA,NA,NA
"6097",142,93.3,"17-18",100,NA,44,0
"6098",1535,94.2,"17-18",95.12,97,475,2.95
"6099",615,95.4,"17-18",82,88,197,2.54
"6100",478,96,"17-18",94.74,96.36,198,0.51
"6101",7047,95.7,"17-18",94.92,98.92,2080,0.96
"6102",2062,94.8,"17-18",94.24,94.49,590,2.03
"6120",1266,95.2,"17-18",91.59,95.08,409,1.71
"6138",379,94.5,"17-18",96.55,100,124,0
"6165",272,95.4,"17-18",100,100,68,0
"6175",608,95,"17-18",94.12,97.96,173,1.73
"6219",2621,94.7,"17-18",64.78,90.51,797,2.26
"6246",80,96,"17-18",NA,NA,NA,NA
"6264",823,93.3,"17-18",98,93.65,236,1.69
"6273",845,95.1,"17-18",95,95.31,233,2.58
"6408",957,95.3,"17-18",92.42,96.77,298,1.68
"6453",826,96.2,"17-18",95.56,100,229,0.44
"6460",673,96.8,"17-18",100,100,213,0
"6462",268,94.1,"17-18",100,100,69,0
"6471",401,95.4,"17-18",92.68,93.33,151,1.32
"6509",346,95.9,"17-18",96.88,97.22,120,0.83
"6512",355,96.6,"17-18",95.65,96.77,105,2.86
"6516",47,96.4,"17-18",NA,NA,NA,NA
"6534",797,96.1,"17-18",96.88,100,273,0.37
"6536",1055,95.4,"17-18",90.36,96.15,355,1.97
"6561",267,95.8,"17-18",NA,NA,NA,NA
"6579",4075,95.9,"17-18",94.26,99.04,1301,0.61
"6592",690,94.9,"17-18",95.52,92.31,265,1.13
"6615",853,95.6,"17-18",100,97.87,251,1.2
"6651",291,94.7,"17-18",NA,NA,NA,NA
"6660",1494,95.1,"17-18",93.58,87.96,449,2.67
"6700",473,94.9,"17-18",86.67,93.75,135,2.22
"6741",869,95,"17-18",97.22,93.94,265,0.75
"6759",593,70.7,"17-18",88.24,83.08,236,0.42
"6762",742,95.3,"17-18",98.04,100,185,1.08
"6768",1726,94.8,"17-18",89.12,95.87,582,2.58
"6795",11812,91.6,"17-18",84.24,87.75,3041,4.67
"6822",10584,95.6,"17-18",98.5,98.89,2680,0.11
"6840",2496,95.9,"17-18",90.24,91.77,720,1.67
"6854",622,95.8,"17-18",100,89.19,189,1.59
"6867",1670,95.7,"17-18",94.02,95.77,521,1.92
"6921",326,94.9,"17-18",100,100,115,0.87
"6930",798,96.2,"17-18",89.23,96,263,1.14
"6937",949,94.7,"17-18",94.92,96.88,275,1.82
"6943",264,95.8,"17-18",100,100,74,0
"6950",1437,94.8,"17-18",96.43,97.37,488,1.43
"6957",9383,95.6,"17-18",92.92,96.1,2898,1.55
"6961",3348,96.1,"17-18",97.78,97.78,1181,0.68
"6969",313,96.1,"17-18",90,89.29,119,2.52
"6975",1405,94.6,"17-18",95.1,93.33,395,3.04
"6983",923,97,"17-18",98.39,96.55,247,0.4
"6985",1017,95.8,"17-18",97.1,100,302,0.99
"6987",601,93.8,"17-18",88.57,83.33,178,1.69
"6990",793,95.6,"17-18",84,87.88,236,2.97
"6992",586,94.1,"17-18",100,98.11,165,0
"7002",210,94.3,"17-18",92.86,100,62,0
"7029",1187,96.1,"17-18",96.08,98.92,371,1.08
"7038",920,94.5,"17-18",98.21,92.59,232,1.29
"7047",456,94.7,"17-18",93.1,100,151,1.99
"7056",1791,96.2,"17-18",97.56,97.01,503,0.8
"7092",503,96.5,"17-18",100,100,113,1.77
"7098",596,96.2,"17-18",97.83,100,199,0.5
"7110",1042,95,"17-18",100,94.52,433,0.46
"9",607,94.9,"18-19",100,100,156,1.28
"18",261,95.6,"18-19",NA,NA,NA,NA
"27",1935,95.6,"18-19",100,98.4,506,0.59
"63",620,96.2,"18-19",100,100,179,0
"72",101,95.2,"18-19",NA,NA,NA,NA
"81",1174,95.3,"18-19",87.5,98.6,359,1.39
"99",674,95.5,"18-19",94.4,95.9,202,0.99
"108",146,97.6,"18-19",NA,NA,NA,NA
"126",1445,95.8,"18-19",90.3,93.5,431,3.02
"135",1092,94.9,"18-19",95,96.4,358,1.96
"153",593,95.5,"18-19",96.4,100,176,1.14
"171",789,94.8,"18-19",91.7,92.3,211,1.42
"225",4902,95.4,"18-19",95.5,98.3,NA,1.38
"234",1252,94,"18-19",85.4,100,401,2
"243",135,96.1,"18-19",NA,NA,NA,NA
"261",12186,95.3,"18-19",95.6,97.6,NA,0.81
"279",816,95.8,"18-19",96.4,100,235,0.85
"333",360,91.7,"18-19",97.5,97.8,202,0
"355",225,95.9,"18-19",100,93.3,60,0
"387",1448,94.5,"18-19",96.7,95.6,394,1.52
"414",526,95.7,"18-19",100,96.7,144,1.39
"441",716,95.4,"18-19",93.3,100,224,0.89
"472",1730,96,"18-19",97,99.3,535,0.93
"513",428,95.9,"18-19",100,97,111,1.8
"540",575,94.8,"18-19",93.3,96.3,191,1.05
"549",466,95.9,"18-19",100,92.6,124,0
"576",505,95.6,"18-19",84,100,178,1.69
"585",691,95.9,"18-19",98.3,97.8,243,0.82
"594",743,94.6,"18-19",95.4,96,216,2.78
"603",73,96.5,"18-19",NA,NA,NA,NA
"609",1489,94.3,"18-19",96.3,89.7,471,1.49
"621",4822,95,"18-19",95.2,96.1,NA,0.71
"657",1027,95.3,"18-19",93.7,91.5,323,3.72
"720",2261,95.5,"18-19",94.8,100,564,0.71
"729",2002,95.6,"18-19",90.5,95.3,644,1.71
"747",636,95.1,"18-19",98,93.8,221,2.26
"819",575,95.3,"18-19",96.9,92.1,179,2.79
"846",585,94.4,"18-19",98,100,163,0.61
"873",469,93.7,"18-19",100,87.1,129,0.78
"882",3827,92,"18-19",78.5,81.3,NA,9.65
"914",1150,92.7,"18-19",79.4,87.9,530,10.75
"916",119,95.5,"18-19",NA,95.2,NA,NA
"918",469,94.9,"18-19",92.2,97.1,148,0.68
"936",983,95.8,"18-19",92.9,88.8,294,1.36
"977",920,95.1,"18-19",96.2,97.7,236,1.27
"981",2182,94.9,"18-19",96.4,94.7,633,0.16
"999",1777,95.3,"18-19",97.2,96.2,489,1.64
"1044",5601,95.6,"18-19",95.7,98.6,NA,1.2
"1053",17271,93,"18-19",81.9,86.4,NA,4.73
"1062",1501,95.6,"18-19",96.9,95.7,471,1.06
"1071",1398,92.9,"18-19",91.5,89.7,415,2.65
"1079",1143,95.2,"18-19",93.7,97.7,314,1.59
"1080",419,94.5,"18-19",100,97.3,127,1.57
"1082",1580,95.5,"18-19",94.7,96.8,512,1.76
"1089",423,94.3,"18-19",97.3,93.9,138,1.45
"1093",680,94.2,"18-19",98,100,188,0.53
"1095",769,96.3,"18-19",100,90.5,208,0.48
"1107",1284,94.5,"18-19",95.6,100,378,1.06
"1116",1597,94,"18-19",90,99.2,518,1.74
"1134",192,96,"18-19",NA,NA,NA,NA
"1152",1132,96.1,"18-19",91.2,98.6,297,0.34
"1197",1349,95.8,"18-19",96.6,94.8,408,0.98
"1206",972,94.8,"18-19",93.7,97.3,276,1.81
"1211",1441,94.2,"18-19",88,96.9,394,3.55
"1215",300,95.5,"18-19",100,95.5,86,0
"1218",213,93.1,"18-19",92.9,100,82,0
"1221",2554,95.2,"18-19",92.4,94.6,644,1.4
"1233",1386,96.8,"18-19",96.6,95.5,387,1.29
"1278",3616,93.8,"18-19",85.8,83.1,970,4.33
"1332",729,95,"18-19",98,97.7,237,1.69
"1337",5800,94.5,"18-19",92.7,93.9,NA,2.55
"1350",414,95,"18-19",96.7,100,120,1.67
"1359",393,94.6,"18-19",100,93.8,135,2.22
"1368",665,91.6,"18-19",87,86,203,4.93
"1413",410,94.3,"18-19",96.7,96.6,123,1.63
"1431",397,94.8,"18-19",95.2,97.9,179,3.35
"1476",9272,94.4,"18-19",86.6,89.6,NA,3.05
"1503",1437,95.5,"18-19",91,95.1,453,1.55
"1576",3222,95.1,"18-19",97.4,97.4,833,0.24
"1602",701,94.9,"18-19",94,88.4,213,1.41
"1611",16035,93,"18-19",81.3,85.9,NA,6.59
"1619",1247,95.2,"18-19",96.6,97.2,342,0.88
"1638",1712,95.4,"18-19",96.5,98.4,592,0.34
"1675",145,96.2,"18-19",NA,NA,NA,NA
"1701",2443,95.1,"18-19",90.9,91.4,796,2.14
"1719",832,96.1,"18-19",100,100,235,1.28
"1737",35265,94,"18-19",82.7,85.1,NA,5.73
"1782",123,96.1,"18-19",NA,NA,29,0
"1791",891,96.3,"18-19",98.5,100,280,0
"1863",10727,94.8,"18-19",88.5,90.3,NA,3.66
"1908",410,93.9,"18-19",100,92.3,144,1.39
"1917",411,94.5,"18-19",96.7,97.5,131,2.29
"1926",657,95.3,"18-19",88.2,85.7,224,1.79
"1944",970,93.8,"18-19",96.5,85.7,268,6.34
"1953",593,90.1,"18-19",95.7,100,203,0.49
"1963",585,94.5,"18-19",100,98,178,2.81
"1965",466,94.4,"18-19",89.7,100,153,1.96
"1968",816,95.4,"18-19",92.9,95.9,227,0.88
"1970",502,93.9,"18-19",87.1,93.6,145,1.38
"1972",336,95.1,"18-19",100,100,128,0
"1975",405,94.2,"18-19",94.6,96.6,127,2.36
"1989",509,95,"18-19",97.4,95,163,0.61
"2007",599,93.8,"18-19",93.6,93.4,279,1.08
"2088",802,95.1,"18-19",89.1,93.6,269,4.46
"2097",455,94.9,"18-19",95,92,137,1.46
"2113",185,95.5,"18-19",100,100,58,1.72
"2124",1278,94.7,"18-19",91.8,95.8,399,4.01
"2151",377,94.9,"18-19",100,100,118,0.85
"2169",1663,95,"18-19",90.5,91.1,512,4.49
"2295",1138,95,"18-19",85.7,98,364,3.57
"2313",3831,94,"18-19",82,87.4,NA,6.77
"2322",1925,94.2,"18-19",88.1,90.9,549,2.91
"2369",478,94.8,"18-19",94.4,100,137,0
"2376",434,95.4,"18-19",100,100,203,1.48
"2403",1002,95.4,"18-19",98.8,98.9,306,0.65
"2457",409,95.4,"18-19",97.4,94.6,132,0.76
"2466",1528,96.7,"18-19",98.3,99.1,482,0
"2493",99,92.7,"18-19",NA,NA,NA,NA
"2502",468,95.5,"18-19",91.3,100,149,0.67
"2511",2079,91.1,"18-19",95.5,97,651,1.23
"2520",322,95.9,"18-19",100,100,94,0
"2556",327,96.8,"18-19",93.1,88.2,101,1.98
"2673",657,95.1,"18-19",98.2,100,211,0
"2682",510,94.1,"18-19",97.7,100,161,0
"2709",1702,94.5,"18-19",85.6,92,508,1.38
"2718",455,94.4,"18-19",100,97.8,145,0
"2727",699,96.2,"18-19",95.9,100,202,0.5
"2754",513,95.3,"18-19",96.3,96.4,242,1.65
"2763",1017,95.7,"18-19",81.5,89.8,387,6.98
"2766",345,94.7,"18-19",92.3,90.9,106,0
"2772",151,94.4,"18-19",NA,NA,NA,NA
"2781",1361,94.2,"18-19",95.5,93.1,434,2.76
"2826",1517,94.8,"18-19",95.5,99.3,506,0.99
"2846",335,95.6,"18-19",95.7,100,105,1.9
"2862",628,94.6,"18-19",91.1,92.3,170,0.59
"2977",593,95.4,"18-19",94,95.5,192,1.04
"2988",789,96,"18-19",98.5,96,226,0
"3029",1080,94.3,"18-19",100,96.9,369,2.17
"3033",383,94.5,"18-19",NA,NA,NA,NA
"3042",760,96,"18-19",100,97.7,215,0
"3060",1449,96.9,"18-19",91.3,95.3,466,1.5
"3105",1435,95.2,"18-19",95.9,94.6,492,2.44
"3114",3665,94.6,"18-19",97.1,97.1,NA,0.97
"3119",824,95.3,"18-19",97.1,100,246,1.63
"3141",14835,94.3,"18-19",90.4,94,NA,2.05
"3150",1268,95.6,"18-19",94.1,93.1,421,1.43
"3154",536,95.6,"18-19",97.1,100,163,0
"3168",687,95.1,"18-19",100,97.8,206,1.46
"3186",405,97.9,"18-19",96,100,110,0
"3195",1296,94.6,"18-19",87.1,86.5,377,2.92
"3204",1015,94.4,"18-19",96,94.1,265,0.38
"3231",7357,95.9,"18-19",96.8,97.8,NA,0.63
"3312",1865,94.2,"18-19",89.7,86.7,532,4.14
"3330",312,95.2,"18-19",100,100,85,2.35
"3348",438,95.7,"18-19",100,100,122,0.82
"3375",1709,95.1,"18-19",96.6,97.4,497,1.81
"3420",713,93.7,"18-19",93.8,96.3,211,3.79
"3465",335,95.1,"18-19",100,96.3,98,1.02
"3537",147,93.5,"18-19",NA,NA,NA,NA
"3555",653,94.9,"18-19",100,100,197,0
"3600",2272,95.2,"18-19",97,97.5,690,0.87
"3609",486,94.6,"18-19",100,100,133,0.75
"3645",2987,95.6,"18-19",96.2,93.1,926,1.19
"3691",668,93.4,"18-19",90,84.4,231,3.46
"3715",8131,95.4,"18-19",95.9,95.1,NA,2.12
"3744",640,95.5,"18-19",97.8,91.7,168,1.19
"3798",649,96.8,"18-19",97.9,98.4,196,0.51
"3816",472,94.1,"18-19",90.9,96.6,149,1.34
"3841",856,94.2,"18-19",93.8,95.3,269,2.97
"3897",55,96,"18-19",NA,NA,NA,NA
"3906",518,95.7,"18-19",97.7,100,152,0.66
"3942",677,95,"18-19",92,96,203,0.49
"3978",477,93.7,"18-19",94.3,100,136,2.94
"4023",765,96.1,"18-19",96.5,92.6,219,2.28
"4033",670,93.8,"18-19",87.3,94.6,241,2.07
"4041",1402,96.4,"18-19",96.1,94.3,502,1.39
"4043",707,95.3,"18-19",100,98.1,204,0
"4068",321,95.2,"18-19",100,100,159,0.63
"4086",2160,94.4,"18-19",96.6,97.7,668,1.5
"4104",5151,92.7,"18-19",86.3,90.5,NA,3.71
"4122",534,95.4,"18-19",95.7,97.9,174,0
"4131",3894,93.7,"18-19",93.2,90.9,NA,1.64
"4149",1512,95.7,"18-19",90.5,98.9,415,2.89
"4203",905,96.3,"18-19",94,94.6,246,1.22
"4212",349,94.6,"18-19",93.8,90,87,2.3
"4269",491,94.3,"18-19",95.5,91.7,149,2.68
"4271",1376,95,"18-19",86.8,96.6,358,0.84
"4356",788,95.7,"18-19",96.8,98.6,249,1.2
"4419",790,95.5,"18-19",100,100,209,1.44
"4437",508,94.7,"18-19",97.3,94.9,149,0
"4446",1033,95.2,"18-19",97.5,98.8,365,0.27
"4491",393,91.5,"18-19",92.9,96,119,2.52
"4505",231,95.2,"18-19",82.4,90.9,68,8.82
"4509",110,96.8,"18-19",NA,100,NA,NA
"4518",205,92.9,"18-19",90.9,100,53,3.77
"4527",621,96.3,"18-19",91.5,97.9,199,2.51
"4536",2047,94.6,"18-19",91.3,91.6,623,3.21
"4554",1390,95.6,"18-19",94.9,93.9,424,0.94
"4572",294,95.8,"18-19",100,90.9,88,2.27
"4581",5012,93.2,"18-19",82,85.2,NA,6.46
"4599",582,96.2,"18-19",95.7,98.2,165,0
"4617",1539,95.5,"18-19",95.9,97.5,463,1.94
"4644",516,95.4,"18-19",100,97.8,137,2.19
"4662",996,96.4,"18-19",96,94.4,338,1.78
"4689",529,94.2,"18-19",97,100,154,1.95
"4725",3093,94.7,"18-19",90.1,93.4,905,3.54
"4772",724,95.6,"18-19",100,98.2,217,0.46
"4773",833,96,"18-19",97,98.7,269,0.74
"4774",1081,95.1,"18-19",89.3,96.7,305,2.62
"4776",546,95.5,"18-19",97.1,97.6,157,1.27
"4777",564,94.5,"18-19",87.9,97.6,216,0.93
"4778",301,93.2,"18-19",NA,NA,NA,NA
"4779",1767,95.9,"18-19",95.7,96.2,474,0.63
"4784",3260,96.1,"18-19",97.3,97.8,947,0.84
"4785",452,95.3,"18-19",91.2,100,149,0.67
"4788",541,96.2,"18-19",92.1,100,159,0
"4797",3295,95.6,"18-19",98.5,97.6,853,0.82
"4860",984,95.6,"18-19",96.7,98.5,303,0.66
"4869",1282,94,"18-19",84.9,86.8,364,4.12
"4878",715,95.8,"18-19",97.9,96.4,207,0
"4890",1070,95.6,"18-19",94.4,98.2,288,1.04
"4905",77,93.5,"18-19",NA,NA,NA,NA
"4978",175,96.1,"18-19",93.3,100,51,1.96
"4995",951,95.9,"18-19",97.1,100,274,0.36
"5013",2152,94.6,"18-19",96,92.4,646,2.32
"5049",4568,93.9,"18-19",86.6,93,NA,4.28
"5121",711,94.8,"18-19",96.4,98.3,259,0.77
"5139",236,96.4,"18-19",100,100,66,0
"5160",1092,95.8,"18-19",94.6,98.5,332,0.3
"5163",686,95,"18-19",97.9,100,206,0.49
"5166",2378,96.4,"18-19",97,99.4,692,0.43
"5184",1784,94.4,"18-19",91.9,98.7,568,1.41
"5250",5059,96.5,"18-19",96.7,98.7,NA,1.27
"5256",726,96.6,"18-19",96.6,92.3,245,0.41
"5283",728,94.4,"18-19",86.1,93.9,277,3.25
"5310",777,94.6,"18-19",94.1,92.3,213,3.29
"5325",569,94,"18-19",97.7,100,336,1.79
"5463",1078,93.3,"18-19",94.9,92.1,316,2.85
"5486",329,96.1,"18-19",NA,NA,NA,NA
"5508",359,94.6,"18-19",95.2,100,100,1
"5510",645,94.6,"18-19",90,92.3,159,0
"5607",876,97.2,"18-19",98.3,100,230,1.3
"5643",1122,95.9,"18-19",99,96.3,342,0.58
"5697",419,97,"18-19",100,97.9,150,0.67
"5724",178,95,"18-19",100,92.9,55,0
"5751",585,96.2,"18-19",100,100,186,1.08
"5805",1341,94.1,"18-19",95.7,94.1,408,0.98
"5823",370,93.8,"18-19",NA,NA,NA,NA
"5832",185,96.9,"18-19",NA,NA,NA,NA
"5877",1669,96.2,"18-19",97.5,99.1,496,0
"5895",255,94.8,"18-19",94.4,93.3,84,2.38
"5922",673,94.6,"18-19",98,98.2,196,0.51
"5949",1110,96.2,"18-19",91.7,89.5,346,1.73
"5976",1071,95.7,"18-19",97.4,98.7,318,0.31
"5994",783,96.1,"18-19",94.4,95.3,240,2.5
"6003",494,95.5,"18-19",94.2,100,189,1.59
"6012",555,95.5,"18-19",87.8,93.2,185,1.08
"6030",1463,96.5,"18-19",82.1,80.2,373,8.58
"6035",676,95.5,"18-19",97.7,95.1,235,2.55
"6039",15376,94.3,"18-19",84.5,87.2,NA,2.88
"6091",892,94.6,"18-19",95.2,95.7,259,3.09
"6093",1499,97,"18-19",96.7,99.1,476,0
"6094",501,94.1,"18-19",96.9,95,152,0.66
"6095",695,94.9,"18-19",100,98.4,250,2
"6096",540,95,"18-19",NA,NA,NA,NA
"6097",135,94.5,"18-19",100,100,43,0
"6098",1563,94.2,"18-19",91.2,95.9,473,4.23
"6099",621,94.8,"18-19",81.1,88,198,2.02
"6100",474,95.4,"18-19",94,96.5,192,0.52
"6101",7079,95.5,"18-19",95.1,96.8,NA,1.31
"6102",2090,94.6,"18-19",92,96.4,623,1.77
"6120",1260,94.7,"18-19",95.5,92.5,371,1.89
"6138",378,94.2,"18-19",96.2,96.6,123,3.25
"6165",251,95.1,"18-19",100,100,69,0
"6175",602,94.5,"18-19",100,94.1,174,1.72
"6219",2632,94.3,"18-19",50.3,93.1,800,2.75
"6246",72,94.9,"18-19",NA,NA,NA,NA
"6264",852,94.1,"18-19",96.1,98,238,1.68
"6273",845,95.3,"18-19",94.6,95,249,2.41
"6408",981,95.5,"18-19",89.4,95.5,317,0
"6453",842,95.9,"18-19",100,100,255,0
"6460",678,96.3,"18-19",96.2,100,216,0
"6462",248,92.7,"18-19",100,100,61,4.92
"6471",390,95.3,"18-19",83.3,92.7,126,2.38
"6509",332,95.3,"18-19",100,96.9,110,0
"6512",336,94.2,"18-19",90.3,95.7,99,2.02
"6516",50,94.8,"18-19",NA,NA,NA,NA
"6534",800,96.1,"18-19",98.7,100,273,0.37
"6536",1045,95.9,"18-19",97.9,92.8,377,0.53
"6561",268,96,"18-19",NA,NA,NA,NA
"6579",4093,95.1,"18-19",98.1,96.3,NA,0.31
"6592",704,94.5,"18-19",96.8,97,236,1.69
"6615",892,95.5,"18-19",98.6,100,247,0.4
"6651",335,94.2,"18-19",NA,NA,NA,NA
"6660",1478,95,"18-19",95,95.4,438,1.37
"6700",479,95.1,"18-19",96.7,90,136,0
"6741",876,94.9,"18-19",94.5,98.6,253,1.58
"6759",608,90.7,"18-19",96.3,92.2,227,4.41
"6762",722,95,"18-19",97.9,98,176,0
"6768",1697,94.7,"18-19",90.9,93.2,550,2.73
"6795",11521,91,"18-19",82.9,87.5,NA,4.47
"6822",11147,95.3,"18-19",98.9,98.8,NA,0.32
"6840",2315,95.7,"18-19",95.9,93.3,737,1.36
"6854",622,95.5,"18-19",97.6,100,182,1.1
"6867",1694,95.3,"18-19",94.7,97.4,544,2.02
"6921",323,94.8,"18-19",100,100,106,0.94
"6930",771,96,"18-19",87.5,92.3,255,3.53
"6937",976,94.2,"18-19",92.9,98.3,287,1.05
"6943",266,95.8,"18-19",95.7,100,81,1.23
"6950",1464,94.5,"18-19",94.6,98.2,477,1.47
"6957",9545,95.6,"18-19",93.4,95.1,NA,1.89
"6961",3372,95.9,"18-19",98.6,98.1,NA,0.62
"6969",305,96.2,"18-19",100,90,108,0
"6975",1364,94.6,"18-19",97.2,96.1,391,3.84
"6983",920,96.2,"18-19",98.3,98.4,267,1.12
"6985",988,95.3,"18-19",95.2,98.6,295,0.68
"6987",639,93.6,"18-19",100,94.3,193,1.55
"6990",835,94.4,"18-19",92.2,86,237,0.84
"6992",613,94,"18-19",100,100,176,0.57
"7002",220,94.2,"18-19",94.4,100,62,4.84
"7029",1153,96,"18-19",97.8,97.1,347,0
"7038",913,94.4,"18-19",94.6,100,228,0.88
"7047",418,94.2,"18-19",96.6,93.1,142,0.7
"7056",1741,96,"18-19",99.2,97.6,520,0.96
"7092",459,96.2,"18-19",92.9,100,125,3.2
"7098",596,95.6,"18-19",96.1,97.8,199,2.51
"7110",1390,96.4,"18-19",96.3,100,413,0.48
