Co,County Name,AEA,Dist,District Name,PK,K,Grade 1,Grade 2,Grade 3,Grade 4,Grade 5,Grade 6,Grade 7,Grade 8,Grade 9,Grade 10,Grade 11,Grade 12,K-12 Enrollment,Total Enrollment,Hispanic Male,Hispanic Female,Hispanic Total,Native American Male,Native American Female,Native American Total,Asian Male,Asian Female,Asian Total,Black Male,Black Female,Black Total,Pacific Islander Male,Pacific Islander Female,Pacific Islander Total,White Male,White Female,White Total,Multi-Race Male,Multi-Race Female,Multi-Race Total,Total Male,Total Female
42,Hardin,7,9,AGWSR,52,51,46,43,46,36,34,28,43,41,39,35,41,50,533,585,20,28,48,1,0,1,1,2,3,1,2,3,0,0,0,284,235,519,5,6,11,312,273
39,Guthrie,11,18,Adair-Casey,13,24,18,21,28,29,17,22,24,20,18,28,18,25,292,305,0,0,0,0,0,0,0,0,0,0,0,0,0,0,0,143,159,302,2,1,3,145,160
25,Dallas,11,27,Adel DeSoto Minburn,26,140,132,137,122,103,117,118,117,128,122,110,122,111,1579,1605,13,18,31,2,3,5,7,3,10,2,3,5,0,0,0,788,745,1533,13,8,21,825,780
75,Plymouth,12,63,Akron Westfield,18,67,53,46,39,40,36,44,33,36,50,43,39,39,565,583,22,20,42,3,1,4,2,4,6,2,0,2,0,0,0,267,244,511,5,13,18,301,282
11,Buena Vista,05,72,Albert City-Truesdale,13,17,16,9,16,8,18,12,0,0,0,0,0,0,96,109,5,4,9,0,0,0,1,0,1,0,0,0,0,0,0,57,39,96,1,2,3,64,45
68,Monroe,15,81,Albia,62,99,87,91,86,85,94,82,81,79,79,90,91,98,1142,1204,22,21,43,0,1,1,1,2,3,6,2,8,0,0,0,584,528,1112,24,13,37,637,567
57,Linn,10,99,Alburnett,0,39,50,55,42,44,48,46,52,45,40,51,69,56,637,637,3,7,10,0,0,0,0,1,1,2,2,4,0,0,0,325,293,618,3,1,4,333,304
42,Hardin,07,108,Alden,43,21,14,34,21,23,21,106,0,0,0,0,0,0,240,283,12,9,21,0,0,0,0,0,0,0,0,0,0,0,0,139,118,257,1,4,5,152,131
55,Kossuth,05,126,Algona,105,135,104,113,91,90,96,108,100,106,94,113,108,97,1355,1460,20,21,41,2,1,3,6,6,12,4,5,9,0,1,1,716,645,1361,14,19,33,762,698
03,Allamakee,01,135,Allamakee,72,91,95,88,72,72,99,67,81,78,106,101,96,94,1140,1212,9,16,25,0,2,2,0,0,0,0,3,3,0,0,0,597,573,1170,5,7,12,611,601
12,Butler,07,153,North Butler,81,75,56,56,60,47,38,40,48,45,41,49,46,45,646,727,4,7,11,0,0,0,3,2,5,2,0,2,1,2,3,368,325,693,8,5,13,386,341
11,Buena Vista,05,171,Alta,51,61,49,43,45,36,32,0,0,0,44,58,49,43,460,511,51,53,104,0,0,0,1,0,1,3,3,6,0,0,0,215,181,396,3,1,4,273,238
85,Story,11,225,Ames,284,402,327,318,307,363,285,308,320,322,304,292,336,339,4223,4507,176,146,322,5,4,9,206,191,397,209,177,386,0,0,0,1585,1584,3169,114,110,224,2295,2212
53,Jones,10,234,Anamosa,98,105,92,86,84,79,89,92,107,95,94,96,93,103,1215,1313,13,9,22,0,1,1,8,9,17,11,13,24,0,0,0,637,587,1224,11,14,25,680,633
49,Jackson,09,243,Andrew,22,23,16,19,11,24,16,20,18,17,0,0,0,0,164,186,0,0,0,0,0,0,0,0,0,1,0,1,2,3,5,89,90,179,0,1,1,92,94
77,Polk,11,261,Ankeny,312,890,842,847,815,802,771,771,713,682,660,655,611,648,9707,10019,198,184,382,6,4,10,121,117,238,83,81,164,4,6,10,4553,4372,8925,155,135,290,5120,4899
12,Butler,07,279,Aplington-Parkersburg,67,78,65,56,61,58,52,69,53,69,70,77,58,57,823,890,3,2,5,0,0,0,0,1,1,6,0,6,0,0,0,425,449,874,1,3,4,435,455
32,Emmet,05,333,Armstrong-Ringsted,0,0,0,0,0,0,0,0,0,0,52,49,55,58,214,214,5,2,7,0,1,1,1,0,1,1,0,1,0,0,0,100,102,202,1,1,2,108,106
24,Crawford,12,355,Ar-We-Va,15,30,19,15,14,15,19,14,15,17,18,14,14,15,219,234,11,15,26,1,0,1,0,0,0,2,3,5,0,0,0,105,96,201,0,1,1,119,115
15,Cass,13,387,Atlantic,123,137,125,117,120,99,119,102,109,123,116,92,113,111,1483,1606,37,35,72,2,0,2,1,0,1,2,7,9,15,17,32,794,688,1482,5,3,8,856,750
05,Audubon,11,414,Audubon,46,50,38,39,32,40,42,40,28,36,40,58,47,45,535,581,6,6,12,0,0,0,2,1,3,0,2,2,0,0,0,292,261,553,4,7,11,304,277
18,Cherokee,12,423,Aurelia,18,32,15,11,12,14,22,60,56,55,0,0,0,0,277,295,19,25,44,0,0,0,0,0,0,1,4,5,0,0,0,131,115,246,0,0,0,151,144
78,Pottawattamie,13,441,A-H-S-T,38,41,36,38,32,34,39,43,39,57,59,52,39,34,543,581,4,4,8,0,0,0,2,0,2,0,0,0,0,0,0,284,282,566,2,3,5,292,289
85,Story,11,472,Ballard,144,161,138,116,121,109,146,136,124,140,142,119,139,111,1702,1846,29,31,60,2,2,4,0,4,4,8,11,19,1,5,6,897,827,1724,14,15,29,951,895
47,Ida,12,504,Battle Creek-Ida Grove,84,70,57,62,41,51,52,0,1,0,56,57,83,82,612,696,14,5,19,0,0,0,2,4,6,1,3,4,0,0,0,348,318,666,1,0,1,366,330
50,Jasper,11,513,Baxter,28,34,42,39,41,26,28,32,36,32,34,33,29,33,439,467,3,7,10,0,0,0,1,0,1,2,5,7,0,0,0,214,227,441,3,5,8,223,244
38,Grundy,07,540,BCLUW,30,42,50,47,42,47,41,42,57,47,52,50,43,54,614,644,15,25,40,1,0,1,1,2,3,2,1,3,0,0,0,292,290,582,9,6,15,320,324
87,Taylor,13,549,Bedford,30,37,29,45,26,35,31,31,31,34,39,41,36,27,442,472,3,2,5,0,0,0,0,3,3,7,8,15,0,0,0,228,219,447,2,0,2,240,232
06,Benton,10,576,Belle Plaine,43,47,35,27,48,55,40,44,50,40,40,40,34,43,543,586,6,7,13,0,0,0,1,1,2,11,8,19,0,0,0,284,266,550,1,1,2,303,283
49,Jackson,09,585,Bellevue,77,52,38,46,37,38,42,58,55,42,51,58,63,62,642,719,7,9,16,1,0,1,0,1,1,0,2,2,2,1,3,379,306,685,3,8,11,392,327
99,Wright,07,594,Belmond-Klemme,75,79,50,46,58,68,58,43,43,59,63,43,49,50,709,784,79,70,149,0,7,7,1,2,3,7,8,15,0,0,0,324,275,599,7,4,11,418,366
16,Cedar,09,603,Bennett,10,16,8,8,9,12,11,9,0,0,0,0,0,0,73,83,0,0,0,0,0,0,0,0,0,0,0,0,0,0,0,42,40,82,0,1,1,42,41
06,Benton,10,609,Benton,138,109,94,102,98,119,121,97,112,111,116,107,117,134,1437,1575,13,10,23,0,6,6,3,3,6,6,4,10,0,0,0,769,740,1509,14,7,21,805,770
82,Scott,09,621,Bettendorf,274,304,283,311,312,331,324,359,345,333,431,357,340,349,4379,4653,187,171,358,6,11,17,62,50,112,123,115,238,1,0,1,1953,1845,3798,69,60,129,2401,2252
90,Wapello,15,657,Eddyville-Blakesburg-,68,62,56,75,57,71,77,79,83,69,61,58,73,66,887,955,16,15,31,0,0,0,1,2,3,2,2,4,0,0,0,469,430,899,12,6,18,500,455
77,Polk,11,720,Bondurant-Farrar,73,154,141,157,144,124,134,126,126,117,118,111,96,105,1653,1726,23,28,51,1,1,2,11,9,20,5,2,7,0,0,0,829,764,1593,35,18,53,904,822
08,Boone,11,729,Boone,136,150,133,151,128,128,139,142,160,180,169,191,196,198,2065,2201,48,43,91,11,12,23,8,5,13,28,22,50,0,0,0,993,955,1948,40,36,76,1128,1073
84,Sioux,12,747,Boyden-Hull,0,54,40,53,48,50,52,50,47,47,45,48,48,39,621,621,43,60,103,0,0,0,1,3,4,1,1,2,0,0,0,275,234,509,0,3,3,320,301
41,Hancock,07,819,West Hancock,65,59,42,49,47,49,45,43,39,33,52,51,42,50,601,666,49,38,87,0,0,0,2,3,5,1,3,4,0,0,0,280,278,558,6,6,12,338,328
79,Poweshiek,07,846,Brooklyn-Guernsey-Malcom,33,48,34,38,43,36,28,45,49,37,39,58,44,41,540,573,20,31,51,0,0,0,0,0,0,1,2,3,1,0,1,262,246,508,5,5,10,289,284
95,Winnebago,07,873,North Iowa,52,40,26,32,26,34,24,41,32,33,36,36,37,45,442,494,26,31,57,0,0,0,0,0,0,1,2,3,0,0,0,223,203,426,3,5,8,253,241
29,Des Moines,15,882,Burlington,225,343,347,327,301,311,325,319,282,315,267,303,282,385,4107,4332,124,119,243,5,11,16,21,9,30,356,300,656,2,3,5,1586,1464,3050,143,189,332,2237,2095
15,Cass,13,914,CAM,29,47,53,39,50,48,53,57,58,75,91,104,54,31,760,789,14,10,24,1,2,3,3,5,8,7,2,9,0,0,0,380,352,732,6,7,13,411,378
35,Franklin,07,916,CAL,34,10,20,20,20,20,19,15,18,19,18,15,21,15,230,264,43,34,77,4,0,4,0,0,0,0,0,0,0,0,0,97,82,179,1,3,4,145,119
23,Clinton,09,918,Calamus-Wheatland,30,44,35,33,28,29,39,34,49,34,47,43,36,42,493,523,6,4,10,0,2,2,2,0,2,1,2,3,0,0,0,260,241,501,0,5,5,269,254
23,Clinton,09,936,Camanche,75,84,85,71,89,75,86,82,72,92,82,90,80,86,1074,1149,23,35,58,0,1,1,9,2,11,8,7,15,0,1,1,539,496,1035,11,17,28,590,559
90,Wapello,15,977,Cardinal,71,60,42,46,41,42,36,49,50,41,50,44,51,77,629,700,9,8,17,0,0,0,1,2,3,2,3,5,0,0,0,315,353,668,3,4,7,330,370
91,Warren,11,981,Carlisle,111,177,156,136,143,129,145,138,172,152,147,164,162,149,1970,2081,60,46,106,2,0,2,18,22,40,20,13,33,1,0,1,968,885,1853,23,23,46,1092,989
14,Carroll,11,999,Carroll,180,172,134,146,143,127,116,117,100,138,120,117,118,125,1673,1853,37,47,84,0,0,0,7,5,12,13,20,33,0,0,0,907,784,1691,19,14,33,983,870
07,Black Hawk,07,1044,Cedar Falls,117,403,429,405,399,436,370,388,395,375,392,412,372,396,5172,5289,83,93,176,7,2,9,87,101,188,123,107,230,2,3,5,2310,2143,4453,124,104,228,2736,2553
57,Linn,10,1053,Cedar Rapids,751,1398,1227,1162,1153,1167,1215,1189,1193,1228,1440,1291,1196,1156,16015,16766,490,490,980,26,32,58,158,173,331,1271,1159,2430,23,25,48,6095,5820,11915,519,485,1004,8582,8184
57,Linn,10,1062,Center Point-Urbana,94,128,117,106,111,116,116,131,102,113,101,116,92,100,1449,1543,8,13,21,1,1,2,3,3,6,12,1,13,0,0,0,738,709,1447,31,23,54,793,750
04,Appanoose,15,1071,Centerville,97,123,96,96,95,101,110,115,87,105,99,102,97,112,1338,1435,13,10,23,3,4,7,7,7,14,6,3,9,0,0,0,712,664,1376,4,2,6,745,690
56,Lee,15,1079,Central Lee,8,86,82,68,77,79,74,71,84,90,75,90,88,80,1044,1052,11,18,29,2,3,5,2,1,3,0,3,3,0,0,0,510,474,984,16,12,28,541,511
22,Clayton,01,1080,Central,30,43,36,37,38,30,32,35,30,38,32,38,35,36,460,490,2,3,5,0,0,0,0,0,0,1,0,1,1,1,2,226,253,479,1,2,3,231,259
23,Clinton,09,1082,Central Clinton,103,121,96,96,102,108,91,108,111,109,134,139,120,142,1477,1580,34,31,65,3,3,6,6,3,9,22,14,36,0,2,2,751,696,1447,10,5,15,826,754
57,Linn,10,1089,Central City,39,35,31,25,33,32,30,32,41,32,41,35,46,24,437,476,5,0,5,1,0,1,1,3,4,5,4,9,0,0,0,234,216,450,4,3,7,250,226
27,Decatur,13,1093,Central Decatur,64,63,64,48,62,59,49,38,51,48,56,51,61,48,698,762,7,13,20,2,2,4,1,1,2,4,1,5,0,0,0,376,355,731,0,0,0,390,372
60,Lyon,12,1095,Central Lyon,61,74,59,56,59,45,55,50,43,44,46,43,39,31,644,705,10,12,22,0,1,1,0,0,0,2,2,4,3,0,3,367,307,674,0,1,1,382,323
59,Lucas,15,1107,Chariton,66,101,105,91,88,88,86,111,110,111,110,107,102,117,1327,1393,12,7,19,1,4,5,0,2,2,5,4,9,0,0,0,706,642,1348,6,4,10,730,663
34,Floyd,07,1116,Charles City,50,116,127,105,103,105,106,107,130,132,132,113,124,172,1572,1622,41,47,88,1,3,4,15,18,33,64,69,133,1,6,7,680,659,1339,6,12,18,808,814
24,Crawford,12,1134,Charter Oak-Ute,20,21,25,22,16,24,21,25,14,22,26,21,23,31,291,311,7,6,13,0,0,0,1,0,1,0,3,3,0,0,0,149,138,287,3,4,7,160,151
18,Cherokee,12,1152,Cherokee,68,92,86,80,85,69,81,76,78,80,70,84,65,78,1024,1092,23,34,57,1,0,1,6,4,10,11,9,20,0,0,0,454,510,964,22,18,40,517,575
73,Page,13,1197,Clarinda,5,102,70,72,79,65,64,63,75,73,101,133,142,142,1181,1186,37,25,62,5,3,8,4,10,14,56,15,71,0,0,0,540,450,990,25,16,41,667,519
99,Wright,05,1206,Clarion-Goldfield,85,79,62,59,55,66,71,62,76,75,76,58,68,72,879,964,125,109,234,0,0,0,3,3,6,3,5,8,0,0,0,352,358,710,4,2,6,487,477
20,Clarke,13,1211,Clarke,116,129,107,119,111,95,114,89,110,101,95,104,81,92,1347,1463,193,182,375,2,0,2,9,2,11,5,4,9,1,0,1,558,481,1039,11,15,26,779,684
12,Butler,07,1215,Clarksville,30,31,25,31,19,22,22,25,22,21,20,28,19,23,308,338,1,1,2,0,0,0,0,1,1,0,0,0,0,0,0,169,155,324,5,6,11,175,163
21,Clay,05,1218,Clay Central-Everly,22,30,17,21,20,28,25,19,30,26,27,20,24,24,311,333,6,8,14,1,1,2,3,1,4,1,3,4,2,0,2,158,149,307,0,0,0,171,162
52,Johnson,10,1221,Clear Creek Amana,68,199,175,168,157,156,156,130,137,112,154,136,147,127,1954,2022,51,48,99,4,0,4,11,14,25,28,34,62,3,2,5,913,826,1739,37,51,88,1047,975
87,Taylor,13,1224,Clearfield,8,8,3,2,3,2,1,0,0,0,0,0,0,0,19,27,2,1,3,0,0,0,0,0,0,0,0,0,0,0,0,16,8,24,0,0,0,18,9
17,Cerro Gordo,07,1233,Clear Lake,109,127,89,91,93,96,92,94,92,111,76,103,113,112,1289,1398,47,30,77,0,1,1,17,12,29,8,12,20,0,0,0,655,557,1212,33,26,59,760,638
23,Clinton,09,1278,Clinton,296,273,290,283,264,240,272,262,268,262,300,291,258,247,3510,3806,147,143,290,7,4,11,15,7,22,154,139,293,2,1,3,1544,1426,2970,109,108,217,1978,1828
50,Jasper,11,1332,Colfax-Mingo,52,55,48,59,43,53,48,68,55,53,40,46,49,57,674,726,16,13,29,1,0,1,1,1,2,6,0,6,0,1,1,337,341,678,3,6,9,364,362
57,Linn,10,1337,College,280,392,379,419,416,398,405,395,386,393,378,331,355,322,4969,5249,93,120,213,7,6,13,54,52,106,144,113,257,5,4,9,2243,2149,4392,138,121,259,2684,2565
85,Story,11,1350,Collins-Maxwell,25,40,25,47,29,31,28,38,35,41,38,27,39,30,448,473,4,8,12,2,0,2,0,0,0,1,2,3,0,0,0,236,217,453,0,3,3,243,230
85,Story,11,1359,Colo-NESCO School,25,36,32,32,30,42,34,34,33,33,39,36,37,36,454,479,17,7,24,0,0,0,0,1,1,3,1,4,2,0,2,224,219,443,2,3,5,248,231
58,Louisa,09,1368,Columbus,57,59,65,54,47,54,58,57,51,56,59,57,60,66,743,800,263,255,518,0,0,0,29,26,55,3,3,6,0,0,0,116,98,214,4,3,7,415,385
14,Carroll,11,1413,Coon Rapids-Bayard,35,38,26,23,21,33,25,29,26,33,36,32,34,29,385,420,14,14,28,0,0,0,0,0,0,0,0,0,0,0,0,199,190,389,2,1,3,215,205
02,Adams,13,1431,Corning,25,42,45,34,23,32,30,0,0,0,62,58,56,51,433,458,7,3,10,0,0,0,1,2,3,0,0,0,0,0,0,224,221,445,0,0,0,232,226
41,Hancock,07,1449,Corwith-Wesley,0,0,0,0,0,0,0,0,10,13,10,12,12,17,74,74,1,0,1,0,0,0,0,0,0,0,1,1,0,1,1,36,35,71,0,0,0,37,37
78,Pottawattamie,13,1476,Council Bluffs,534,742,681,694,683,634,683,656,600,610,627,597,743,534,8484,9018,715,631,1346,26,37,63,31,35,66,150,134,284,10,7,17,3629,3335,6964,146,132,278,4707,4311
88,Union,13,1503,Creston,121,134,109,106,120,91,107,96,96,111,106,127,129,117,1449,1570,32,41,73,3,1,4,6,8,14,13,15,28,0,0,0,754,665,1419,13,19,32,821,749
25,Dallas,11,1576,Dallas Center-Grimes,180,265,189,196,194,183,201,171,171,184,208,174,182,171,2489,2669,37,52,89,3,3,6,15,14,29,21,13,34,0,0,0,1283,1191,2474,14,23,37,1373,1296
29,Des Moines,15,1602,Danville,32,52,45,54,37,42,45,47,53,36,50,48,54,47,610,642,12,5,17,1,0,1,0,1,1,5,1,6,0,0,0,293,292,585,20,12,32,331,311
82,Scott,09,1611,Davenport,945,1307,1348,1242,1216,1257,1149,1146,1108,1156,1149,1146,1145,1140,15509,16454,1134,1076,2210,20,33,53,146,169,315,1624,1431,3055,7,8,15,4962,4509,9471,682,653,1335,8575,7879
26,Davis,15,1619,Davis County,71,113,101,102,104,86,78,85,92,75,98,103,95,81,1213,1284,6,7,13,4,4,8,2,1,3,5,4,9,0,0,0,603,636,1239,5,7,12,625,659
96,Winneshiek,01,1638,Decorah Community,114,138,107,91,126,125,118,119,117,115,131,165,150,158,1660,1774,41,34,75,2,1,3,11,12,23,4,2,6,0,0,0,858,780,1638,14,15,29,930,844
23,Clinton,09,1675,Delwood,30,24,23,29,20,21,15,14,0,0,0,0,0,0,146,176,0,4,4,0,0,0,0,1,1,2,2,4,0,1,1,78,81,159,4,3,7,84,92
24,Crawford,12,1701,Denison,104,189,158,144,156,148,135,172,145,153,166,190,202,188,2146,2250,725,640,1365,2,1,3,17,20,37,26,20,46,0,0,0,416,375,791,4,4,8,1190,1060
09,Bremer,07,1719,Denver,37,68,59,54,66,56,60,52,58,49,55,58,42,53,730,767,5,4,9,0,0,0,1,2,3,4,3,7,0,0,0,390,355,745,1,2,3,401,366
77,Polk,11,1737,Des Moines Independent,2107,2768,2780,2640,2510,2491,2305,2250,2216,2303,2220,2141,2100,2451,31175,33282,4060,3861,7921,76,73,149,1236,1103,2339,2933,2876,5809,30,23,53,7693,7171,14864,1053,1094,2147,17081,16201
80,Ringgold,13,1782,Diagonal,13,9,9,7,13,6,10,8,11,9,9,6,12,5,114,127,0,1,1,1,0,1,0,0,0,1,0,1,0,0,0,68,56,124,0,0,0,70,57
38,Grundy,07,1791,Dike-New Hartford,52,82,75,66,63,59,68,56,67,64,75,60,52,62,849,901,5,6,11,0,0,0,5,5,10,6,4,10,0,0,0,437,419,856,9,5,14,462,439
99,Wright,07,1854,Dows,13,11,10,11,9,0,0,0,0,0,0,0,0,0,41,54,10,10,20,0,0,0,0,0,0,0,0,0,0,0,0,16,17,33,0,1,1,26,28
31,Dubuque,01,1863,Dubuque,828,874,826,717,771,749,834,774,785,797,843,827,824,849,10470,11298,195,191,386,7,5,12,80,86,166,405,407,812,53,61,114,4811,4551,9362,229,217,446,5780,5518
07,Black Hawk,07,1908,Dunkerton,43,39,33,30,26,39,33,39,33,40,40,37,31,30,450,493,2,3,5,0,0,0,1,0,1,1,1,2,0,0,0,226,234,460,13,12,25,243,250
43,Harrison,13,1917,Boyer Valley,27,32,28,27,27,31,40,33,36,36,36,32,31,34,423,450,14,13,27,0,0,0,0,0,0,2,4,6,0,0,0,215,187,402,7,8,15,238,212
16,Cedar,09,1926,Durant,32,43,50,45,45,54,44,48,51,54,60,64,52,63,673,705,12,9,21,1,2,3,1,2,3,0,3,3,0,0,0,334,332,666,1,8,9,349,356
99,Wright,05,1944,Eagle Grove,65,79,73,73,54,57,58,59,56,56,64,58,64,61,812,877,88,87,175,0,0,0,2,1,3,2,3,5,0,0,0,336,341,677,7,10,17,435,442
61,Madison,11,1953,Earlham,10,65,33,45,37,51,46,56,43,55,56,47,50,55,639,649,7,7,14,1,1,2,3,2,5,4,4,8,0,0,0,320,297,617,1,2,3,336,313
10,Buchanan,07,1963,East Buchanan,58,50,47,46,40,38,45,47,40,53,42,41,34,44,567,625,9,9,18,0,0,0,0,1,1,0,0,0,0,0,0,310,279,589,10,7,17,329,296
49,Jackson,09,1965,Easton Valley,36,32,29,37,42,38,42,36,44,36,48,37,41,29,491,527,9,7,16,0,0,0,2,1,3,3,2,5,0,0,0,273,230,503,0,0,0,287,240
37,Greene,05,1967,East Greene,32,10,10,16,7,7,102,87,0,0,0,0,0,0,239,271,4,4,8,0,0,0,1,2,3,0,0,0,0,0,0,130,126,256,1,3,4,136,135
64,Marshall,07,1968,East Marshall,51,73,71,60,63,71,57,53,72,77,73,78,72,83,903,954,23,29,52,2,5,7,2,2,4,6,6,12,0,1,1,418,439,857,10,11,21,461,493
88,Union,13,1970,East Union,56,54,39,41,35,42,39,31,29,41,43,36,21,28,479,535,11,13,24,0,0,0,0,1,1,4,1,5,0,0,0,240,251,491,10,4,14,265,270
03,Allamakee,01,1972,Eastern Allamakee,18,27,23,20,21,31,22,37,31,23,38,25,30,42,370,388,4,7,11,3,0,3,1,0,1,1,0,1,1,0,1,203,162,365,1,5,6,214,174
97,Woodbury,12,1975,River Valley,45,38,33,32,33,30,34,24,38,31,25,24,25,29,396,441,11,6,17,0,0,0,2,0,2,0,0,0,0,0,0,210,209,419,0,3,3,223,218
28,Delaware,01,1989,Edgewood-Colesburg,27,39,43,37,37,47,41,33,43,44,42,45,48,41,540,567,9,5,14,0,0,0,2,0,2,0,0,0,0,0,0,274,272,546,4,1,5,289,278
42,Hardin,07,2007,Eldora-New Providence,54,48,35,47,41,44,51,0,0,0,81,68,75,65,555,609,17,19,36,1,1,2,2,1,3,0,5,5,0,0,0,289,261,550,10,3,13,319,290
83,Shelby,13,2016,Elk Horn-Kimballton,10,12,22,23,30,0,0,0,0,0,44,23,34,37,225,235,1,3,4,1,0,1,1,2,3,1,2,3,0,0,0,119,103,222,0,2,2,123,112
74,Palo Alto,05,2088,Emmetsburg,51,69,51,66,56,58,58,57,42,56,60,58,54,68,753,804,16,21,37,3,4,7,4,2,6,7,8,15,0,0,0,392,336,728,5,6,11,427,377
48,Iowa,10,2097,English Valleys,53,35,27,32,34,39,23,34,38,29,37,35,34,36,433,486,3,2,5,1,2,3,1,0,1,3,1,4,0,0,0,244,229,473,0,0,0,252,234
73,Page,13,2113,Essex,26,19,12,18,13,17,16,14,16,18,31,15,17,28,234,260,5,5,10,1,1,2,0,0,0,1,2,3,0,0,0,118,123,241,3,1,4,128,132
32,Emmet,05,2124,Estherville Lincoln,85,136,106,106,102,114,99,92,87,110,93,97,87,100,1329,1414,134,150,284,1,3,4,6,6,12,6,12,18,0,0,0,531,532,1063,20,13,33,698,716
05,Audubon,11,2151,Exira,15,23,0,0,0,30,25,34,20,25,0,0,0,0,157,172,0,0,0,1,3,4,0,0,0,2,2,4,0,0,0,84,77,161,1,2,3,88,84
51,Jefferson,15,2169,Fairfield,67,127,122,129,137,105,133,123,130,123,136,124,114,140,1643,1710,50,36,86,0,1,1,14,16,30,23,16,39,1,0,1,768,749,1517,20,16,36,876,834
36,Fremont,13,2205,Farragut,18,15,12,13,14,0,0,0,0,0,24,30,22,23,153,171,0,1,1,0,1,1,1,0,1,0,0,0,1,0,1,87,79,166,0,1,1,89,82
95,Winnebago,07,2295,Forest City,66,86,74,86,66,83,81,98,95,100,96,85,95,90,1135,1201,26,31,57,2,1,3,9,9,18,13,11,24,1,3,4,566,502,1068,14,13,27,631,570
94,Webster,05,2313,Fort Dodge,256,342,292,256,278,274,258,268,252,273,275,296,266,296,3626,3882,186,180,366,2,4,6,20,12,32,140,129,269,0,5,5,1566,1435,3001,116,87,203,2030,1852
56,Lee,15,2322,Fort Madison,19,177,160,142,144,152,141,146,149,144,152,180,148,161,1996,2015,78,70,148,1,1,2,2,5,7,31,32,63,1,1,2,856,843,1699,47,47,94,1016,999
19,Chickasaw,01,2349,Fredericksburg,17,31,21,20,15,23,21,58,78,50,0,0,0,0,317,334,12,6,18,0,0,0,0,0,0,2,1,3,0,0,0,159,152,311,2,0,2,175,159
36,Fremont,13,2369,Fremont-Mills,53,47,46,33,26,30,33,39,26,31,32,33,42,24,442,495,9,8,17,0,0,0,1,0,1,5,2,7,0,0,0,222,240,462,4,4,8,241,254
47,Ida,12,2376,Galva-Holstein,25,47,31,38,29,28,30,0,0,0,43,68,68,66,448,473,17,17,34,0,0,0,1,2,3,0,1,1,0,0,0,231,197,428,5,2,7,254,219
41,Hancock,07,2403,Garner-Hayfield,48,83,69,70,67,64,56,61,0,0,84,99,86,100,839,887,23,13,36,1,1,2,1,1,2,3,8,11,0,0,0,429,389,818,7,11,18,464,423
60,Lyon,12,2457,George-Little Rock,29,29,26,36,35,27,32,29,38,35,40,36,31,32,426,455,7,5,12,0,0,0,3,2,5,0,0,0,3,2,5,231,191,422,4,7,11,248,207
85,Story,11,2466,Gilbert,49,114,94,119,110,102,111,100,114,106,115,96,109,89,1379,1428,18,21,39,3,2,5,16,17,33,5,7,12,0,0,0,681,612,1293,24,22,46,747,681
46,Humboldt,05,2493,Gilmore City-Bradgate,15,8,10,8,6,2,6,5,0,0,0,0,0,0,45,60,0,1,1,0,0,0,0,0,0,0,0,0,0,0,0,30,29,59,0,0,0,30,30
38,Grundy,07,2502,Gladbrook-Reinbeck,4,52,40,34,45,36,33,37,48,46,32,46,48,45,542,546,9,4,13,0,0,0,0,2,2,2,2,4,0,0,0,264,258,522,4,1,5,279,267
65,Mills,13,2511,Glenwood,98,176,136,129,148,129,148,151,157,137,151,166,165,172,1965,2063,51,41,92,4,8,12,5,13,18,9,4,13,0,1,1,989,904,1893,18,16,34,1076,987
14,Carroll,11,2520,Glidden-Ralston,23,30,24,22,19,24,18,26,27,19,32,30,24,30,325,348,5,3,8,0,0,0,0,0,0,1,1,2,0,0,0,174,163,337,1,0,1,181,167
74,Palo Alto,05,2556,Graettinger-Terril,49,41,25,27,28,18,23,21,30,17,23,23,18,27,321,370,10,3,13,0,0,0,0,0,0,0,4,4,0,0,0,186,165,351,2,0,2,198,172
01,Adair,13,2673,Nodaway Valley,35,51,50,64,39,53,60,52,67,35,56,45,51,46,669,704,8,6,14,0,0,0,1,2,3,2,3,5,1,2,3,308,363,671,2,6,8,322,382
86,Tama,07,2682,GMG,35,40,38,36,31,41,33,43,44,33,40,25,36,45,485,520,14,12,26,0,0,0,6,4,10,3,1,4,0,0,0,263,217,480,0,0,0,286,234
79,Poweshiek,07,2709,Grinnell-Newburg,120,143,102,119,109,110,126,126,132,144,114,124,129,157,1635,1755,32,17,49,7,6,13,13,18,31,13,10,23,0,0,0,830,759,1589,25,25,50,920,835
15,Cass,13,2718,Griswold,51,41,42,36,29,41,38,27,47,45,46,36,47,48,523,574,7,15,22,0,1,1,0,0,0,1,0,1,0,0,0,273,272,545,2,3,5,283,291
38,Grundy,07,2727,Grundy Center,0,64,52,59,50,58,49,47,52,47,50,48,39,45,660,660,4,2,6,1,1,2,0,0,0,3,3,6,3,3,6,332,294,626,6,8,14,349,311
39,Guthrie,11,2754,Guthrie Center,57,38,39,37,39,42,44,33,36,44,41,33,38,46,510,567,10,12,22,2,3,5,1,1,2,1,2,3,0,0,0,269,264,533,1,1,2,284,283
22,Clayton,01,2763,Clayton Ridge,26,54,63,42,52,51,49,58,55,65,69,83,77,66,784,810,16,15,31,1,1,2,3,4,7,5,6,11,4,1,5,390,360,750,2,2,4,421,389
48,Iowa,10,2766,H-L-V,51,28,22,28,25,21,24,27,24,21,26,25,23,24,318,369,3,1,4,0,0,0,1,0,1,3,2,5,0,0,0,188,171,359,0,0,0,195,174
36,Fremont,13,2772,Hamburg,32,22,17,18,22,27,28,27,32,24,0,0,0,0,217,249,7,8,15,1,0,1,1,0,1,1,5,6,0,0,0,114,112,226,0,0,0,124,125
35,Franklin,07,2781,Hampton-Dumont,84,111,106,87,76,108,73,87,103,71,79,101,91,84,1177,1261,210,192,402,4,2,6,4,3,7,7,4,11,0,0,0,451,377,828,2,5,7,678,583
83,Shelby,13,2826,Harlan,66,117,91,91,113,113,125,109,117,133,135,132,115,132,1523,1589,29,23,52,3,4,7,3,4,7,9,7,16,0,0,0,775,726,1501,3,3,6,822,767
89,Van Buren,15,2834,Harmony,31,23,19,28,25,21,15,24,17,20,14,22,17,20,265,296,2,4,6,0,2,2,0,0,0,1,4,5,0,0,0,143,133,276,4,3,7,150,146
30,Dickinson,05,2846,Harris-Lake Park,30,26,28,38,26,30,38,25,24,22,29,29,14,25,354,384,10,5,15,0,0,0,0,1,1,0,0,0,0,0,0,194,168,362,3,3,6,207,177
71,O'Brien,12,2862,Hartley-Melvin-Sanborn,35,55,51,56,47,37,45,41,51,37,52,47,62,49,630,665,39,25,64,1,1,2,1,2,3,0,2,2,0,1,1,301,291,592,0,1,1,342,323
92,Washington,10,2977,Highland,59,48,49,56,55,53,49,53,52,53,64,37,59,50,678,737,29,19,48,1,1,2,0,0,0,8,5,13,2,0,2,351,307,658,7,7,14,398,339
75,Plymouth,12,2988,Hinton,30,74,70,49,55,60,48,48,58,52,62,56,54,63,749,779,7,7,14,0,0,0,5,5,10,1,0,1,0,1,1,378,363,741,9,3,12,400,379
45,Howard,01,3029,Howard-Winneshiek,95,108,89,65,102,81,69,79,105,103,113,109,96,106,1225,1320,20,24,44,5,4,9,1,3,4,1,1,2,0,0,0,632,601,1233,16,12,28,675,645
42,Hardin,07,3033,Hubbard-Radcliffe,40,28,40,23,25,19,24,62,72,62,0,0,0,0,355,395,11,10,21,0,0,0,2,1,3,1,2,3,0,0,0,185,169,354,7,7,14,206,189
07,Black Hawk,07,3042,Hudson,0,61,61,62,48,56,66,51,46,53,40,60,60,63,727,727,13,12,25,0,0,0,0,3,3,2,1,3,0,0,0,326,348,674,8,14,22,349,378
46,Humboldt,05,3060,Humboldt,68,118,83,95,108,88,81,106,114,106,118,109,127,112,1365,1433,59,55,114,2,1,3,4,6,10,7,10,17,0,0,0,644,624,1268,15,6,21,731,702
10,Buchanan,07,3105,Independence,114,113,92,100,94,95,89,113,93,105,123,110,114,109,1350,1464,23,12,35,1,2,3,8,6,14,10,10,20,1,0,1,735,640,1375,6,10,16,784,680
91,Warren,11,3114,Indianola,137,264,243,244,256,247,291,258,281,274,280,301,268,264,3471,3608,54,60,114,1,3,4,14,17,31,38,17,55,2,2,4,1686,1624,3310,48,42,90,1843,1765
61,Madison,11,3119,Interstate 35,50,69,67,63,57,60,48,64,73,73,59,67,69,68,837,887,2,3,5,0,0,0,4,3,7,7,6,13,0,0,0,453,403,856,3,3,6,469,418
52,Johnson,10,3141,Iowa City,437,1173,1111,1057,990,1034,944,934,981,940,905,892,880,937,12778,13215,727,696,1423,21,24,45,400,422,822,1143,1071,2214,4,5,9,4170,4012,8182,294,226,520,6759,6456
42,Hardin,07,3150,Iowa Falls,31,100,88,90,72,75,86,0,105,113,108,92,106,104,1139,1170,48,39,87,1,1,2,2,3,5,6,8,14,0,0,0,511,519,1030,13,19,32,581,589
48,Iowa,10,3154,Iowa Valley,54,51,41,39,36,41,32,48,38,32,33,37,48,55,531,585,20,13,33,0,0,0,2,3,5,0,1,1,0,0,0,275,263,538,5,3,8,302,283
24,Crawford,13,3168,IKM-Manning,48,51,42,46,45,52,48,45,59,49,60,57,63,48,665,713,15,2,17,1,1,2,1,0,1,3,3,6,0,0,0,343,341,684,1,2,3,364,349
09,Bremer,07,3186,Janesville Consolidated,52,25,29,24,27,27,25,23,28,30,25,25,32,39,359,411,0,0,0,0,0,0,1,2,3,2,0,2,0,0,0,191,210,401,2,3,5,196,215
37,Greene,05,3195,Jefferson-Scranton,74,90,80,82,79,75,0,0,79,111,105,99,96,89,985,1059,31,25,56,0,0,0,7,4,11,1,2,3,2,0,2,507,451,958,14,15,29,562,497
10,Buchanan,07,3204,Jesup,88,83,90,86,80,77,64,83,71,61,50,57,51,48,901,989,7,8,15,1,0,1,0,0,0,1,0,1,0,0,0,454,488,942,15,15,30,478,511
77,Polk,11,3231,Johnston,273,499,473,472,491,491,521,504,515,496,525,479,487,467,6420,6693,171,159,330,5,3,8,211,207,418,167,102,269,3,0,3,2773,2604,5377,164,124,288,3494,3199
56,Lee,15,3312,Keokuk,94,156,169,140,121,121,120,137,141,146,152,146,155,165,1869,1963,37,35,72,3,2,5,6,5,11,42,45,87,1,1,2,861,806,1667,66,53,119,1016,947
54,Keokuk,15,3330,Keota,38,29,38,30,22,13,26,26,19,23,16,17,27,17,303,341,3,4,7,0,0,0,0,0,0,0,0,0,0,0,0,179,148,327,5,2,7,187,154
75,Plymouth,12,3348,Kingsley-Pierson,0,30,29,27,44,30,40,28,37,42,35,45,20,33,440,440,10,5,15,0,0,0,0,1,1,2,0,2,2,2,4,198,210,408,4,6,10,216,224
63,Marion,11,3375,Knoxville,87,145,132,130,123,124,120,126,140,120,127,140,131,158,1716,1803,28,33,61,1,3,4,5,5,10,9,14,23,1,1,2,856,810,1666,19,18,37,919,884
95,Winnebago,07,3420,Lake Mills,44,66,59,52,47,42,62,55,46,60,56,53,54,50,702,746,14,21,35,0,0,0,0,0,0,4,7,11,0,0,0,343,346,689,5,6,11,366,380
27,Decatur,13,3465,Lamoni,33,32,22,30,33,31,32,28,22,29,13,22,31,28,353,386,8,7,15,2,0,2,2,1,3,5,2,7,2,0,2,176,166,342,4,11,15,199,187
76,Pocahontas,05,3537,Laurens-Marathon,34,16,25,20,21,17,18,26,25,21,19,29,19,19,275,309,15,12,27,0,1,1,0,1,1,9,3,12,1,0,1,137,129,266,1,0,1,163,146
97,Woodbury,12,3555,Lawton-Bronson,29,57,57,43,40,47,43,47,47,47,48,54,42,43,615,644,9,7,16,5,2,7,4,0,4,7,4,11,3,2,5,318,278,596,3,2,5,349,295
75,Plymouth,12,3600,Le Mars,53,173,158,142,128,142,164,167,141,164,147,163,193,151,2033,2086,107,103,210,4,8,12,12,4,16,13,4,17,3,2,5,931,845,1776,17,33,50,1087,999
87,Taylor,13,3609,Lenox,22,50,31,29,36,37,30,35,33,34,38,31,37,29,450,472,58,50,108,2,0,2,1,2,3,1,0,1,0,0,0,181,171,352,3,3,6,246,226
78,Pottawattamie,13,3645,Lewis Central,90,233,225,240,220,256,224,251,231,254,252,251,227,225,3089,3179,142,134,276,7,5,12,9,13,22,25,9,34,1,0,1,1377,1378,2755,43,36,79,1604,1575
16,Cedar,10,3691,North Cedar,47,54,35,56,53,61,56,68,74,57,64,65,70,77,790,837,6,9,15,1,1,2,3,2,5,8,6,14,0,0,0,380,403,783,8,10,18,406,431
57,Linn,10,3715,Linn-Mar,250,535,557,555,526,541,564,530,499,566,507,488,516,477,6861,7111,127,139,266,10,6,16,182,185,367,149,150,299,5,2,7,3059,2871,5930,132,94,226,3664,3447
57,Linn,10,3744,Lisbon,55,67,47,59,53,34,54,43,42,51,51,43,54,47,645,700,5,5,10,1,0,1,2,3,5,5,3,8,0,0,0,354,307,661,5,10,15,372,328
43,Harrison,13,3798,Logan-Magnolia,40,63,48,43,44,41,46,54,48,59,49,40,44,45,624,664,3,11,14,1,4,5,0,7,7,0,0,0,2,0,2,344,282,626,6,4,10,356,308
52,Johnson,10,3816,Lone Tree,40,41,37,32,36,43,46,30,41,42,34,34,40,34,490,530,14,23,37,0,1,1,1,1,2,3,3,6,0,0,0,258,216,474,5,5,10,281,249
58,Louisa,09,3841,Louisa-Muscatine,58,62,52,59,60,63,65,69,61,63,66,83,61,51,815,873,42,42,84,1,0,1,2,1,3,4,6,10,1,0,1,403,367,770,2,2,4,455,418
55,Kossuth,05,3897,LuVerne,9,9,13,7,23,12,14,6,0,0,0,0,0,0,84,93,4,3,7,0,0,0,0,0,0,1,1,2,0,0,0,34,50,84,0,0,0,39,54
50,Jasper,11,3906,Lynnville-Sully,37,39,25,30,45,33,40,24,43,33,42,35,37,40,466,503,2,2,4,3,1,4,1,1,2,6,2,8,0,0,0,266,218,484,1,0,1,279,224
08,Boone,11,3942,Madrid,21,42,43,58,40,43,61,47,50,49,59,53,50,45,640,661,3,1,4,0,0,0,0,0,0,1,2,3,0,0,0,356,293,649,2,3,5,362,299
65,Mills,13,3978,East Mills,23,29,35,43,40,32,36,34,38,30,38,42,38,36,471,494,3,2,5,0,0,0,1,0,1,5,6,11,0,0,0,252,224,476,0,1,1,261,233
13,Calhoun,05,4023,Manson Northwest Webster,57,60,63,47,47,55,49,45,53,57,62,70,49,75,732,789,10,3,13,0,0,0,0,1,1,6,1,7,0,0,0,398,358,756,7,5,12,421,368
67,Monona,12,4033,Maple Valley-Anthon Oto,36,57,40,52,52,37,34,47,48,51,52,54,49,72,645,681,11,13,24,2,4,6,0,0,0,4,10,14,0,0,0,327,301,628,5,4,9,349,332
49,Jackson,09,4041,Maquoketa,101,94,93,78,89,84,73,106,129,105,179,134,121,123,1408,1509,27,20,47,4,1,5,5,7,12,10,4,14,28,16,44,718,627,1345,21,21,42,813,696
28,Delaware,01,4043,Maquoketa Valley,48,65,46,50,45,48,57,44,52,54,55,59,43,53,671,719,5,4,9,0,0,0,1,0,1,3,4,7,0,0,0,334,365,699,0,3,3,343,376
18,Cherokee,12,4068,Marcus-Meriden-Cleghorn,27,48,22,26,31,32,25,32,21,32,23,37,37,31,397,424,11,10,21,0,1,1,1,3,4,4,4,8,1,0,1,188,195,383,0,6,6,205,219
57,Linn,10,4086,Marion Independent,95,193,131,153,145,146,156,139,142,168,158,159,168,131,1989,2084,39,32,71,2,0,2,6,8,14,32,27,59,2,2,4,928,909,1837,51,46,97,1060,1024
64,Marshall,07,4104,Marshalltown,243,426,383,383,367,363,350,356,352,391,350,365,351,405,4842,5085,1254,1226,2480,15,10,25,115,126,241,80,64,144,4,4,8,1118,928,2046,76,65,141,2662,2423
91,Warren,11,4122,Martensdale-St Marys,24,46,33,46,34,37,46,41,43,46,44,42,42,37,537,561,14,7,21,0,0,0,2,1,3,1,1,2,0,0,0,290,237,527,4,4,8,311,250
17,Cerro Gordo,07,4131,Mason City,257,334,305,310,274,300,274,287,295,273,329,291,246,240,3758,4015,188,152,340,3,4,7,30,21,51,79,70,149,1,1,2,1687,1625,3312,83,71,154,2071,1944
84,Sioux,12,4149,MOC-Floyd Valley,80,151,89,116,106,104,81,99,89,101,108,109,98,112,1363,1443,113,106,219,3,2,5,10,10,20,5,4,9,0,0,0,578,587,1165,12,13,25,721,722
29,Des Moines,15,4203,Mediapolis,11,71,52,59,57,54,48,46,67,64,78,82,70,60,808,819,17,11,28,0,0,0,1,1,2,2,1,3,0,0,0,411,354,765,14,7,21,445,374
63,Marion,11,4212,Melcher-Dallas,57,40,37,19,31,23,26,20,20,23,22,19,22,15,317,374,1,5,6,0,0,0,1,1,2,6,3,9,0,0,0,184,173,357,0,0,0,192,182
53,Jones,10,4269,Midland,34,33,49,37,40,34,40,35,44,32,33,32,35,31,475,509,6,1,7,3,1,4,0,0,0,4,1,5,0,0,0,244,236,480,4,9,13,261,248
92,Washington,10,4271,Mid-Prairie,90,123,96,97,106,108,101,88,94,97,98,88,83,110,1289,1379,21,28,49,3,0,3,0,2,2,10,3,13,0,0,0,654,619,1273,19,20,39,707,672
43,Harrison,13,4356,Missouri Valley,62,54,69,60,58,59,77,55,59,83,54,68,57,66,819,881,12,16,28,1,1,2,0,2,2,3,1,4,0,0,0,424,402,826,11,8,19,451,430
22,Clayton,01,4419,MFL MarMac,51,85,63,68,55,62,59,48,62,50,52,71,53,58,786,837,4,9,13,0,0,0,0,0,0,1,0,1,0,0,0,422,380,802,12,9,21,439,398
79,Poweshiek,07,4437,Montezuma,26,46,44,38,35,39,35,38,40,44,56,25,39,40,519,545,4,4,8,1,1,2,0,0,0,2,2,4,0,0,0,270,254,524,2,5,7,279,266
53,Jones,10,4446,Monticello,68,78,64,76,97,82,83,69,84,90,82,93,85,86,1069,1137,15,19,34,0,1,1,5,2,7,3,8,11,0,0,0,528,541,1069,6,9,15,557,580
04,Appanoose,15,4491,Moravia,21,41,25,28,31,24,35,28,31,27,34,30,22,27,383,404,1,5,6,0,0,0,0,0,0,5,3,8,0,0,0,197,189,386,1,3,4,204,200
93,Wayne,13,4505,Mormon Trail,19,15,18,19,19,18,20,16,23,12,17,17,19,13,226,245,0,1,1,0,0,0,0,0,0,0,0,0,0,0,0,116,121,237,3,4,7,119,126
58,Louisa,15,4509,Morning Sun,20,20,19,13,20,17,19,17,0,0,0,0,0,0,125,145,1,7,8,0,0,0,0,0,0,0,0,0,0,0,0,83,53,136,0,1,1,84,61
04,Appanoose,15,4518,Moulton-Udell,13,19,21,26,14,14,17,12,16,9,22,19,10,10,209,222,1,1,2,1,0,1,0,0,0,0,0,0,0,0,0,99,115,214,4,1,5,105,117
80,Ringgold,13,4527,Mount Ayr,45,46,52,44,55,39,46,52,52,49,42,42,39,49,607,652,6,1,7,0,0,0,1,4,5,2,6,8,3,1,4,333,295,628,0,0,0,345,307
44,Henry,15,4536,Mount Pleasant,91,149,145,127,149,126,151,156,166,156,183,174,162,174,2018,2109,90,89,179,1,0,1,42,65,107,35,33,68,0,2,2,868,831,1699,24,29,53,1060,1049
57,Linn,10,4554,Mount Vernon,58,113,92,100,98,93,98,104,102,104,114,102,81,99,1300,1358,17,14,31,0,0,0,9,6,15,3,7,10,0,0,0,668,611,1279,17,6,23,714,644
20,Clarke,13,4572,Murray,21,25,25,22,25,23,27,19,29,30,22,28,31,25,331,352,7,8,15,0,0,0,0,0,0,0,2,2,0,0,0,168,163,331,2,2,4,177,175
70,Muscatine,09,4581,Muscatine,368,449,395,404,388,364,403,412,382,423,418,381,380,409,5208,5576,741,717,1458,13,18,31,29,25,54,109,101,210,0,0,0,1866,1817,3683,71,69,140,2829,2747
19,Chickasaw,07,4599,Nashua-Plainfield,23,56,55,45,40,45,50,36,44,52,30,49,51,52,605,628,0,1,1,1,1,2,0,0,0,4,3,7,0,0,0,313,295,608,5,5,10,323,305
85,Story,11,4617,Nevada,101,168,118,116,122,110,122,107,120,115,121,100,111,93,1523,1624,65,50,115,1,1,2,12,10,22,18,18,36,0,1,1,730,668,1398,24,26,50,850,774
11,Buena Vista,05,4644,Newell-Fonda,28,44,45,32,46,45,28,35,33,49,31,39,33,31,491,519,45,50,95,1,0,1,0,0,0,2,0,2,0,0,0,215,198,413,3,5,8,266,253
19,Chickasaw,01,4662,New Hampton,98,77,66,72,80,54,70,67,82,65,82,86,84,98,983,1081,22,25,47,0,2,2,3,3,6,4,2,6,0,0,0,491,520,1011,5,4,9,525,556
44,Henry,15,4689,New London,0,35,40,33,49,42,38,48,37,39,36,43,37,48,525,525,4,4,8,0,0,0,1,1,2,16,13,29,0,0,0,257,224,481,3,2,5,281,244
50,Jasper,11,4725,Newton,126,246,219,230,225,217,224,237,225,226,211,214,214,211,2899,3025,53,46,99,6,2,8,12,4,16,22,46,68,1,1,2,1390,1337,2727,49,56,105,1533,1492
98,Worth,07,4772,Central Springs,83,73,57,54,48,71,41,54,58,50,57,63,63,75,764,847,6,6,12,2,1,3,0,0,0,19,13,32,0,0,0,395,396,791,4,5,9,426,421
23,Clinton,09,4773,Northeast,38,60,48,56,48,51,59,58,61,77,73,82,77,86,836,874,14,11,25,1,0,1,2,1,3,12,2,14,0,1,1,406,412,818,5,7,12,440,434
33,Fayette,01,4774,North Fayette,61,64,66,52,62,50,54,61,0,0,94,81,103,83,770,831,12,12,24,1,0,1,4,2,6,4,1,5,3,1,4,405,370,775,7,9,16,436,395
40,Hamilton,05,4775,Northeast Hamilton,25,17,15,20,11,15,11,8,12,16,13,9,14,20,181,206,2,2,4,0,0,0,1,0,1,0,1,1,0,0,0,103,96,199,0,1,1,106,100
62,Mahaska,15,4776,North Mahaska,28,38,44,26,47,37,35,40,27,47,56,37,43,46,523,551,1,2,3,0,2,2,0,1,1,0,0,0,0,0,0,285,259,544,1,0,1,287,264
57,Linn,10,4777,North Linn,39,56,36,45,44,59,60,52,57,46,53,48,49,45,650,689,3,4,7,0,0,0,1,0,1,1,2,3,0,0,0,328,345,673,3,2,5,336,353
55,Kossuth,05,4778,North Kossuth,37,14,18,23,20,27,27,50,47,49,0,0,0,0,275,312,7,9,16,0,1,1,0,0,0,1,2,3,2,1,3,150,136,286,0,3,3,160,152
77,Polk,11,4779,North Polk,105,137,122,118,115,98,122,90,113,104,90,89,83,102,1383,1488,13,15,28,0,0,0,1,6,7,1,4,5,1,0,1,746,670,1416,15,16,31,777,711
82,Scott,09,4784,North Scott,177,247,205,219,237,213,224,222,237,237,227,230,256,222,2976,3153,65,64,129,4,7,11,14,10,24,47,35,82,0,0,0,1472,1381,2853,25,29,54,1627,1526
86,Tama,07,4785,North Tama County,0,23,36,39,36,33,37,44,38,37,37,46,46,36,488,488,4,9,13,0,1,1,1,2,3,0,1,1,0,0,0,248,205,453,12,5,17,265,223
96,Winneshiek,01,4787,North Winneshiek,9,24,11,21,13,13,13,14,21,11,1,3,2,2,149,158,0,2,2,0,0,0,0,0,0,0,0,0,0,0,0,87,69,156,0,0,0,87,71
98,Worth,07,4788,Northwood-Kensett,40,49,46,44,38,34,48,33,32,46,41,46,34,38,529,569,9,12,21,1,2,3,1,0,1,11,8,19,0,0,0,266,254,520,3,2,5,291,278
91,Warren,11,4797,Norwalk,146,198,173,202,226,191,165,215,199,216,190,225,184,176,2560,2706,48,60,108,5,8,13,7,19,26,9,11,20,0,1,1,1274,1193,2467,42,29,71,1385,1321
81,Sac,05,4860,Odebolt-Arthur,22,21,27,25,28,19,29,82,66,63,0,0,0,0,360,382,3,4,7,0,0,0,0,0,0,1,1,2,3,0,3,181,184,365,2,3,5,190,192
33,Fayette,01,4869,Oelwein,125,102,95,100,87,77,90,69,98,73,102,93,107,98,1191,1316,26,34,60,2,5,7,3,1,4,11,6,17,0,0,0,609,540,1149,44,35,79,695,621
08,Boone,11,4878,Ogden,44,54,40,55,36,46,49,57,54,50,55,53,63,58,670,714,3,5,8,0,0,0,0,1,1,2,1,3,0,0,0,386,307,693,2,7,9,393,321
30,Dickinson,05,4890,Okoboji,71,106,66,66,78,84,60,61,72,59,59,70,71,64,916,987,18,12,30,0,0,0,6,5,11,4,1,5,0,0,0,471,436,907,16,18,34,515,472
53,Jones,10,4905,Olin Consolidated,10,19,15,16,11,12,13,8,0,0,0,0,0,0,94,104,1,0,1,0,0,0,0,0,0,0,2,2,0,0,0,46,53,99,1,1,2,48,56
01,Adair,13,4978,Orient-Macksburg,1,14,11,16,14,12,11,9,16,13,14,12,9,12,163,164,2,2,4,0,0,0,0,0,0,0,0,0,0,0,0,85,70,155,4,1,5,91,73
66,Mitchell,07,4995,Osage,45,87,54,66,75,65,63,73,70,77,81,75,70,83,939,984,2,6,8,0,1,1,0,2,2,3,2,5,0,0,0,487,473,960,4,4,8,496,488
62,Mahaska,15,5013,Oskaloosa,144,228,171,178,167,178,194,171,173,196,181,171,188,170,2366,2510,42,31,73,4,5,9,28,25,53,17,11,28,3,2,5,1177,1088,2265,45,32,77,1316,1194
90,Wapello,15,5049,Ottumwa,242,361,404,321,362,343,317,332,331,310,300,321,332,358,4392,4634,486,522,1008,18,14,32,26,20,46,110,100,210,9,10,19,1681,1554,3235,41,43,84,2371,2263
39,Guthrie,11,5121,Panorama,38,50,35,54,55,62,62,51,54,56,52,68,57,64,720,758,15,14,29,0,0,0,3,1,4,0,1,1,0,0,0,368,348,716,5,3,8,391,367
37,Greene,05,5139,Paton-Churdan,30,20,12,12,13,12,14,12,18,14,9,13,17,9,175,205,6,4,10,0,0,0,0,0,0,0,0,0,0,0,0,85,102,187,3,5,8,94,111
50,Jasper,11,5160,PCM,73,113,83,76,84,69,87,88,98,77,80,74,85,68,1082,1155,16,15,31,0,0,0,5,3,8,0,1,1,0,0,0,611,491,1102,7,6,13,639,516
54,Keokuk,15,5163,Pekin,40,61,40,37,59,44,58,53,49,63,53,53,55,50,675,715,9,3,12,0,0,0,0,0,0,4,3,7,1,1,2,347,338,685,3,6,9,364,351
63,Marion,11,5166,Pella,131,205,153,165,187,150,170,170,153,155,191,176,152,165,2192,2323,21,23,44,1,1,2,40,32,72,16,29,45,0,0,0,1117,1018,2135,12,13,25,1207,1116
25,Dallas,11,5184,Perry,111,117,145,128,100,137,121,156,121,149,147,146,138,155,1760,1871,463,414,877,5,5,10,6,11,17,23,27,50,1,1,2,470,416,886,15,14,29,983,888
82,Scott,09,5250,Pleasant Valley,134,297,333,339,318,337,306,338,344,358,309,320,319,314,4232,4366,100,100,200,4,11,15,186,156,342,54,73,127,2,0,2,1792,1795,3587,49,44,93,2187,2179
63,Marion,11,5256,Pleasantville,46,49,48,51,52,48,49,59,56,69,43,59,35,49,667,713,9,11,20,2,1,3,1,5,6,8,2,10,0,0,0,363,310,673,0,1,1,383,330
76,Pocahontas,05,5283,Pocahontas Area,53,58,39,38,47,46,42,53,57,55,59,68,53,51,666,719,16,18,34,0,1,1,0,0,0,3,3,6,0,0,0,339,327,666,8,4,12,366,353
03,Allamakee,01,5310,Postville,20,54,67,59,53,50,53,44,33,46,55,39,44,44,641,661,170,140,310,1,4,5,1,1,2,30,30,60,1,0,1,146,126,272,8,3,11,357,304
94,Webster,05,5325,Prairie Valley,36,62,48,39,35,46,39,44,47,44,62,53,47,50,616,652,13,4,17,0,0,0,0,0,0,6,0,6,1,0,1,323,289,612,12,4,16,355,297
02,Adams,13,5328,Prescott,13,8,4,7,6,6,0,0,0,0,0,0,0,0,31,44,0,0,0,0,0,0,0,0,0,0,0,0,0,0,0,21,23,44,0,0,0,21,23
69,Montgomery,13,5463,Red Oak,85,88,95,86,80,87,87,81,91,86,93,79,79,99,1131,1216,65,47,112,2,0,2,2,3,5,2,2,4,0,0,0,553,521,1074,10,9,19,634,582
75,Plymouth,12,5486,Remsen-Union,25,36,38,23,27,21,27,23,18,26,33,27,27,31,357,382,11,8,19,0,0,0,0,0,0,1,1,2,0,0,0,190,169,359,1,1,2,203,179
45,Howard,01,5508,Riceville,0,21,28,25,17,26,27,27,20,26,21,18,29,22,307,307,4,4,8,1,1,2,0,0,0,0,2,2,0,0,0,157,136,293,1,1,2,163,144
78,Pottawattamie,13,5510,Riverside,46,61,46,44,56,39,44,47,41,41,39,50,50,51,609,655,24,16,40,2,1,3,0,3,3,3,0,3,0,0,0,314,291,605,0,1,1,343,312
84,Sioux,12,5607,Rock Valley,85,68,61,67,58,58,51,54,53,44,51,68,59,48,740,825,98,107,205,1,0,1,2,1,3,3,3,6,0,0,0,328,273,601,4,5,9,436,389
13,Calhoun,05,5625,Rockwell City-Lytton,54,66,56,70,68,59,64,68,69,66,0,0,0,0,586,640,9,6,15,0,0,0,2,3,5,3,1,4,2,1,3,302,300,602,6,5,11,324,316
85,Story,11,5643,Roland-Story,29,94,81,85,78,69,81,72,100,86,73,76,82,71,1048,1077,22,36,58,3,1,4,4,1,5,3,4,7,0,0,0,511,464,975,14,14,28,557,520
34,Floyd,07,5697,Rudd-Rockford-Marble Rk,23,31,33,27,24,33,34,28,45,46,40,39,37,37,454,477,3,4,7,1,2,3,0,0,0,6,8,14,0,0,0,229,220,449,2,2,4,241,236
74,Palo Alto,05,5724,Ruthven-Ayrshire,15,18,18,16,18,16,13,15,15,14,17,14,19,16,209,224,0,2,2,0,0,0,8,2,10,0,1,1,0,0,0,111,100,211,0,0,0,119,105
66,Mitchell,07,5751,St Ansgar,22,57,31,40,39,37,54,44,51,52,52,55,59,57,628,650,4,5,9,1,1,2,1,7,8,0,3,3,0,0,0,301,325,626,1,1,2,308,342
77,Polk,11,5805,Saydel,55,94,96,80,102,90,91,108,101,104,98,120,127,112,1323,1378,64,64,128,6,2,8,7,6,13,10,6,16,2,2,4,632,554,1186,11,12,23,732,646
81,Sac,05,5823,Schaller-Crestland,37,36,27,36,25,31,17,49,52,59,0,0,0,0,332,369,23,25,48,0,0,0,0,1,1,1,2,3,0,0,0,158,159,317,0,0,0,182,187
24,Crawford,12,5832,Schleswig,1,44,20,20,21,14,21,14,21,13,0,0,0,0,188,189,5,16,21,0,1,1,0,0,0,2,1,3,0,0,0,82,79,161,2,1,3,91,98
55,Kossuth,05,5868,Sentral,34,33,36,35,22,29,28,0,0,0,0,0,0,0,183,217,3,4,7,0,0,0,1,1,2,0,1,1,0,0,0,99,105,204,1,2,3,104,113
97,Woodbury,12,5877,Sergeant Bluff-Luton,105,140,132,98,117,120,135,119,120,113,116,113,120,113,1556,1661,26,20,46,5,13,18,25,23,48,11,17,28,1,0,1,768,724,1492,14,14,28,850,811
93,Wayne,15,5895,Seymour,20,26,21,21,19,20,22,20,19,17,22,16,11,14,248,268,0,1,1,0,0,0,0,0,0,0,0,0,0,0,0,127,132,259,3,5,8,130,138
17,Cerro Gordo,07,5922,West Fork CSD,41,55,54,40,47,43,48,41,50,51,45,53,67,58,652,693,8,5,13,2,2,4,1,1,2,2,4,6,0,1,1,343,315,658,4,5,9,360,333
71,O'Brien,12,5949,Sheldon,85,89,84,75,76,70,75,57,80,82,74,74,73,77,986,1071,81,65,146,5,4,9,11,6,17,11,6,17,0,0,0,465,409,874,4,4,8,577,494
73,Page,13,5976,Shenandoah,44,89,63,74,67,86,71,65,68,73,80,89,78,87,990,1034,33,33,66,1,3,4,4,4,8,2,6,8,0,1,1,490,442,932,7,8,15,537,497
72,Osceola,12,5994,Sibley-Ocheyedan,40,86,52,64,62,52,70,51,47,65,62,62,45,55,773,813,73,51,124,1,2,3,2,5,7,3,2,5,0,0,0,352,316,668,4,2,6,435,378
36,Fremont,13,6003,Sidney,47,22,22,19,25,21,24,29,28,24,41,30,22,30,337,384,12,8,20,0,0,0,1,1,2,1,1,2,0,0,0,183,169,352,3,5,8,200,184
54,Keokuk,15,6012,Sigourney,34,36,39,29,45,41,47,40,42,45,37,36,45,45,527,561,3,4,7,0,0,0,1,1,2,6,5,11,0,0,0,283,255,538,2,1,3,295,266
84,Sioux,12,6030,Sioux Center,122,137,84,100,93,73,75,83,83,84,85,67,86,80,1130,1252,161,166,327,3,8,11,6,8,14,3,4,7,0,0,0,451,424,875,9,9,18,633,619
11,Buena Vista,05,6035,Sioux Central,32,61,29,40,41,34,39,38,42,67,61,48,51,68,619,651,31,31,62,0,0,0,2,2,4,0,0,0,0,0,0,316,261,577,4,4,8,353,298
97,Woodbury,12,6039,Sioux City,804,1295,1185,1147,1053,1097,1033,972,972,1016,1084,987,931,919,13691,14495,2239,2094,4333,236,234,470,267,242,509,386,346,732,37,36,73,4114,3762,7876,246,256,502,7525,6970
13,Calhoun,05,6091,Southern Cal,53,12,0,0,0,0,0,0,0,0,64,52,78,63,269,322,4,6,10,0,0,0,0,0,0,1,0,1,0,0,0,160,133,293,8,10,18,173,149
52,Johnson,10,6093,Solon,61,115,90,119,88,107,97,99,103,101,90,115,110,146,1380,1441,9,14,23,0,0,0,0,7,7,0,0,0,4,1,5,728,658,1386,11,9,20,752,689
91,Warren,11,6094,Southeast Warren,33,41,41,29,38,31,38,29,35,48,37,31,35,40,473,506,9,5,14,0,0,0,1,0,1,1,4,5,0,0,0,263,220,483,1,2,3,275,231
40,Hamilton,05,6095,South Hamilton,36,51,49,48,40,57,54,53,59,55,57,55,60,61,699,735,26,40,66,0,0,0,0,4,4,2,1,3,0,0,0,319,323,642,14,6,20,361,374
94,Webster,05,6096,Southeast Webster Grand,34,51,38,41,38,39,35,38,46,41,37,35,33,40,512,546,5,12,17,0,0,0,3,1,4,5,8,13,0,0,0,262,245,507,2,3,5,277,269
73,Page,13,6097,South Page,22,6,14,13,6,11,11,7,3,12,10,9,14,14,130,152,0,0,0,0,0,0,1,0,1,0,2,2,1,1,2,70,77,147,0,0,0,72,80
86,Tama,07,6098,South Tama County,90,106,100,115,99,109,108,94,106,113,99,91,117,104,1361,1451,222,208,430,84,75,159,3,3,6,6,8,14,0,1,1,391,421,812,15,14,29,721,730
71,O'Brien,12,6099,South O'Brien,38,57,39,47,45,41,40,47,36,48,53,45,51,61,610,648,24,12,36,0,0,0,1,1,2,5,1,6,0,0,0,318,277,595,4,5,9,352,296
96,Winneshiek,01,6100,South Winneshiek,70,36,31,28,35,35,26,32,29,32,57,59,52,73,525,595,11,13,24,1,0,1,0,0,0,1,0,1,0,0,0,291,276,567,2,0,2,306,289
77,Polk,11,6101,Southeast Polk,280,539,530,523,538,458,513,508,522,490,488,543,471,492,6615,6895,185,236,421,3,2,5,63,69,132,92,91,183,8,10,18,3001,2885,5886,127,123,250,3479,3416
21,Clay,05,6102,Spencer,159,191,150,155,152,148,141,124,153,159,148,153,148,151,1973,2132,81,88,169,2,5,7,11,9,20,14,13,27,0,0,0,964,925,1889,10,10,20,1082,1050
30,Dickinson,05,6120,Spirit Lake,63,96,90,76,109,67,70,83,104,96,109,104,97,100,1201,1264,20,29,49,2,1,3,5,7,12,7,2,9,0,0,0,623,541,1164,16,11,27,673,591
57,Linn,10,6138,Springville,31,27,27,23,25,31,32,18,27,30,31,28,27,26,352,383,2,5,7,0,0,0,5,2,7,0,1,1,2,0,2,180,180,360,2,4,6,191,192
69,Montgomery,13,6165,Stanton,15,17,20,11,19,17,14,19,21,12,29,17,14,19,229,244,1,1,2,0,0,0,0,1,1,0,0,0,0,0,0,125,115,240,1,0,1,127,117
33,Fayette,01,6175,Starmont,38,63,42,46,43,51,41,46,29,53,52,44,48,39,597,635,2,3,5,0,2,2,0,0,0,2,0,2,0,0,0,323,299,622,3,1,4,330,305
11,Buena Vista,05,6219,Storm Lake,151,257,149,169,204,172,169,161,163,146,162,161,176,202,2291,2442,653,622,1275,1,0,1,233,223,456,65,67,132,33,36,69,256,223,479,9,21,30,1250,1192
40,Hamilton,05,6246,Stratford,12,11,9,15,11,7,16,9,0,0,0,0,0,0,78,90,0,0,0,0,0,0,2,0,2,0,3,3,0,0,0,45,38,83,0,2,2,47,43
39,Guthrie,11,6264,West Central Valley,57,63,58,72,50,57,66,70,60,60,62,70,73,66,827,884,29,33,62,0,2,2,3,1,4,0,1,1,0,1,1,422,360,782,17,15,32,471,413
09,Bremer,07,6273,Sumner,27,59,54,52,51,40,41,0,0,0,65,63,62,54,541,568,9,6,15,0,1,1,0,1,1,0,1,1,0,1,1,259,277,536,5,8,13,273,295
16,Cedar,10,6408,Tipton,38,72,81,65,73,74,82,72,62,72,73,69,61,87,943,981,5,9,14,0,1,1,2,2,4,6,2,8,1,1,2,498,434,932,12,8,20,524,457
55,Kossuth,05,6417,Titonka Consolidated,5,0,0,0,0,0,0,0,0,0,0,0,0,0,0,5,0,1,1,0,0,0,0,0,0,0,0,0,0,0,0,2,2,4,0,0,0,2,3
78,Pottawattamie,13,6453,Treynor,0,52,55,63,65,64,63,62,59,52,68,61,53,51,768,768,3,2,5,0,0,0,0,1,1,1,0,1,0,0,0,369,392,761,0,0,0,373,395
78,Pottawattamie,13,6460,Tri-Center,42,66,49,45,47,56,60,54,57,53,56,49,52,58,702,744,0,2,2,0,0,0,5,1,6,3,3,6,0,1,1,378,349,727,0,2,2,386,358
54,Keokuk,15,6462,Tri-County,25,18,15,16,24,12,14,18,12,25,22,18,14,27,235,260,3,3,6,1,1,2,0,0,0,1,2,3,1,0,1,127,121,248,0,0,0,133,127
09,Bremer,07,6471,Tripoli,32,29,22,27,32,26,34,36,34,35,33,39,29,28,404,436,3,6,9,1,0,1,0,2,2,0,0,0,0,0,0,209,208,417,5,2,7,218,218
96,Winneshiek,01,6509,Turkey Valley,32,22,27,20,25,22,11,29,24,34,37,25,51,31,358,390,11,8,19,0,0,0,0,0,0,0,0,0,0,0,0,194,168,362,5,4,9,210,180
63,Marion,11,6512,Twin Cedars,30,21,29,34,25,19,24,22,32,22,38,37,25,45,373,403,2,2,4,0,0,0,1,1,2,3,3,6,0,0,0,209,182,391,0,0,0,215,188
46,Humboldt,05,6516,Twin Rivers,22,11,8,9,7,11,4,0,0,0,0,0,0,0,50,72,7,7,14,0,0,0,0,0,0,1,0,1,0,0,0,27,30,57,0,0,0,35,37
78,Pottawattamie,13,6534,Underwood,27,46,45,53,48,62,58,60,66,60,72,60,39,47,716,743,15,13,28,1,1,2,1,2,3,1,0,1,0,0,0,387,307,694,8,7,15,413,330
07,Black Hawk,07,6536,Union,13,81,72,85,59,94,82,106,101,100,109,90,102,100,1181,1194,22,20,42,0,0,0,1,5,6,4,6,10,1,0,1,595,515,1110,9,16,25,632,562
08,Boone,11,6561,United,54,41,40,30,42,21,25,22,0,0,0,0,0,0,221,275,12,12,24,0,0,0,0,1,1,6,6,12,0,0,0,107,116,223,8,7,15,133,142
77,Polk,11,6579,Urbandale,243,339,297,283,287,281,290,312,305,280,318,325,307,310,3934,4177,147,187,334,1,3,4,76,79,155,135,117,252,2,2,4,1708,1554,3262,87,79,166,2156,2021
33,Fayette,01,6591,Valley,42,33,24,28,30,28,30,18,87,101,0,0,1,1,381,423,2,8,10,0,0,0,0,2,2,2,0,2,0,0,0,207,193,400,3,6,9,214,209
89,Van Buren,15,6592,Van Buren,28,48,43,37,41,38,44,41,48,52,43,44,43,55,577,605,3,2,5,0,0,0,3,1,4,0,1,1,0,0,0,303,289,592,1,2,3,310,295
25,Dallas,11,6615,Van Meter,0,41,52,40,51,43,51,52,52,59,43,59,56,53,652,652,9,4,13,3,0,3,1,2,3,0,4,4,0,0,0,336,291,627,1,1,2,350,302
17,Cerro Gordo,07,6633,Ventura,0,9,13,6,15,10,19,9,80,98,0,0,0,0,259,259,2,4,6,0,0,0,1,1,2,1,3,4,0,0,0,128,116,244,1,2,3,133,126
69,Montgomery,13,6651,Villisca,19,20,25,18,28,17,15,51,44,57,0,0,0,1,276,295,4,1,5,2,1,3,0,0,0,0,0,0,0,0,0,156,130,286,1,0,1,163,132
06,Benton,10,6660,Vinton-Shellsburg,78,118,103,118,122,112,104,115,108,123,120,134,105,119,1501,1579,6,14,20,0,1,1,1,4,5,10,8,18,0,0,0,769,720,1489,25,21,46,811,768
44,Henry,15,6700,Waco,34,41,33,31,37,31,30,38,34,31,35,25,33,36,435,469,11,14,25,0,1,1,13,3,16,6,9,15,0,0,0,218,190,408,1,3,4,249,220
81,Sac,05,6741,East Sac County,64,85,73,79,63,60,61,63,75,72,72,77,67,89,936,1000,10,14,24,0,2,2,0,1,1,1,3,4,0,0,0,465,488,953,8,8,16,484,516
78,Pottawattamie,13,6750,Walnut,15,7,10,11,10,10,9,8,8,2,3,6,3,7,94,109,0,0,0,0,0,0,0,0,0,0,0,0,0,0,0,54,55,109,0,0,0,54,55
58,Louisa,15,6759,Wapello,19,39,41,36,36,33,46,59,60,54,57,53,57,76,647,666,42,31,73,2,2,4,0,0,0,5,2,7,1,2,3,309,262,571,4,4,8,363,303
09,Bremer,07,6762,Wapsie Valley,52,72,62,66,60,67,54,60,63,51,47,49,35,60,746,798,9,6,15,0,0,0,1,1,2,0,0,0,0,0,0,419,357,776,1,4,5,430,368
92,Washington,10,6768,Washington,129,136,99,104,111,110,110,142,156,159,130,130,122,160,1669,1798,150,148,298,3,1,4,2,9,11,26,14,40,6,0,6,718,681,1399,22,18,40,927,871
07,Black Hawk,07,6795,Waterloo,598,962,948,858,821,805,765,718,705,751,891,817,771,676,10488,11086,601,593,1194,16,14,30,101,92,193,1434,1404,2838,47,46,93,3031,2952,5983,379,376,755,5609,5477
25,Dallas,11,6822,Waukee,97,739,774,742,680,664,637,626,637,581,541,534,444,478,8077,8174,161,159,320,8,9,17,231,243,474,144,124,268,3,2,5,3462,3373,6835,120,135,255,4129,4045
09,Bremer,07,6840,Waverly-Shell Rock,75,177,164,147,164,148,158,158,186,185,172,183,171,208,2221,2296,30,29,59,4,6,10,10,16,26,18,14,32,1,1,2,1112,993,2105,32,30,62,1207,1089
93,Wayne,15,6854,Wayne,36,54,45,37,36,41,38,44,34,49,37,29,35,48,527,563,1,6,7,0,0,0,3,0,3,2,4,6,1,1,2,237,306,543,2,0,2,246,317
40,Hamilton,05,6867,Webster City,108,149,113,124,109,115,112,105,124,107,139,140,130,134,1601,1709,116,111,227,1,1,2,43,45,88,1,2,3,0,0,0,718,613,1331,28,30,58,907,802
74,Palo Alto,05,6921,West Bend-Mallard,18,30,24,22,18,22,31,25,31,31,27,39,25,28,353,371,6,8,14,0,0,0,1,1,2,0,0,0,0,0,0,191,160,351,1,3,4,199,172
16,Cedar,10,6930,West Branch,58,72,63,48,57,53,70,60,64,67,55,60,58,77,804,862,25,19,44,0,1,1,2,1,3,2,3,5,0,1,1,378,397,775,18,15,33,425,437
29,Des Moines,15,6937,West Burlington Ind,61,77,77,71,71,57,66,54,68,58,74,56,68,58,855,916,30,21,51,1,1,2,6,15,21,40,33,73,1,0,1,347,356,703,32,33,65,457,459
33,Fayette,01,6943,West Central,29,13,17,15,18,22,15,16,19,17,20,31,16,29,248,277,5,3,8,2,0,2,1,3,4,0,0,0,0,0,0,127,135,262,1,0,1,136,141
28,Delaware,01,6950,West Delaware County,5,118,97,112,105,106,117,96,112,116,121,127,125,126,1478,1483,14,7,21,5,2,7,2,4,6,7,9,16,0,0,0,737,677,1414,7,12,19,772,711
77,Polk,11,6957,West Des Moines,420,680,682,676,654,648,686,710,642,723,672,746,722,696,8937,9357,573,553,1126,19,20,39,301,307,608,323,296,619,7,3,10,3451,3131,6582,208,165,373,4882,4475
31,Dubuque,01,6961,Western Dubuque,310,227,195,215,221,189,217,212,231,252,309,233,282,261,3044,3354,52,45,97,0,0,0,8,10,18,27,27,54,0,0,0,1648,1490,3138,21,26,47,1756,1598
43,Harrison,13,6969,West Harrison,29,25,18,21,15,23,27,28,24,29,28,27,30,34,329,358,1,0,1,1,0,1,0,0,0,2,1,3,0,0,0,188,162,350,0,3,3,192,166
70,Muscatine,09,6975,West Liberty,100,112,78,92,76,97,80,86,98,103,92,82,61,82,1139,1239,318,357,675,0,0,0,10,11,21,0,1,1,0,0,0,266,254,520,9,13,22,603,636
60,Lyon,12,6983,West Lyon,38,94,85,69,75,79,66,63,61,68,56,48,57,56,877,915,17,22,39,0,0,0,0,3,3,1,0,1,0,0,0,472,398,870,2,0,2,492,423
64,Marshall,07,6985,West Marshall,9,82,75,68,72,76,77,73,73,76,65,58,60,65,920,929,25,24,49,0,0,0,4,5,9,3,2,5,0,0,0,440,419,859,2,5,7,474,455
67,Monona,12,6987,West Monona,21,54,37,60,58,51,53,51,35,42,54,50,52,39,636,657,3,9,12,3,5,8,5,4,9,7,4,11,1,2,3,328,275,603,6,5,11,353,304
84,Sioux,12,6990,West Sioux,53,91,57,58,61,56,53,61,53,54,35,45,43,42,709,762,123,123,246,1,6,7,1,1,2,4,4,8,0,0,0,259,237,496,2,1,3,390,372
97,Woodbury,12,6992,Westwood,21,40,55,40,40,42,25,40,38,40,53,34,38,35,520,541,14,12,26,10,5,15,0,1,1,3,1,4,0,0,0,242,229,471,12,12,24,281,260
67,Monona,12,7002,Whiting,12,13,16,21,21,17,18,8,18,17,14,11,11,16,201,213,3,3,6,1,2,3,0,0,0,1,0,1,0,0,0,102,99,201,1,1,2,108,105
48,Iowa,10,7029,Williamsburg,71,95,86,89,86,78,79,65,89,90,97,99,106,113,1172,1243,61,58,119,0,0,0,3,2,5,4,5,9,0,0,0,548,555,1103,4,3,7,620,623
70,Muscatine,09,7038,Wilton,51,64,77,59,63,58,63,56,53,57,58,68,46,65,787,838,22,24,46,0,0,0,4,6,10,1,4,5,0,0,0,407,349,756,11,10,21,445,393
44,Henry,15,7047,Winfield-Mt Union,31,36,21,33,31,25,33,31,34,41,40,42,38,34,439,470,5,4,9,0,1,1,0,0,0,5,0,5,0,0,0,232,211,443,7,5,12,249,221
61,Madison,11,7056,Winterset,161,134,120,128,125,140,101,147,128,125,133,135,146,138,1700,1861,21,23,44,6,1,7,2,0,2,6,1,7,3,1,4,924,854,1778,7,12,19,969,892
43,Harrison,13,7092,Woodbine,54,54,40,33,30,38,32,24,31,26,25,28,26,42,429,483,6,5,11,3,0,3,2,1,3,0,0,0,1,1,2,237,222,459,3,2,5,252,231
97,Woodbury,12,7098,Woodbury Central,23,55,43,47,38,39,44,41,53,43,45,46,40,54,588,611,6,5,11,2,1,3,3,0,3,2,0,2,0,0,0,310,270,580,8,4,12,331,280
25,Dallas,11,7110,Woodward-Granger,88,83,69,61,57,59,65,65,69,75,99,143,151,105,1101,1189,51,10,61,3,0,3,0,0,0,84,3,87,0,0,0,596,427,1023,10,5,15,744,445
,,,,,28089,41258,37410,36734,36037,35633,35620,35377,35683,36263,36980,36462,35721,36538,475716,503805,24917,23954,48871,982,1009,1991,5685,5585,11270,13976,12874,26850,461,425,886,205631,192324,397955,8171,7811,15982,259823,243982
