AEA,COUNTY,COUNTY NAME,DISTRICT NUMBER,DISTRICT NAME,PK,KG,Grade 1,Grade 2,Grade 3,Grade 4,Grade 5,Grade 6,Grade 7,Grade 8,Grade 9,Grade 10,Grade 11,Grade 12,Total K12,Total PK12,Hispanic Male,Hispanic Female,Total Hispanic,Native American Male,Native American Female,Native American Total,Asian Male,Asian Female,Asian Total,Black Male,Black Female,Black Total,Pacific Islander Male,Pacific Islander Female,Pacific Islander Total,White Male,White Female,White Total,Multi-Race Male,Multi-Race Female,Multi-Race Total,Total Male,Total Female
7,42,Hardin,9,AGWSR,63,63,50,42,48,44,43,38,37,30,38,44,40,36,553,616,20,23,43,0,0,0,1,1,2,1,0,1,0,0,0,298,264,562,3,5,8,323,293
11,39,Guthrie,18,Adair-Casey,17,16,20,20,17,18,29,29,19,23,23,19,13,27,273,290,1,3,4,0,0,0,0,2,2,0,1,1,0,0,0,146,135,281,2,0,2,149,141
11,25,Dallas,27,Adel DeSoto Minburn,40,158,140,133,147,136,127,110,128,121,120,129,119,111,1679,1719,14,22,36,2,0,2,6,5,11,2,1,3,0,0,0,826,811,1637,17,13,30,867,852
12,75,Plymouth,63,Akron Westfield,20,61,45,39,58,51,40,43,34,43,34,38,52,36,574,594,24,20,44,4,1,5,2,4,6,1,0,1,1,1,2,267,249,516,8,12,20,307,287
5,11,Buena Vista,72,Albert City-Truesdale,8,12,13,11,17,11,14,8,0,0,0,0,0,0,86,94,3,6,9,0,0,0,1,0,1,0,0,0,0,0,0,44,36,80,3,1,4,51,43
15,68,Monroe,81,Albia,61,81,88,101,90,92,84,99,97,85,82,90,85,95,1169,1230,25,24,49,0,3,3,1,4,5,17,18,35,0,1,1,574,529,1103,20,14,34,637,593
10,57,Linn,99,Alburnett,32,44,48,45,47,47,39,44,47,44,55,49,38,56,603,635,8,5,13,1,0,1,0,0,0,2,2,4,0,0,0,328,283,611,3,3,6,342,293
7,42,Hardin,108,Alden,46,17,29,18,14,32,20,96,0,0,0,0,0,0,226,272,11,12,23,0,0,0,0,0,0,1,1,2,0,0,0,130,105,235,4,8,12,146,126
5,55,Kossuth,126,Algona,106,134,95,93,108,106,101,96,101,111,119,110,104,128,1406,1512,30,27,57,1,0,1,7,7,14,7,10,17,2,4,6,743,651,1394,9,14,23,799,713
1,3,Allamakee,135,Allamakee,54,93,64,81,81,77,72,75,120,85,88,82,107,106,1131,1185,13,20,33,1,1,2,1,0,1,3,6,9,0,0,0,573,552,1125,5,10,15,596,589
7,12,Butler,153,North Butler,33,50,48,63,49,53,54,49,38,37,51,42,37,52,623,656,8,4,12,0,0,0,1,1,2,3,1,4,0,0,0,340,285,625,8,5,13,360,296
5,11,Buena Vista,171,Alta,43,68,48,41,53,43,43,0,0,0,63,61,43,55,518,561,53,54,107,0,0,0,0,3,3,4,11,15,0,0,0,221,208,429,7,0,7,285,276
11,85,Story,225,Ames,284,374,322,353,318,298,298,371,306,324,332,322,315,303,4236,4520,207,173,380,9,4,13,216,213,429,211,158,369,0,0,0,1566,1516,3082,125,122,247,2334,2186
10,53,Jones,234,Anamosa,82,95,90,81,85,90,88,89,109,106,98,101,91,94,1217,1299,18,11,29,0,0,0,10,9,19,12,8,20,0,2,2,627,579,1206,11,12,23,678,621
9,49,Jackson,243,Andrew,35,12,16,23,12,19,10,21,16,18,0,0,0,0,147,182,0,0,0,0,0,0,0,0,0,0,0,0,0,0,0,85,94,179,2,1,3,87,95
11,77,Polk,261,Ankeny,467,901,875,926,868,872,859,852,810,801,749,707,688,697,10605,11072,261,236,497,7,3,10,140,129,269,107,106,213,8,6,14,4882,4786,9668,206,195,401,5611,5461
7,12,Butler,279,Aplington-Parkersburg,78,73,71,65,67,51,63,55,53,71,60,74,69,77,849,927,0,1,1,0,0,0,0,2,2,7,4,11,0,0,0,451,457,908,2,3,5,460,467
5,32,Emmet,333,North Union,16,19,35,25,35,35,20,0,0,0,42,51,49,47,358,374,5,10,15,0,1,1,1,2,3,4,0,4,1,0,1,165,178,343,3,4,7,179,195
12,24,Crawford,355,Ar-We-Va,10,32,18,19,18,11,15,14,17,16,12,16,20,12,220,230,10,18,28,1,0,1,0,0,0,4,0,4,0,0,0,103,91,194,0,3,3,118,112
13,15,Cass,387,Atlantic,100,128,105,119,130,109,118,96,117,110,108,121,111,89,1461,1561,38,31,69,1,0,1,2,1,3,3,5,8,15,17,32,748,687,1435,8,5,13,815,746
11,5,Audubon,414,Audubon,38,46,41,45,40,39,33,39,46,39,29,30,38,60,525,563,7,7,14,1,0,1,2,0,2,2,3,5,0,0,0,281,245,526,6,9,15,299,264
12,18,Cherokee,423,Aurelia,15,16,17,18,13,13,14,50,56,59,0,0,0,0,256,271,17,19,36,0,0,0,0,0,0,4,2,6,0,0,0,111,115,226,0,3,3,132,139
13,78,Pottawattam,441,A-H-S-T,48,52,39,42,42,40,35,44,45,52,54,60,62,59,626,674,12,10,22,0,0,0,2,0,2,1,0,1,0,0,0,330,310,640,2,7,9,347,327
11,85,Story,472,Ballard,134,141,139,119,135,108,116,112,140,140,125,138,146,115,1674,1808,28,25,53,4,2,6,1,4,5,12,8,20,3,5,8,899,802,1701,12,3,15,959,849
12,47,Ida,504,Battle Creek-Ida Grove,48,74,43,53,55,60,42,0,0,0,67,65,50,56,565,613,12,11,23,0,0,0,0,2,2,2,6,8,1,1,2,300,269,569,4,5,9,319,294
11,50,Jasper,513,Baxter,28,36,24,32,36,37,40,24,32,33,38,35,33,32,432,460,6,7,13,0,0,0,1,1,2,0,2,2,0,0,0,220,215,435,0,8,8,227,233
7,38,Grundy,540,BCLUW,21,47,33,40,55,45,42,52,37,38,59,51,52,51,602,623,17,21,38,1,0,1,2,2,4,1,2,3,0,0,0,270,290,560,9,8,17,300,323
13,87,Taylor,549,Bedford,36,36,28,36,33,46,30,37,28,35,30,31,44,45,459,495,4,4,8,0,0,0,0,0,0,4,3,7,0,0,0,251,221,472,5,3,8,264,231
10,6,Benton,576,Belle Plaine,29,49,35,30,33,27,43,47,40,47,48,47,35,45,526,555,3,5,8,1,0,1,2,1,3,5,4,9,2,1,3,279,250,529,1,1,2,293,262
9,49,Jackson,585,Bellevue,66,53,36,43,37,50,39,45,43,58,65,43,53,53,618,684,4,3,7,1,1,2,0,0,0,3,4,7,0,0,0,348,305,653,6,9,15,362,322
7,99,Wright,594,Belmond-Klemme,46,60,48,64,54,44,56,66,58,48,45,56,70,48,717,763,93,77,170,0,6,6,3,2,5,12,8,20,0,0,0,283,264,547,8,7,15,399,364
9,16,Cedar,603,Bennett,9,2,16,11,8,10,10,13,0,0,0,0,0,0,70,79,0,1,1,0,0,0,0,0,0,0,0,0,0,0,0,33,44,77,0,1,1,33,46
10,6,Benton,609,Benton,134,119,93,103,99,101,101,120,116,99,118,125,116,110,1420,1554,13,7,20,0,3,3,2,2,4,8,5,13,0,0,0,778,716,1494,11,9,20,812,742
9,82,Scott,621,Bettendorf,305,328,329,312,291,332,336,343,364,376,422,358,387,366,4544,4849,213,182,395,4,9,13,69,58,127,158,163,321,0,0,0,1919,1886,3805,89,99,188,2452,2397
15,90,Wapello,657,Eddyville-Blakesburg-,69,76,77,62,66,78,63,70,83,72,91,61,59,61,919,988,12,17,29,1,0,1,2,0,2,3,3,6,0,0,0,489,446,935,9,6,15,516,472
11,77,Polk,720,Bondurant-Farrar,93,160,178,146,161,168,155,141,136,140,128,126,124,125,1888,1981,32,35,67,0,1,1,13,14,27,9,7,16,0,2,2,933,873,1806,37,25,62,1024,957
11,8,Boone,729,Boone,134,114,132,139,130,140,124,135,140,154,165,206,180,172,1931,2065,40,45,85,5,8,13,7,6,13,29,24,53,0,0,0,926,891,1817,38,46,84,1045,1020
12,84,Sioux,747,Boyden-Hull,51,49,40,42,42,54,49,50,57,54,52,43,41,51,624,675,69,68,137,0,0,0,1,1,2,1,1,2,0,0,0,284,242,526,2,6,8,357,318
7,41,Hancock,819,West Hancock,44,68,49,46,41,49,43,45,44,44,39,42,49,37,596,640,48,47,95,0,0,0,1,1,2,4,0,4,0,0,0,260,266,526,6,7,13,319,321
7,79,Poweshiek,846,Brooklyn-Guernsey-Malcom,38,46,36,48,37,36,47,37,32,45,48,37,42,53,544,582,17,23,40,1,0,1,0,0,0,0,1,1,0,0,0,275,252,527,7,6,13,300,282
7,95,Winnebago,873,North Iowa,52,48,44,31,35,36,27,40,21,40,39,35,38,32,466,518,25,43,68,0,0,0,3,4,7,1,0,1,0,0,0,230,203,433,2,7,9,261,257
15,29,Des Moines,882,Burlington,234,280,302,314,337,304,282,287,286,304,263,297,256,349,3861,4095,144,127,271,3,9,12,16,5,21,316,273,589,2,1,3,1502,1356,2858,154,187,341,2137,1958
13,15,Cass,914,CAM,27,51,47,40,63,44,59,55,63,75,71,100,109,104,881,908,12,15,27,1,3,4,3,2,5,10,8,18,0,0,0,406,420,826,13,15,28,445,463
7,35,Franklin,916,CAL,34,21,13,14,23,19,21,17,19,16,17,24,14,15,233,267,37,44,81,1,0,1,0,0,0,0,0,0,0,0,0,97,84,181,1,3,4,136,131
9,23,Clinton,918,Calamus-Wheatland,24,47,39,44,36,36,35,33,37,35,57,35,43,40,517,541,11,4,15,0,4,4,2,0,2,2,1,3,0,0,0,266,245,511,0,6,6,281,260
9,23,Clinton,936,Camanche,70,83,79,67,94,70,86,76,85,81,70,88,73,90,1042,1112,21,28,49,0,2,2,6,3,9,11,14,25,0,0,0,532,466,998,12,17,29,582,530
15,90,Wapello,977,Cardinal,122,55,50,64,45,55,46,46,40,53,55,45,50,52,656,778,14,13,27,1,0,1,1,1,2,3,7,10,0,0,0,338,374,712,13,13,26,370,408
11,91,Warren,981,Carlisle,115,154,136,176,161,147,154,143,150,153,172,157,139,169,2011,2126,59,49,108,1,1,2,29,33,62,17,20,37,2,0,2,973,889,1862,26,27,53,1107,1019
11,14,Carroll,999,Carroll,190,128,140,145,137,147,131,126,125,111,108,139,119,121,1677,1867,41,47,88,1,0,1,7,5,12,37,32,69,1,0,1,873,785,1658,21,17,38,981,886
7,7,Black Hawk,1044,Cedar Falls,153,406,423,405,450,426,392,445,385,386,389,359,382,422,5270,5423,78,94,172,6,6,12,95,98,193,113,108,221,5,6,11,2380,2185,4565,128,121,249,2805,2618
10,57,Linn,1053,Cedar Rapids,770,1321,1217,1228,1214,1137,1158,1150,1186,1188,1390,1338,1267,1175,15969,16739,551,511,1062,28,28,56,170,168,338,1364,1261,2625,35,34,69,5879,5528,11407,597,585,1182,8624,8115
10,57,Linn,1062,Center Point-Urbana,78,134,111,110,113,119,111,115,119,131,111,114,99,109,1496,1574,12,14,26,2,1,3,2,1,3,9,2,11,0,0,0,748,737,1485,29,17,46,802,772
15,4,Appanoose,1071,Centerville,67,121,110,108,96,94,95,95,106,113,93,96,89,101,1317,1384,18,14,32,2,3,5,5,7,12,7,5,12,0,0,0,680,638,1318,4,1,5,716,668
15,56,Lee,1079,Central Lee,3,95,78,75,92,75,89,84,71,77,82,94,68,84,1064,1067,8,10,18,3,3,6,2,3,5,2,5,7,1,1,2,520,484,1004,12,13,25,548,519
1,22,Clayton,1080,Central,24,41,28,40,35,39,35,32,32,32,31,38,34,34,451,475,3,5,8,0,0,0,0,3,3,0,1,1,0,1,1,218,240,458,2,2,4,223,252
9,23,Clinton,1082,Central DeWitt,94,135,93,102,96,102,105,107,94,118,125,127,129,135,1468,1562,30,25,55,3,0,3,4,3,7,37,16,53,0,2,2,755,666,1421,9,12,21,838,724
10,57,Linn,1089,Central City,48,34,24,32,28,31,33,35,34,34,39,33,38,41,436,484,6,1,7,2,0,2,1,4,5,3,4,7,0,0,0,223,230,453,5,5,10,240,244
13,27,Decatur,1093,Central Decatur,63,49,52,56,62,56,63,58,52,38,56,45,62,48,697,760,9,16,25,0,0,0,0,0,0,3,2,5,0,0,0,377,352,729,1,0,1,390,370
12,60,Lyon,1095,Central Lyon,57,85,65,54,64,67,62,51,57,51,46,43,50,45,740,797,13,22,35,1,3,4,0,0,0,0,2,2,2,0,2,390,357,747,3,4,7,409,388
15,59,Lucas,1107,Chariton,79,94,93,94,106,92,84,95,84,107,100,103,115,108,1275,1354,18,6,24,1,3,4,3,3,6,3,3,6,1,0,1,688,608,1296,10,7,17,724,630
7,34,Floyd,1116,Charles City,68,105,94,114,117,103,111,98,134,128,133,125,125,121,1508,1576,52,40,92,1,2,3,14,18,32,72,85,157,2,5,7,632,620,1252,16,17,33,789,787
12,24,Crawford,1134,Charter Oak-Ute,33,23,18,17,27,19,13,20,22,21,20,18,26,21,265,298,6,7,13,0,0,0,0,0,0,0,2,2,0,0,0,133,147,280,1,2,3,140,158
12,18,Cherokee,1152,Cherokee,59,89,85,78,75,81,82,70,68,76,75,75,67,85,1006,1065,25,42,67,0,0,0,6,6,12,9,8,17,0,0,0,456,476,932,21,16,37,517,548
13,73,Page,1197,Clarinda,2,99,80,91,75,86,84,69,70,71,91,116,127,144,1203,1205,37,22,59,5,3,8,6,8,14,41,23,64,0,0,0,538,482,1020,19,21,40,646,559
5,99,Wright,1206,Clarion-Goldfield-Dows,77,93,68,67,71,69,63,64,74,56,77,77,82,62,923,1000,156,142,298,0,0,0,5,3,8,2,2,4,0,0,0,333,346,679,6,5,11,502,498
13,20,Clarke,1211,Clarke,54,119,122,116,105,116,101,97,99,96,98,101,86,94,1350,1404,211,185,396,2,0,2,9,3,12,5,5,10,1,0,1,508,451,959,10,14,24,746,658
7,12,Butler,1215,Clarksville,31,35,20,26,27,26,18,23,20,28,21,24,19,23,310,341,2,3,5,0,0,0,0,0,0,0,0,0,0,0,0,164,164,328,3,5,8,169,172
5,21,Clay,1218,Clay Central-Everly,25,23,22,22,15,19,16,25,23,14,28,23,27,22,279,304,3,6,9,0,1,1,2,0,2,1,4,5,3,0,3,143,140,283,0,1,1,152,152
10,52,Johnson,1221,Clear Creek Amana,110,170,148,182,181,176,160,159,172,141,156,129,160,155,2089,2199,58,51,109,7,3,10,17,13,30,39,53,92,1,1,2,958,889,1847,50,59,109,1130,1069
7,17,Cerro Gordo,1233,Clear Lake,116,110,101,106,100,95,102,92,103,95,92,114,70,105,1285,1401,48,35,83,1,0,1,11,11,22,10,12,22,0,0,0,642,561,1203,38,32,70,750,651
9,23,Clinton,1278,Clinton,276,274,285,258,278,276,263,236,272,255,285,250,272,275,3479,3755,156,149,305,4,3,7,14,9,23,153,159,312,0,1,1,1446,1421,2867,123,117,240,1896,1859
11,50,Jasper,1332,Colfax-Mingo,39,54,40,53,57,52,40,50,50,64,55,44,36,46,641,680,12,6,18,2,0,2,1,1,2,4,0,4,2,1,3,310,334,644,3,4,7,334,346
10,57,Linn,1337,College,302,430,403,384,414,429,422,417,433,415,393,407,387,319,5253,5555,123,119,242,9,8,17,46,46,92,183,170,353,5,5,10,2302,2234,4536,158,147,305,2826,2729
11,85,Story,1350,Collins-Maxwell,16,25,30,36,22,46,28,33,25,41,33,40,37,27,423,439,13,9,22,0,1,1,0,1,1,1,2,3,0,0,0,208,199,407,2,3,5,224,215
11,85,Story,1359,Colo-NESCO,21,21,20,28,34,30,27,39,33,36,34,36,41,29,408,429,8,7,15,0,0,0,1,1,2,1,0,1,1,0,1,210,196,406,2,2,4,223,206
9,58,Louisa,1368,Columbus,50,68,59,48,63,53,43,50,57,57,55,63,52,60,728,778,237,230,467,0,1,1,37,42,79,5,4,9,0,0,0,124,94,218,2,2,4,405,373
11,14,Carroll,1413,Coon Rapids-Bayard,36,36,35,37,24,19,23,29,28,30,31,34,31,26,383,419,13,11,24,0,0,0,0,0,0,0,1,1,0,0,0,190,201,391,2,1,3,205,214
13,2,Adams,1431,Corning,29,44,32,34,46,31,31,0,0,0,42,54,55,49,418,447,9,5,14,0,0,0,1,2,3,0,0,0,0,0,0,215,210,425,2,3,5,227,220
13,78,Pottawattam,1476,Council Bluffs,530,753,708,695,652,702,690,593,680,658,559,628,629,648,8595,9125,669,614,1283,42,29,71,33,39,72,160,121,281,11,6,17,3674,3400,7074,163,164,327,4752,4373
13,88,Union,1503,Creston,115,115,98,121,104,108,118,92,111,89,106,135,107,130,1434,1549,38,32,70,2,1,3,7,10,17,15,10,25,0,0,0,700,692,1392,17,25,42,779,770
11,25,Dallas,1576,Dallas Center-Grimes,206,314,239,204,225,222,208,196,204,192,183,193,194,179,2753,2959,49,53,102,2,1,3,15,19,34,28,17,45,1,0,1,1427,1307,2734,18,22,40,1540,1419
15,29,Des Moines,1602,Danville,47,49,44,44,52,60,43,43,46,50,55,42,48,52,628,675,11,8,19,0,0,0,2,2,4,3,3,6,0,0,0,313,305,618,18,10,28,347,328
9,82,Scott,1611,Davenport,939,1111,1172,1237,1255,1162,1160,1179,1114,1122,1152,1179,1141,1200,15184,16123,1124,1124,2248,17,16,33,138,147,285,1574,1406,2980,9,8,17,4728,4370,9098,754,708,1462,8344,7779
15,26,Davis,1619,Davis County,72,92,97,105,97,99,110,89,82,80,94,75,102,95,1217,1289,10,15,25,4,4,8,1,3,4,2,3,5,1,0,1,580,652,1232,4,10,14,602,687
1,96,Winneshiek,1638,Decorah Community,99,140,101,119,115,101,132,137,126,124,152,133,128,159,1667,1766,31,32,63,1,2,3,11,12,23,9,1,10,0,0,0,834,790,1624,19,24,43,905,861
9,23,Clinton,1675,Delwood,24,25,16,20,19,28,19,13,0,0,0,0,0,0,140,164,0,5,5,0,0,0,0,0,0,2,2,4,0,1,1,73,73,146,5,3,8,80,84
12,24,Crawford,1701,Denison,128,159,158,149,153,142,146,163,138,172,183,181,164,190,2098,2226,737,641,1378,0,3,3,21,20,41,48,36,84,1,0,1,359,348,707,5,7,12,1171,1055
7,9,Bremer,1719,Denver,51,63,49,59,61,58,67,56,67,51,55,48,57,59,750,801,3,3,6,0,0,0,1,3,4,5,7,12,0,0,0,414,364,778,0,1,1,423,378
11,77,Polk,1737,Des Moines Independent,1956,2499,2571,2672,2664,2597,2443,2385,2201,2242,2298,2344,2228,2465,31609,33565,4278,4061,8339,93,72,165,1401,1223,2624,3077,3051,6128,27,23,50,7309,6769,14078,1053,1128,2181,17238,16327
13,80,Ringgold,1782,Diagonal,16,11,5,5,7,8,13,5,6,8,10,9,13,5,105,121,0,2,2,1,0,1,0,0,0,1,1,2,0,0,0,57,58,115,1,0,1,60,61
7,38,Grundy,1791,Dike-New Hartford,78,86,69,65,76,68,59,64,67,67,68,60,77,62,888,966,11,7,18,0,0,0,6,4,10,8,4,12,0,0,0,467,444,911,9,6,15,501,465
1,31,Dubuque,1863,Dubuque,842,736,780,859,837,714,776,762,843,793,818,820,845,836,10419,11261,218,226,444,4,8,12,79,82,161,436,420,856,108,98,206,4687,4382,9069,260,253,513,5792,5469
7,7,Black Hawk,1908,Dunkerton,35,33,21,35,37,33,29,40,36,33,32,43,33,37,442,477,4,2,6,0,0,0,1,0,1,1,2,3,0,0,0,208,230,438,14,15,29,228,249
13,43,Harrison,1917,Boyer Valley,31,39,28,36,33,32,29,34,40,34,35,40,39,28,447,478,19,11,30,0,0,0,0,0,0,1,0,1,0,0,0,219,212,431,8,8,16,247,231
9,16,Cedar,1926,Durant,47,45,45,41,49,48,48,58,52,51,51,55,53,63,659,706,10,8,18,1,1,2,1,1,2,0,3,3,0,0,0,348,323,671,1,9,10,361,345
5,99,Wright,1944,Eagle Grove,48,80,62,67,72,73,60,56,56,65,56,53,66,58,824,872,100,114,214,0,1,1,0,0,0,3,3,6,0,0,0,316,321,637,5,9,14,424,448
11,61,Madison,1953,Earlham,33,42,43,53,30,44,32,53,43,54,46,60,49,48,597,630,7,3,10,0,0,0,1,2,3,7,3,10,0,0,0,328,276,604,2,1,3,345,285
7,10,Buchanan,1963,East Buchanan,61,55,33,43,39,51,39,34,48,41,37,48,39,42,549,610,7,2,9,0,0,0,0,1,1,0,0,0,0,0,0,297,287,584,8,8,16,312,298
9,49,Jackson,1965,Easton Valley,34,22,35,31,27,39,36,39,36,32,40,38,45,38,458,492,7,6,13,2,1,3,0,0,0,2,2,4,2,0,2,264,202,466,2,2,4,279,213
7,64,Marshall,1968,East Marshall,47,69,61,59,74,57,64,70,54,58,71,74,72,73,856,903,23,27,50,2,3,5,3,1,4,3,6,9,0,0,0,407,401,808,16,11,27,454,449
13,88,Union,1970,East Union,46,31,30,41,35,41,32,38,43,34,29,35,41,40,470,516,9,13,22,0,0,0,0,0,0,4,0,4,0,0,0,245,231,476,10,4,14,268,248
1,3,Allamakee,1972,Eastern Allamakee,25,21,18,25,23,22,23,33,20,40,27,27,38,27,344,369,3,8,11,3,0,3,1,0,1,1,0,1,1,0,1,195,150,345,2,5,7,206,163
12,97,Woodbury,1975,River Valley,51,37,27,36,35,30,32,29,40,29,35,32,26,27,415,466,8,7,15,1,0,1,2,0,2,0,0,0,0,0,0,232,209,441,3,4,7,246,220
1,28,Delaware,1989,Edgewood-Colesburg,23,43,36,37,40,34,34,51,41,37,39,42,38,43,515,538,9,6,15,0,0,0,2,0,2,1,1,2,0,0,0,266,245,511,6,2,8,284,254
7,42,Hardin,2007,Eldora-New Providence,35,45,53,45,32,46,40,0,0,0,76,65,81,65,548,583,10,14,24,1,1,2,2,3,5,2,1,3,0,0,0,278,249,527,14,8,22,307,276
5,74,Palo Alto,2088,Emmetsburg,47,67,47,51,47,69,62,55,61,61,57,64,66,62,769,816,21,13,34,4,4,8,8,4,12,8,10,18,0,0,0,402,330,732,6,6,12,449,367
10,48,Iowa,2097,English Valleys,64,29,33,26,33,33,37,45,24,36,41,27,37,37,438,502,4,3,7,1,0,1,1,0,1,3,2,5,0,0,0,233,254,487,1,0,1,243,259
13,73,Page,2113,Essex,19,13,14,17,14,15,16,15,19,14,19,20,27,17,220,239,3,3,6,0,1,1,0,0,0,0,2,2,0,0,0,108,115,223,5,2,7,116,123
5,32,Emmet,2124,Estherville Lincoln,87,119,103,101,103,101,102,114,94,95,87,113,99,92,1323,1410,151,141,292,2,0,2,5,6,11,9,11,20,0,0,0,534,518,1052,19,14,33,720,690
11,83,Shelby,2151,Exira-Elk Horn-,37,30,26,22,23,22,29,25,22,36,21,27,45,23,351,388,0,0,0,0,0,0,0,1,1,2,3,5,0,0,0,206,172,378,2,2,4,210,178
15,51,Jefferson,2169,Fairfield,67,132,123,131,113,132,139,118,135,130,126,129,127,140,1675,1742,65,37,102,0,4,4,19,18,37,20,23,43,0,0,0,781,740,1521,21,14,35,906,836
13,36,Fremont,2205,Farragut,0,0,0,0,0,0,0,0,23,21,24,19,17,26,130,130,4,2,6,0,0,0,2,0,2,1,1,2,1,0,1,66,53,119,0,0,0,74,56
7,95,Winnebago,2295,Forest City,60,86,83,68,72,87,74,81,86,96,99,103,92,77,1104,1164,29,27,56,3,0,3,4,11,15,14,12,26,1,2,3,533,501,1034,13,14,27,597,567
5,94,Webster,2313,Fort Dodge,254,320,272,299,276,263,279,278,261,282,261,288,286,318,3683,3937,197,202,399,9,3,12,18,8,26,157,156,313,0,4,4,1556,1399,2955,128,100,228,2065,1872
15,56,Lee,2322,Fort Madison,88,200,142,130,148,139,145,151,140,144,158,138,159,181,1975,2063,91,91,182,3,2,5,4,3,7,31,29,60,2,0,2,852,846,1698,50,59,109,1033,1030
13,36,Fremont,2369,Fremont-Mills,45,39,37,39,37,37,27,29,33,36,35,33,35,36,453,498,11,12,23,0,0,0,1,0,1,4,0,4,1,0,1,228,234,462,4,3,7,249,249
12,47,Ida,2376,Galva-Holstein,23,52,30,35,34,41,27,0,0,0,49,55,43,66,432,455,26,19,45,0,1,1,0,0,0,0,0,0,0,0,0,225,179,404,3,2,5,254,201
7,41,Hancock,2403,Garner-Hayfield-Ventura,75,73,68,73,83,71,84,71,71,73,81,89,83,92,1012,1087,21,27,48,0,2,2,1,1,2,5,8,13,0,0,0,524,476,1000,9,13,22,560,527
12,60,Lyon,2457,George-Little Rock,26,35,31,21,26,39,36,31,33,32,39,36,39,42,440,466,10,4,14,0,0,0,4,2,6,0,1,1,7,5,12,234,195,429,3,1,4,258,208
11,85,Story,2466,Gilbert,64,107,111,106,97,116,112,122,118,104,116,110,111,98,1428,1492,24,20,44,3,1,4,21,23,44,7,13,20,0,0,0,705,615,1320,31,29,60,791,701
5,46,Humboldt,2493,Gilmore City-Bradgate,24,10,8,5,6,7,4,3,0,0,0,0,0,0,43,67,0,1,1,0,0,0,0,0,0,0,0,0,0,0,0,33,33,66,0,0,0,33,34
7,38,Grundy,2502,Gladbrook-Reinbeck,5,30,34,37,33,30,35,30,32,31,46,43,38,42,461,466,6,4,10,0,0,0,0,2,2,0,0,0,0,0,0,224,221,445,4,5,9,234,232
13,65,Mills,2511,Glenwood,98,156,148,153,129,139,163,142,157,157,178,147,156,163,1988,2086,47,29,76,3,9,12,5,8,13,10,12,22,0,2,2,1006,927,1933,15,13,28,1086,1000
11,14,Carroll,2520,Glidden-Ralston,23,30,20,27,22,21,17,23,17,25,29,19,29,32,311,334,4,3,7,0,1,1,0,0,0,0,0,0,0,0,0,171,155,326,0,0,0,175,159
5,74,Palo Alto,2556,Graettinger-Terril,54,30,29,28,24,25,27,18,26,22,30,19,30,22,330,384,9,6,15,1,0,1,0,0,0,0,2,2,1,0,1,196,168,364,1,0,1,208,176
13,1,Adair,2673,Nodaway Valley,35,42,44,51,47,56,45,54,60,51,63,35,51,48,647,682,8,7,15,1,3,4,3,1,4,2,1,3,0,0,0,300,341,641,4,11,15,318,364
7,86,Tama,2682,GMG,27,44,39,43,43,46,43,42,37,43,44,34,45,29,532,559,13,14,27,0,3,3,5,4,9,7,2,9,0,0,0,267,244,511,0,0,0,292,267
7,79,Poweshiek,2709,Grinnell-Newburg,133,134,122,133,113,118,122,118,114,122,139,153,113,117,1618,1751,37,19,56,3,3,6,9,13,22,14,12,26,1,0,1,809,764,1573,37,30,67,910,841
13,15,Cass,2718,Griswold,40,30,32,37,45,39,30,43,37,28,44,46,46,33,490,530,8,15,23,0,1,1,1,0,1,1,1,2,0,0,0,247,252,499,1,3,4,258,272
7,38,Grundy,2727,Grundy Center,39,68,46,57,54,63,51,53,47,50,52,48,48,53,690,729,5,2,7,1,1,2,0,0,0,2,1,3,2,3,5,369,326,695,7,10,17,386,343
11,39,Guthrie,2754,Guthrie Center,32,40,31,34,39,40,41,40,43,34,37,46,43,33,501,533,14,13,27,1,0,1,2,1,3,1,1,2,0,0,0,251,248,499,1,0,1,270,263
1,22,Clayton,2763,Clayton Ridge,36,50,50,50,62,47,53,52,57,81,79,94,92,79,846,882,24,25,49,4,3,7,1,0,1,15,14,29,1,1,2,403,389,792,1,1,2,449,433
10,48,Iowa,2766,H-L-V,47,31,25,30,21,33,25,20,26,26,25,23,25,32,342,389,3,2,5,0,0,0,1,0,1,3,2,5,0,0,0,197,179,376,0,2,2,204,185
13,36,Fremont,2772,Hamburg,26,26,24,27,24,25,33,23,0,0,0,0,0,0,182,208,5,8,13,0,0,0,0,0,0,0,2,2,0,0,0,91,100,191,1,1,2,97,111
7,35,Franklin,2781,Hampton-Dumont,62,94,88,95,100,84,84,104,76,89,109,73,82,94,1172,1234,242,212,454,4,3,7,4,3,7,9,6,15,1,0,1,400,342,742,4,4,8,664,570
13,83,Shelby,2826,Harlan,65,103,93,107,104,94,107,108,149,122,113,143,130,139,1512,1577,45,31,76,2,4,6,3,1,4,8,7,15,2,0,2,772,694,1466,6,2,8,838,739
15,89,Van Buren,2834,Harmony,49,21,15,21,20,31,20,20,16,21,15,22,15,17,254,303,1,1,2,3,0,3,0,1,1,0,2,2,0,0,0,161,124,285,6,4,10,171,132
5,30,Dickinson,2846,Harris-Lake Park,20,35,24,19,33,33,24,25,37,25,26,20,32,24,357,377,11,6,17,0,0,0,0,1,1,0,1,1,0,0,0,197,153,350,4,4,8,212,165
12,71,O'Brien,2862,Hartley-Melvin-Sanborn,24,67,54,44,49,61,56,39,50,44,47,35,48,49,643,667,38,34,72,1,1,2,1,1,2,3,4,7,0,0,0,300,274,574,2,8,10,345,322
10,92,Washington,2977,Highland,59,37,43,49,48,53,48,55,48,50,48,50,62,48,639,698,35,13,48,0,1,1,0,0,0,4,1,5,0,0,0,339,292,631,7,6,13,385,313
12,75,Plymouth,2988,Hinton,41,75,51,53,69,51,59,68,50,53,58,50,58,58,753,794,8,12,20,0,0,0,5,2,7,3,2,5,0,0,0,379,365,744,10,8,18,405,389
1,45,Howard,3029,Howard-Winneshiek,65,86,61,74,79,58,86,79,76,102,93,101,110,97,1102,1167,15,18,33,2,1,3,2,3,5,1,2,3,0,0,0,581,515,1096,16,11,27,617,550
7,42,Hardin,3033,Hubbard-Radcliffe,27,36,22,26,40,20,29,67,69,63,0,0,0,1,373,400,11,8,19,0,0,0,2,2,4,5,2,7,0,1,1,181,176,357,7,5,12,206,194
7,7,Black Hawk,3042,Hudson,0,49,56,60,66,63,46,59,66,51,44,47,38,60,705,705,14,11,25,0,0,0,1,4,5,2,1,3,0,0,0,332,315,647,10,15,25,359,346
5,46,Humboldt,3060,Humboldt,66,111,80,85,86,94,105,109,119,120,119,116,118,110,1372,1438,59,67,126,2,2,4,4,9,13,9,5,14,2,0,2,623,616,1239,20,20,40,719,719
7,10,Buchanan,3105,Independence,90,103,98,102,104,92,97,99,98,112,127,121,124,108,1385,1475,20,8,28,0,1,1,4,4,8,12,2,14,1,0,1,748,659,1407,6,10,16,791,684
11,91,Warren,3114,Indianola,110,260,269,263,273,259,247,259,306,256,284,280,278,289,3523,3633,55,69,124,0,0,0,17,23,40,37,14,51,2,2,4,1709,1600,3309,57,48,105,1877,1756
11,61,Madison,3119,Interstate 35,52,62,49,59,64,70,64,59,54,63,73,71,56,66,810,862,5,11,16,0,0,0,0,2,2,3,4,7,0,0,0,446,382,828,3,6,9,457,405
10,52,Johnson,3141,Iowa City,449,1171,1064,1132,1072,1061,968,1039,964,945,977,951,925,948,13217,13666,775,748,1523,19,19,38,419,429,848,1295,1182,2477,4,5,9,4148,3971,8119,368,284,652,7028,6638
7,42,Hardin,3150,Iowa Falls,53,108,88,76,79,88,75,2,100,108,103,108,107,99,1141,1194,41,48,89,1,3,4,2,5,7,3,11,14,1,1,2,534,520,1054,15,9,24,597,597
10,48,Iowa,3154,Iowa Valley,72,39,37,42,37,39,37,43,37,47,36,32,30,40,496,568,17,15,32,0,0,0,1,2,3,5,3,8,0,0,0,261,255,516,5,4,9,289,279
13,24,Crawford,3168,IKM-Manning,40,54,54,38,41,46,46,56,45,44,59,46,57,55,641,681,12,7,19,1,0,1,2,0,2,5,2,7,0,0,0,327,324,651,1,0,1,348,333
7,9,Bremer,3186,Janesville Consolidated,49,31,36,20,31,20,24,25,26,22,26,30,21,27,339,388,1,2,3,0,0,0,0,1,1,1,0,1,0,0,0,189,185,374,3,6,9,194,194
5,37,Greene,3195,Greene County,97,114,77,84,96,100,85,87,104,91,85,116,111,105,1255,1352,41,42,83,0,0,0,7,5,12,1,2,3,2,0,2,643,569,1212,21,19,40,715,637
7,10,Buchanan,3204,Jesup,98,77,79,81,87,86,73,81,63,81,63,53,46,53,923,1021,10,7,17,2,0,2,0,0,0,1,0,1,0,0,0,489,485,974,12,15,27,514,507
11,77,Polk,3231,Johnston,297,528,527,480,502,504,517,538,554,514,535,514,523,511,6747,7044,188,191,379,4,1,5,238,226,464,201,160,361,3,1,4,2874,2635,5509,171,151,322,3679,3365
15,56,Lee,3312,Keokuk,102,125,147,143,161,136,116,126,125,136,135,151,146,150,1797,1899,44,34,78,3,1,4,3,8,11,49,39,88,1,0,1,830,774,1604,63,50,113,993,906
15,54,Keokuk,3330,Keota,38,30,23,26,30,30,18,12,26,28,18,24,16,17,298,336,5,7,12,0,0,0,1,0,1,1,1,2,0,0,0,172,144,316,4,1,5,183,153
12,75,Plymouth,3348,Kingsley-Pierson,0,40,29,32,29,30,43,26,41,26,40,40,35,49,460,460,7,6,13,0,0,0,0,1,1,2,2,4,2,1,3,212,219,431,3,5,8,226,234
11,63,Marion,3375,Knoxville,92,132,134,125,136,129,125,116,119,134,124,122,134,151,1681,1773,30,35,65,2,1,3,3,7,10,11,9,20,0,1,1,836,798,1634,19,21,40,901,872
7,95,Winnebago,3420,Lake Mills,36,57,55,51,59,61,49,45,59,53,44,56,59,52,700,736,24,34,58,0,0,0,0,0,0,4,4,8,0,0,0,330,328,658,7,5,12,365,371
13,27,Decatur,3465,Lamoni,35,35,19,24,23,26,31,28,28,25,19,29,16,14,317,352,9,7,16,0,0,0,2,0,2,7,2,9,0,1,1,166,145,311,4,9,13,188,164
5,76,Pocahontas,3537,Laurens-Marathon,19,17,25,18,24,20,27,14,13,23,20,16,18,24,259,278,11,12,23,0,0,0,1,1,2,8,2,10,1,0,1,125,115,240,1,1,2,147,131
12,97,Woodbury,3555,Lawton-Bronson,41,43,51,36,54,45,41,47,46,48,51,36,40,50,588,629,11,5,16,4,1,5,3,0,3,10,1,11,0,0,0,308,272,580,7,7,14,343,286
12,75,Plymouth,3600,Le Mars,94,155,161,172,160,157,134,147,171,162,159,162,153,162,2055,2149,135,114,249,2,8,10,9,3,12,9,2,11,6,4,10,956,844,1800,23,34,57,1140,1009
13,87,Taylor,3609,Lenox,26,55,30,47,36,34,40,46,27,34,33,36,37,28,483,509,63,52,115,3,0,3,1,2,3,1,0,1,0,0,0,197,181,378,8,1,9,273,236
13,78,Pottawattam,3645,Lewis Central,88,198,237,225,219,231,220,255,218,266,235,262,231,246,3043,3131,145,146,291,5,4,9,8,9,17,33,19,52,1,0,1,1330,1343,2673,48,40,88,1570,1561
10,16,Cedar,3691,North Cedar,52,50,51,52,38,56,52,50,56,57,68,60,69,70,729,781,12,9,21,0,2,2,1,2,3,7,5,12,0,0,0,361,374,735,4,4,8,385,396
10,57,Linn,3715,Linn-Mar,289,578,575,533,578,582,554,570,585,545,509,566,491,491,7157,7446,127,156,283,8,5,13,220,214,434,167,189,356,5,3,8,3089,2986,6075,153,124,277,3769,3677
10,57,Linn,3744,Lisbon,39,59,47,56,56,53,51,37,55,39,44,54,50,39,640,679,5,8,13,1,1,2,0,2,2,5,1,6,1,0,1,329,312,641,5,9,14,346,333
13,43,Harrison,3798,Logan-Magnolia,42,54,55,52,47,47,46,43,46,55,55,59,45,43,647,689,4,9,13,0,2,2,2,6,8,1,0,1,0,0,0,354,301,655,6,4,10,367,322
10,52,Johnson,3816,Lone Tree,52,33,25,38,40,26,41,44,41,32,37,35,31,28,451,503,21,23,44,0,0,0,0,0,0,1,1,2,0,0,0,243,205,448,4,5,9,269,234
9,58,Louisa,3841,Louisa-Muscatine,63,61,55,61,64,60,59,65,61,72,71,71,54,67,821,884,42,42,84,2,2,4,3,3,6,4,3,7,1,0,1,398,382,780,2,0,2,452,432
5,55,Kossuth,3897,LuVerne,14,12,9,7,10,6,18,9,0,0,0,0,0,0,71,85,3,5,8,0,0,0,0,0,0,0,0,0,0,0,0,31,45,76,0,1,1,34,51
11,50,Jasper,3906,Lynnville-Sully,45,38,33,34,33,36,46,35,43,28,39,36,39,32,472,517,2,3,5,3,1,4,0,0,0,4,2,6,0,0,0,267,233,500,2,0,2,278,239
11,8,Boone,3942,Madrid,46,62,43,51,44,65,47,43,69,48,52,50,58,57,689,735,9,5,14,1,0,1,1,0,1,2,3,5,0,0,0,383,321,704,3,7,10,399,336
13,65,Mills,3978,East Mills,19,30,26,29,38,40,38,31,37,33,39,26,44,43,454,473,6,3,9,0,0,0,1,0,1,5,3,8,0,0,0,227,226,453,0,2,2,239,234
5,13,Calhoun,4023,Manson Northwest Webster,74,50,49,43,62,52,53,60,54,60,65,69,53,67,737,811,15,7,22,0,0,0,0,1,1,5,1,6,0,0,0,407,360,767,11,4,15,438,373
12,67,Monona,4033,Maple Valley-Anthon Oto,26,57,43,47,45,57,45,38,33,50,45,48,49,47,604,630,11,7,18,3,5,8,1,1,2,3,8,11,0,0,0,307,269,576,9,6,15,334,296
9,49,Jackson,4041,Maquoketa,119,94,78,82,99,83,91,80,109,122,147,119,140,121,1365,1484,24,19,43,1,1,2,4,5,9,13,12,25,27,23,50,692,617,1309,27,19,46,788,696
1,28,Delaware,4043,Maquoketa Valley,37,62,56,55,46,46,46,49,62,45,53,55,51,64,690,727,5,8,13,0,0,0,2,2,4,7,6,13,0,0,0,324,366,690,1,6,7,339,388
12,18,Cherokee,4068,Marcus-Meriden-Cleghorn,24,42,41,32,27,28,31,29,25,22,22,28,19,30,376,400,11,12,23,1,2,3,0,3,3,1,2,3,0,0,0,163,189,352,7,9,16,183,217
10,57,Linn,4086,Marion Independent,90,191,176,161,135,158,163,153,171,149,155,183,153,149,2097,2187,51,36,87,3,0,3,4,11,15,33,29,62,2,2,4,959,938,1897,63,56,119,1115,1072
7,64,Marshall,4104,Marshalltown,195,364,404,414,365,379,361,353,359,363,341,384,328,365,4780,4975,1310,1264,2574,17,12,29,118,115,233,81,67,148,1,4,5,1006,864,1870,63,53,116,2596,2379
11,91,Warren,4122,Martensdale-St Marys,15,54,35,35,32,53,34,44,48,43,47,47,45,44,561,576,13,6,19,1,0,1,0,0,0,3,3,6,0,0,0,300,243,543,2,5,7,319,257
7,17,Cerro Gordo,4131,Mason City,275,262,305,331,301,313,273,293,273,281,276,281,258,285,3732,4007,211,165,376,3,9,12,19,27,46,145,103,248,1,4,5,1626,1625,3251,35,34,69,2040,1967
12,84,Sioux,4149,MOC-Floyd Valley,74,132,112,121,90,117,110,103,81,102,97,106,117,116,1404,1478,121,124,245,3,1,4,8,9,17,9,5,14,2,2,4,587,582,1169,10,15,25,740,738
15,29,Des Moines,4203,Mediapolis,12,84,72,69,62,66,55,57,54,53,73,68,64,80,857,869,12,11,23,0,1,1,1,2,3,5,1,6,0,0,0,429,384,813,14,9,23,461,408
11,63,Marion,4212,Melcher-Dallas,41,32,33,35,34,18,29,28,26,21,18,23,22,19,338,379,2,9,11,0,0,0,1,1,2,6,3,9,0,0,0,195,162,357,0,0,0,204,175
10,53,Jones,4269,Midland,32,36,37,32,43,34,40,31,36,34,47,35,29,31,465,497,7,2,9,2,2,4,0,0,0,6,4,10,0,0,0,235,234,469,2,3,5,252,245
10,92,Washington,4271,Mid-Prairie,111,108,108,103,101,102,101,108,100,94,82,84,93,97,1281,1392,33,27,60,1,2,3,3,4,7,12,2,14,0,0,0,652,615,1267,22,19,41,723,669
13,43,Harrison,4356,Missouri Valley,53,49,61,55,66,62,59,56,77,54,59,78,57,68,801,854,18,16,34,3,0,3,3,3,6,2,1,3,0,0,0,398,398,796,7,5,12,431,423
1,22,Clayton,4419,MFL MarMac,43,81,64,71,59,65,56,54,51,44,66,45,53,69,778,821,3,9,12,0,1,1,0,0,0,2,1,3,0,0,0,404,383,787,12,6,18,421,400
7,79,Poweshiek,4437,Montezuma,26,53,24,40,40,33,34,41,34,36,43,41,54,25,498,524,7,11,18,2,1,3,0,3,3,3,2,5,0,0,0,242,244,486,1,8,9,255,269
10,53,Jones,4446,Monticello,71,75,69,76,62,73,98,87,98,91,87,98,78,96,1088,1159,18,15,33,1,1,2,3,3,6,8,11,19,0,0,0,540,539,1079,8,12,20,578,581
15,4,Appanoose,4491,Moravia,22,27,25,27,24,28,31,23,34,27,31,25,32,28,362,384,0,3,3,0,0,0,1,0,1,3,3,6,1,0,1,181,189,370,2,1,3,188,196
13,93,Wayne,4505,Mormon Trail,25,26,16,14,16,17,19,18,16,15,18,18,16,15,224,249,1,1,2,0,0,0,1,0,1,0,0,0,0,0,0,119,119,238,3,5,8,124,125
15,58,Louisa,4509,Morning Sun,17,13,17,23,17,13,17,13,0,0,0,0,0,0,113,130,0,3,3,0,0,0,0,0,0,0,0,0,0,0,0,75,47,122,3,2,5,78,52
15,4,Appanoose,4518,Moulton-Udell,28,23,13,18,16,18,13,13,18,10,11,13,21,21,208,236,0,2,2,0,0,0,0,0,0,1,0,1,0,0,0,118,109,227,4,2,6,123,113
13,80,Ringgold,4527,Mount Ayr,44,48,49,52,57,45,58,40,54,53,50,48,37,39,630,674,6,4,10,1,0,1,1,4,5,4,4,8,3,1,4,347,299,646,0,0,0,362,312
15,44,Henry,4536,Mount Pleasant,167,173,120,153,150,138,157,126,156,150,167,158,184,176,2008,2175,107,115,222,0,0,0,37,62,99,34,45,79,1,1,2,863,844,1707,34,32,66,1076,1099
10,57,Linn,4554,Mount Vernon,64,80,98,111,94,96,106,89,97,107,102,92,109,111,1292,1356,18,14,32,0,0,0,11,4,15,4,4,8,0,0,0,652,620,1272,18,11,29,703,653
13,20,Clarke,4572,Murray,23,29,16,18,25,25,30,22,28,19,32,26,26,27,323,346,3,12,15,0,0,0,0,0,0,0,2,2,0,0,0,163,164,327,0,2,2,166,180
9,70,Muscatine,4581,Muscatine,329,364,365,409,382,400,381,366,418,393,380,387,384,362,4991,5320,709,708,1417,10,16,26,30,21,51,98,94,192,2,3,5,1758,1715,3473,82,74,156,2689,2631
7,9,Bremer,4599,Nashua-Plainfield,34,63,31,52,50,42,41,46,50,39,46,62,33,52,607,641,0,2,2,1,1,2,0,0,0,3,2,5,0,0,0,314,300,614,11,7,18,329,312
11,85,Story,4617,Nevada,100,157,111,124,116,119,117,114,125,99,125,116,115,110,1548,1648,67,52,119,1,1,2,12,9,21,18,16,34,1,0,1,750,669,1419,26,26,52,875,773
5,11,Buena Vista,4644,Newell-Fonda,37,46,28,31,42,33,46,42,28,28,29,54,29,37,473,510,44,48,92,1,1,2,0,0,0,2,4,6,0,1,1,213,188,401,5,3,8,265,245
1,19,Chickasaw,4662,New Hampton,98,84,70,65,66,77,79,58,73,65,101,88,82,87,995,1093,24,15,39,0,0,0,3,2,5,13,1,14,0,0,0,500,525,1025,5,5,10,545,548
15,44,Henry,4689,New London,24,40,42,34,37,28,46,40,36,42,37,43,36,48,509,533,6,4,10,1,1,2,2,2,4,18,8,26,0,0,0,268,220,488,3,0,3,298,235
11,50,Jasper,4725,Newton,138,205,199,217,221,222,227,210,224,230,228,229,201,208,2821,2959,50,58,108,9,0,9,14,6,20,27,33,60,1,2,3,1336,1298,2634,60,65,125,1497,1462
7,98,Worth,4772,Central Springs,75,54,58,60,56,55,49,72,44,53,59,54,64,59,737,812,10,6,16,1,0,1,0,0,0,9,10,19,0,0,0,382,378,760,7,9,16,409,403
9,23,Clinton,4773,Northeast,37,72,57,48,60,65,51,55,65,68,69,81,79,78,848,885,14,15,29,0,0,0,0,1,1,3,3,6,0,0,0,425,408,833,10,6,16,452,433
1,33,Fayette,4774,North Fayette,49,76,56,60,57,53,59,48,0,0,84,99,90,80,762,811,7,14,21,0,0,0,2,4,6,5,4,9,3,0,3,398,348,746,12,14,26,427,384
5,40,Hamilton,4775,Northeast Hamilton,23,16,12,15,12,14,7,15,0,0,0,0,0,0,91,114,3,3,6,0,0,0,0,0,0,0,0,0,0,0,0,51,55,106,1,1,2,55,59
15,62,Mahaska,4776,North Mahaska,45,38,35,39,48,29,39,36,32,40,33,46,59,42,516,561,0,1,1,0,2,2,0,1,1,1,0,1,0,0,0,282,273,555,1,0,1,284,277
10,57,Linn,4777,North Linn,31,37,39,50,38,42,47,55,56,50,57,43,53,46,613,644,2,3,5,0,0,0,2,0,2,1,1,2,0,0,0,313,317,630,3,2,5,321,323
5,55,Kossuth,4778,North Kossuth,39,30,17,15,21,26,18,49,50,51,0,0,0,0,277,316,7,5,12,0,1,1,0,0,0,1,3,4,1,0,1,151,141,292,3,3,6,163,153
11,77,Polk,4779,North Polk,111,121,120,132,141,123,126,105,131,99,121,107,95,89,1510,1621,14,13,27,0,0,0,3,5,8,1,3,4,1,1,2,827,725,1552,9,19,28,855,766
9,82,Scott,4784,North Scott,180,278,237,227,231,238,247,228,244,240,241,243,229,242,3125,3305,83,66,149,4,6,10,15,11,26,38,35,73,0,0,0,1546,1411,2957,39,51,90,1725,1580
7,86,Tama,4785,North Tama County,0,26,33,27,34,38,32,36,40,40,35,35,37,40,453,453,3,7,10,0,0,0,2,1,3,0,3,3,0,0,0,232,192,424,11,2,13,248,205
1,96,Winneshiek,4787,North Winneshiek,10,11,10,18,9,18,13,13,10,11,1,0,0,1,115,125,1,2,3,0,0,0,0,0,0,0,0,0,0,1,1,66,55,121,0,0,0,67,58
7,98,Worth,4788,Northwood-Kensett,70,35,36,42,45,41,33,39,43,36,32,45,42,52,521,591,11,20,31,1,0,1,1,0,1,5,6,11,0,0,0,267,271,538,5,4,9,290,301
11,91,Warren,4797,Norwalk,143,203,209,215,190,222,232,210,169,219,205,213,192,224,2703,2846,56,62,118,3,5,8,12,24,36,12,22,34,0,1,1,1346,1225,2571,43,35,78,1472,1374
5,81,Sac,4860,Odebolt-Arthur,16,25,25,17,25,29,32,69,78,90,0,0,0,0,390,406,2,1,3,1,0,1,0,0,0,0,0,0,2,0,2,201,194,395,3,2,5,209,197
1,33,Fayette,4869,Oelwein,124,105,81,89,97,103,94,81,100,91,104,77,102,98,1222,1346,39,42,81,0,4,4,3,1,4,13,7,20,0,0,0,608,551,1159,40,38,78,703,643
11,8,Boone,4878,Ogden,57,59,41,56,50,61,44,46,55,61,60,63,65,53,714,771,5,6,11,0,0,0,0,1,1,0,2,2,0,0,0,397,351,748,3,6,9,405,366
5,30,Dickinson,4890,Okoboji,73,81,81,77,75,75,79,81,63,69,73,59,59,67,939,1012,27,19,46,0,0,0,4,3,7,4,2,6,0,0,0,492,434,926,17,10,27,544,468
10,53,Jones,4905,Olin Consolidated,15,9,6,16,16,15,8,11,0,0,0,0,0,0,81,96,2,0,2,0,0,0,0,0,0,4,5,9,0,0,0,39,46,85,0,0,0,45,51
13,1,Adair,4978,Orient-Macksburg,14,10,18,11,9,14,10,9,10,10,15,12,16,12,156,170,1,2,3,0,0,0,0,0,0,0,0,0,0,0,0,92,68,160,6,1,7,99,71
7,66,Mitchell,4995,Osage,53,91,59,79,65,67,77,64,64,74,72,77,84,77,950,1003,7,10,17,0,1,1,0,0,0,4,4,8,0,0,0,499,467,966,5,6,11,515,488
15,62,Mahaska,5013,Oskaloosa,161,182,190,177,155,174,162,169,200,162,169,186,187,163,2276,2437,38,38,76,4,2,6,23,33,56,28,26,54,1,0,1,1119,1038,2157,58,29,87,1271,1166
15,90,Wapello,5049,Ottumwa,298,325,357,347,396,323,349,333,318,327,325,317,287,339,4343,4641,508,568,1076,19,18,37,34,24,58,142,135,277,17,22,39,1607,1458,3065,43,46,89,2370,2271
11,39,Guthrie,5121,Panorama,32,53,49,44,39,53,47,68,64,57,57,58,50,70,709,741,13,11,24,0,0,0,1,1,2,1,1,2,0,0,0,350,348,698,11,4,15,376,365
5,37,Greene,5139,Paton-Churdan,23,17,20,21,16,10,13,18,14,15,20,12,9,14,199,222,4,1,5,0,0,0,0,0,0,0,0,0,0,0,0,107,100,207,3,7,10,114,108
11,50,Jasper,5160,PCM,97,98,90,90,82,76,80,68,90,89,98,69,76,74,1080,1177,15,11,26,0,0,0,2,2,4,0,2,2,0,1,1,601,528,1129,9,6,15,627,550
15,54,Keokuk,5163,Pekin,40,54,61,57,39,38,62,43,56,52,44,64,49,48,667,707,6,5,11,0,0,0,0,0,0,3,2,5,1,1,2,346,329,675,4,10,14,360,347
11,63,Marion,5166,Pella,117,192,160,191,160,173,175,152,174,162,159,159,183,176,2216,2333,23,27,50,0,3,3,47,31,78,15,25,40,0,0,0,1099,1032,2131,15,16,31,1199,1134
11,25,Dallas,5184,Perry,108,135,105,123,131,125,105,127,114,156,127,162,135,149,1694,1802,492,408,900,3,1,4,7,11,18,27,27,54,1,1,2,433,361,794,18,12,30,981,821
9,82,Scott,5250,Pleasant Valley,215,309,335,336,380,363,351,362,334,335,341,380,302,313,4441,4656,102,108,210,5,5,10,226,227,453,62,66,128,2,0,2,1885,1850,3735,71,47,118,2353,2303
11,63,Marion,5256,Pleasantville,45,57,36,52,52,55,48,55,50,58,62,69,48,56,698,743,14,14,28,2,1,3,2,4,6,4,3,7,0,0,0,370,325,695,3,1,4,395,348
5,76,Pocahontas,5283,Pocahontas Area,51,56,31,42,45,36,49,57,54,53,63,50,65,72,673,724,20,17,37,0,1,1,0,0,0,6,8,14,0,0,0,318,330,648,15,9,24,359,365
1,3,Allamakee,5310,Postville,20,53,62,51,69,55,49,58,50,37,35,48,57,35,659,679,172,172,344,1,3,4,1,1,2,33,30,63,0,0,0,136,117,253,8,5,13,351,328
5,94,Webster,5325,Prairie Valley,40,40,48,46,40,36,0,0,0,0,94,73,91,82,550,590,12,13,25,0,0,0,1,2,3,5,3,8,0,0,0,285,258,543,8,3,11,311,279
13,69,Montgomery,5463,Red Oak,57,81,84,73,96,86,72,90,75,86,89,79,97,82,1090,1147,69,46,115,1,0,1,1,3,4,1,2,3,0,0,0,518,488,1006,8,10,18,598,549
12,75,Plymouth,5486,Remsen-Union,25,38,26,23,34,26,27,19,24,21,19,24,30,25,336,361,8,10,18,0,0,0,0,0,0,0,0,0,0,0,0,173,168,341,2,0,2,183,178
1,45,Howard,5508,Riceville,0,30,27,25,34,24,20,26,26,25,20,26,22,15,320,320,5,7,12,0,1,1,0,0,0,1,0,1,0,0,0,158,148,306,0,0,0,164,156
13,78,Pottawattam,5510,Riverside,48,61,49,55,41,51,50,29,48,48,37,44,40,49,602,650,20,19,39,0,0,0,0,2,2,1,0,1,1,2,3,326,273,599,0,6,6,348,302
12,84,Sioux,5607,Rock Valley,91,75,57,58,60,76,67,55,54,59,58,51,53,72,795,886,131,123,254,2,0,2,3,0,3,1,2,3,1,1,2,333,284,617,3,2,5,474,412
11,85,Story,5643,Roland-Story,58,86,79,75,87,91,79,74,83,79,103,84,76,69,1065,1123,23,32,55,1,1,2,2,1,3,2,3,5,0,0,0,530,496,1026,15,17,32,573,550
7,34,Floyd,5697,Rudd-Rockford-Marble Rk,27,28,20,30,36,30,28,33,39,32,46,49,45,41,457,484,6,3,9,1,1,2,0,0,0,5,6,11,0,0,0,225,227,452,5,5,10,242,242
5,74,Palo Alto,5724,Ruthven-Ayrshire,11,13,15,13,11,17,16,11,13,14,18,17,18,14,190,201,0,1,1,0,0,0,2,2,4,0,3,3,0,0,0,105,85,190,1,2,3,108,93
7,66,Mitchell,5751,St Ansgar,24,54,29,46,36,47,44,43,56,46,50,52,51,52,606,630,5,3,8,1,1,2,1,3,4,2,8,10,0,0,0,292,310,602,1,3,4,302,328
11,77,Polk,5805,Saydel,54,82,90,101,97,84,105,98,91,99,103,106,102,119,1277,1331,79,77,156,7,1,8,6,10,16,8,6,14,3,1,4,571,525,1096,21,16,37,695,636
5,81,Sac,5823,Schaller-Crestland,45,27,19,35,27,31,27,59,45,42,0,0,0,0,312,357,23,21,44,2,0,2,2,0,2,2,1,3,0,0,0,158,148,306,0,0,0,187,170
12,24,Crawford,5832,Schleswig,1,24,20,32,20,19,20,15,23,14,0,0,0,0,187,188,8,13,21,0,0,0,0,0,0,1,0,1,1,0,1,82,81,163,0,2,2,92,96
12,97,Woodbury,5877,Sergeant Bluff-Luton,99,135,103,120,140,115,130,129,129,133,123,119,123,121,1620,1719,46,49,95,9,16,25,17,26,43,19,17,36,1,0,1,770,708,1478,22,19,41,884,835
15,93,Wayne,5895,Seymour,17,15,24,25,21,25,29,19,23,22,18,16,20,14,271,288,0,0,0,0,0,0,0,0,0,1,0,1,0,0,0,148,131,279,3,5,8,152,136
7,17,Cerro Gordo,5922,West Fork CSD,47,68,43,48,56,46,48,49,51,41,49,51,46,54,650,697,13,12,25,0,1,1,1,1,2,5,2,7,0,1,1,348,304,652,5,4,9,372,325
12,71,O'Brien,5949,Sheldon,71,102,74,78,74,78,80,76,77,61,95,95,82,82,1054,1125,94,91,185,6,4,10,10,7,17,10,5,15,2,1,3,472,413,885,3,7,10,597,528
13,73,Page,5976,Shenandoah,46,101,84,83,80,83,59,78,74,72,73,71,80,86,1024,1070,30,32,62,2,4,6,2,3,5,5,7,12,0,1,1,507,465,972,6,6,12,552,518
12,72,Osceola,5994,Sibley-Ocheyedan,42,65,50,64,54,67,64,54,71,45,54,65,55,59,767,809,73,63,136,0,0,0,2,3,5,3,2,5,0,0,0,349,304,653,5,5,10,432,377
13,36,Fremont,6003,Sidney,53,34,33,18,23,23,27,25,32,35,37,30,42,32,391,444,13,12,25,0,0,0,0,1,1,3,0,3,0,0,0,211,188,399,6,10,16,233,211
15,54,Keokuk,6012,Sigourney,36,37,37,32,43,30,48,43,44,40,46,47,40,41,528,564,2,2,4,0,0,0,1,0,1,6,4,10,0,0,0,301,247,548,0,1,1,310,254
12,84,Sioux,6030,Sioux Center,137,135,98,99,92,103,101,81,78,81,104,93,78,71,1214,1351,205,191,396,5,10,15,7,6,13,6,5,11,0,0,0,468,426,894,12,10,22,703,648
5,11,Buena Vista,6035,Sioux Central,37,42,29,49,33,40,53,48,60,54,40,72,47,48,615,652,29,28,57,0,0,0,3,1,4,2,2,4,0,0,0,320,260,580,1,6,7,355,297
12,97,Woodbury,6039,Sioux City,862,1250,1159,1211,1146,1125,1047,1078,1043,981,1046,1086,1003,954,14129,14991,2438,2336,4774,223,217,440,272,247,519,435,375,810,19,15,34,4017,3702,7719,332,363,695,7736,7255
5,13,Calhoun,6091,South Central Calhoun,91,87,71,53,57,72,71,58,65,70,69,69,65,54,861,952,10,9,19,0,1,1,2,3,5,3,3,6,0,1,1,463,428,891,16,13,29,494,458
10,52,Johnson,6093,Solon,68,120,105,111,93,134,91,120,109,102,118,112,93,118,1426,1494,13,14,27,0,0,0,2,7,9,3,2,5,3,0,3,749,680,1429,12,9,21,782,712
11,91,Warren,6094,Southeast Warren,16,33,30,43,47,30,39,35,40,33,39,47,42,31,489,505,9,8,17,0,1,1,0,0,0,1,2,3,1,0,1,273,207,480,1,2,3,285,220
5,40,Hamilton,6095,South Hamilton,32,48,45,52,45,58,41,57,62,60,60,65,64,56,713,745,30,49,79,0,0,0,1,3,4,2,1,3,0,0,0,322,314,636,13,10,23,368,377
5,94,Webster,6096,Southeast Webster Grand,60,42,42,28,42,41,68,89,72,78,0,0,0,0,502,562,8,6,14,0,0,0,3,1,4,10,3,13,0,0,0,263,260,523,5,3,8,289,273
13,73,Page,6097,South Page,16,13,10,5,8,11,7,10,9,8,7,10,8,6,112,128,0,0,0,0,0,0,3,0,3,1,0,1,0,0,0,51,71,122,0,2,2,55,73
7,86,Tama,6098,South Tama County,99,109,104,115,107,119,106,110,116,103,119,121,98,107,1434,1533,257,245,502,84,77,161,4,3,7,6,3,9,1,1,2,379,428,807,19,26,45,750,783
12,71,O'Brien,6099,South O'Brien,31,54,39,39,38,44,47,40,48,46,37,55,53,51,591,622,21,15,36,0,0,0,2,2,4,8,4,12,0,0,0,296,260,556,7,7,14,334,288
1,96,Winneshiek,6100,South Winneshiek,61,30,23,30,29,29,38,36,25,32,50,55,60,57,494,555,14,10,24,1,0,1,0,0,0,0,0,0,0,0,0,282,244,526,3,1,4,300,255
11,77,Polk,6101,Southeast Polk,350,520,460,552,546,541,557,468,538,499,533,507,478,542,6741,7091,221,257,478,3,0,3,62,77,139,132,121,253,10,10,20,3025,2876,5901,142,155,297,3595,3496
5,21,Clay,6102,Spencer,152,153,138,144,144,156,148,149,151,146,156,152,143,154,1934,2086,84,84,168,3,4,7,8,5,13,14,12,26,0,0,0,946,911,1857,8,7,15,1063,1023
5,30,Dickinson,6120,Spirit Lake,54,111,87,76,92,71,115,74,78,86,106,105,130,115,1246,1300,17,18,35,3,3,6,6,4,10,7,3,10,0,0,0,656,547,1203,24,12,36,713,587
10,57,Linn,6138,Springville,31,20,21,23,24,23,26,32,34,26,27,30,35,31,352,383,3,4,7,0,0,0,5,1,6,5,3,8,2,1,3,178,177,355,2,2,4,195,188
13,69,Montgomery,6165,Stanton,19,24,14,15,21,18,18,14,20,18,19,15,28,15,239,258,0,1,1,0,0,0,0,1,1,1,0,1,0,0,0,138,115,253,0,2,2,139,119
1,33,Fayette,6175,Starmont,46,57,43,43,45,45,41,52,42,47,31,49,49,37,581,627,2,6,8,0,0,0,0,0,0,3,0,3,0,0,0,323,291,614,0,2,2,328,299
5,11,Buena Vista,6219,Storm Lake,175,254,172,187,148,161,194,174,177,166,173,156,163,240,2365,2540,692,647,1339,2,1,3,234,218,452,75,68,143,40,46,86,262,218,480,17,20,37,1322,1218
5,40,Hamilton,6246,Stratford,10,14,9,11,10,16,10,8,0,0,0,0,0,0,78,88,3,1,4,0,0,0,2,0,2,0,2,2,0,0,0,40,38,78,0,2,2,45,43
11,39,Guthrie,6264,West Central Valley,57,49,62,53,63,67,56,61,68,66,62,58,63,77,805,862,33,25,58,0,2,2,4,1,5,0,2,2,0,1,1,411,355,766,14,14,28,462,400
7,9,Bremer,6273,Sumner-Fredericksburg,56,70,44,78,80,65,59,62,61,56,77,49,64,61,826,882,18,11,29,0,0,0,0,2,2,4,2,6,0,0,0,422,407,829,5,11,16,449,433
10,16,Cedar,6408,Tipton,38,62,63,66,77,69,72,75,83,77,65,69,68,69,915,953,9,14,23,0,1,1,0,2,2,5,2,7,0,1,1,459,441,900,11,8,19,484,469
13,78,Pottawattam,6453,Treynor,0,76,61,56,59,67,72,65,68,57,64,50,66,50,811,811,3,4,7,0,1,1,1,1,2,3,1,4,0,1,1,391,404,795,1,0,1,399,412
13,78,Pottawattam,6460,Tri-Center,36,57,50,50,48,39,46,46,59,49,54,49,58,49,654,690,1,2,3,0,0,0,5,3,8,4,2,6,0,0,0,357,314,671,1,1,2,368,322
15,54,Keokuk,6462,Tri-County,18,23,19,20,13,18,25,14,17,18,14,23,22,20,246,264,1,2,3,1,1,2,0,0,0,1,2,3,0,0,0,128,128,256,0,0,0,131,133
7,9,Bremer,6471,Tripoli,25,21,30,32,22,28,42,24,38,38,31,39,35,42,422,447,7,5,12,1,0,1,0,1,1,0,1,1,0,0,0,210,211,421,7,4,11,225,222
1,96,Winneshiek,6509,Turkey Valley,20,22,24,22,30,22,26,22,21,38,23,34,37,24,345,365,5,4,9,0,0,0,0,0,0,2,0,2,0,0,0,181,168,349,4,1,5,192,173
11,63,Marion,6512,Twin Cedars,30,27,14,22,29,34,22,18,22,24,31,22,34,40,339,369,1,2,3,0,0,0,0,2,2,2,1,3,0,0,0,188,169,357,3,1,4,194,175
5,46,Humboldt,6516,Twin Rivers,15,11,7,8,8,8,5,0,0,0,0,0,0,0,47,62,7,3,10,0,0,0,0,0,0,1,0,1,0,0,0,22,27,49,0,2,2,30,32
13,78,Pottawattam,6534,Underwood,29,61,46,39,45,63,50,68,62,63,76,64,63,62,762,791,15,17,32,1,2,3,1,1,2,0,1,1,0,0,0,413,325,738,11,4,15,441,350
7,7,Black Hawk,6536,Union,62,74,71,78,75,89,61,93,81,108,101,95,109,86,1121,1183,20,16,36,1,1,2,1,4,5,5,3,8,0,0,0,606,497,1103,10,19,29,643,540
11,8,Boone,6561,United,74,46,51,32,35,29,39,11,0,0,0,0,0,0,243,317,11,14,25,0,0,0,2,2,4,3,5,8,0,0,0,121,151,272,4,4,8,141,176
11,77,Polk,6579,Urbandale,247,277,257,324,294,294,287,320,303,310,323,313,317,330,3949,4196,183,198,381,3,3,6,75,89,164,138,130,268,3,4,7,1664,1508,3172,103,95,198,2169,2027
1,33,Fayette,6591,Valley,35,32,25,27,26,26,32,27,80,79,0,0,0,0,354,389,7,7,14,0,0,0,0,1,1,1,1,2,0,0,0,199,167,366,1,5,6,208,181
15,89,Van Buren,6592,Van Buren,37,48,35,43,41,29,45,40,53,49,52,50,40,50,575,612,3,3,6,0,0,0,1,1,2,0,0,0,0,0,0,303,298,601,1,2,3,308,304
11,25,Dallas,6615,Van Meter,0,59,47,49,63,55,58,51,49,55,61,70,48,63,728,728,13,7,20,3,0,3,2,1,3,4,4,8,0,1,1,362,331,693,0,0,0,384,344
13,69,Montgomery,6651,Villisca,18,21,18,18,24,18,28,52,46,50,0,0,0,0,275,293,4,2,6,1,2,3,0,1,1,0,0,0,0,0,0,150,128,278,1,4,5,156,137
10,6,Benton,6660,Vinton-Shellsburg,75,122,97,101,98,122,121,120,110,116,111,117,114,146,1495,1570,8,20,28,1,1,2,1,2,3,7,8,15,0,0,0,747,732,1479,23,20,43,787,783
15,44,Henry,6700,Waco,43,28,38,40,35,30,36,28,29,42,33,30,33,24,426,469,11,14,25,0,3,3,7,2,9,1,6,7,0,0,0,226,187,413,3,9,12,248,221
5,81,Sac,6741,East Sac County,60,79,81,62,76,81,64,62,56,61,75,79,70,70,916,976,12,10,22,1,2,3,0,1,1,1,4,5,0,0,0,459,467,926,11,8,19,484,492
13,78,Pottawattam,6750,Walnut,10,11,15,7,10,11,8,8,0,0,1,0,0,1,72,82,0,0,0,0,0,0,0,1,1,1,0,1,0,0,0,41,39,80,0,0,0,42,40
15,58,Louisa,6759,Wapello,22,38,33,45,46,34,38,36,61,58,57,55,60,56,617,639,41,29,70,1,2,3,0,1,1,2,1,3,1,2,3,301,243,544,10,5,15,356,283
7,9,Bremer,6762,Wapsie Valley,50,51,55,63,56,63,57,60,52,57,48,49,47,53,711,761,8,5,13,0,0,0,0,2,2,0,0,0,0,0,0,397,344,741,1,4,5,406,355
10,92,Washington,6768,Washington,137,118,96,116,112,105,113,119,116,145,145,155,128,125,1593,1730,151,138,289,2,0,2,1,8,9,19,10,29,1,1,2,712,639,1351,27,21,48,913,817
7,7,Black Hawk,6795,Waterloo,615,872,871,875,902,826,779,774,736,724,882,814,781,654,10490,11105,650,579,1229,10,12,22,147,133,280,1458,1475,2933,80,68,148,2930,2729,5659,433,401,834,5708,5397
11,25,Dallas,6822,Waukee,120,849,869,783,819,773,721,682,705,644,636,596,537,553,9167,9287,222,219,441,9,13,22,318,318,636,165,140,305,4,2,6,3775,3722,7497,179,201,380,4672,4615
7,9,Bremer,6840,Waverly-Shell Rock,92,137,151,158,178,145,179,157,184,167,191,179,167,185,2178,2270,23,32,55,2,1,3,11,12,23,19,12,31,1,0,1,1101,995,2096,30,31,61,1187,1083
15,93,Wayne,6854,Wayne,36,52,45,44,47,42,38,46,41,46,38,47,37,25,548,584,1,7,8,1,2,3,2,0,2,2,3,5,1,0,1,264,298,562,3,0,3,274,310
5,40,Hamilton,6867,Webster City,109,131,104,115,117,127,111,115,136,125,137,118,160,145,1641,1750,133,142,275,1,2,3,45,46,91,0,3,3,0,0,0,710,608,1318,30,30,60,919,831
5,74,Palo Alto,6921,West Bend-Mallard,17,24,19,26,23,23,17,19,35,26,34,27,30,32,335,352,12,10,22,1,2,3,1,1,2,0,0,0,0,0,0,168,153,321,1,3,4,183,169
10,16,Cedar,6930,West Branch,56,54,66,59,56,52,59,54,64,64,67,66,55,60,776,832,29,17,46,0,0,0,1,1,2,3,2,5,0,3,3,368,376,744,15,17,32,416,416
15,29,Des Moines,6937,West Burlington Ind,36,73,73,74,79,64,79,62,75,52,86,63,75,65,920,956,27,21,48,1,2,3,5,13,18,40,36,76,1,0,1,354,379,733,36,41,77,464,492
1,33,Fayette,6943,West Central,20,23,23,19,20,18,21,22,16,19,20,18,20,31,270,290,7,4,11,1,0,1,1,2,3,0,0,0,0,0,0,122,151,273,2,0,2,133,157
1,28,Delaware,6950,West Delaware County,57,106,99,97,104,109,105,103,139,118,110,120,115,123,1448,1505,21,9,30,3,5,8,3,4,7,11,16,27,2,0,2,741,670,1411,11,9,20,792,713
11,77,Polk,6957,West Des Moines,466,647,651,658,652,647,660,639,710,721,694,759,717,649,8804,9270,628,551,1179,13,17,30,353,362,715,350,316,666,3,1,4,3268,2970,6238,233,205,438,4848,4422
1,31,Dubuque,6961,Western Dubuque,297,281,192,203,211,233,232,205,234,234,290,324,314,225,3178,3475,64,73,137,0,1,1,6,4,10,24,22,46,0,0,0,1665,1552,3217,27,37,64,1786,1689
13,43,Harrison,6969,West Harrison,18,12,22,25,18,19,16,24,28,27,23,28,30,25,297,315,1,3,4,3,1,4,0,0,0,0,1,1,0,0,0,167,139,306,0,0,0,171,144
9,70,Muscatine,6975,West Liberty,82,125,114,91,79,89,75,97,80,91,101,108,94,75,1219,1301,336,393,729,0,1,1,10,11,21,2,2,4,0,0,0,283,250,533,6,7,13,637,664
12,60,Lyon,6983,West Lyon,53,85,57,74,87,71,76,83,66,62,62,67,54,46,890,943,18,19,37,0,0,0,0,3,3,1,0,1,0,0,0,477,419,896,4,2,6,500,443
7,64,Marshall,6985,West Marshall,76,77,72,70,85,74,74,74,76,78,76,79,66,58,959,1035,27,25,52,0,0,0,4,4,8,6,1,7,1,0,1,477,484,961,2,4,6,517,518
12,67,Monona,6987,West Monona,27,53,36,50,41,59,55,58,59,53,42,45,53,45,649,676,4,4,8,5,6,11,3,4,7,11,7,18,1,3,4,325,284,609,11,8,19,360,316
12,84,Sioux,6990,West Sioux,50,86,55,61,64,62,62,58,62,68,51,50,36,53,768,818,141,143,284,4,3,7,1,1,2,0,2,2,0,0,0,275,236,511,5,7,12,426,392
12,97,Woodbury,6992,Westwood,30,43,30,41,55,47,40,42,28,44,40,41,53,33,537,567,18,21,39,4,2,6,0,1,1,2,1,3,0,0,0,249,243,492,11,15,26,284,283
12,67,Monona,7002,Whiting,20,15,14,10,17,20,24,15,17,12,17,14,15,13,203,223,4,6,10,3,4,7,0,0,0,1,0,1,0,0,0,106,95,201,3,1,4,117,106
10,48,Iowa,7029,Williamsburg,81,91,80,88,87,95,95,79,84,66,97,110,101,90,1163,1244,61,56,117,0,0,0,4,0,4,2,0,2,1,0,1,547,560,1107,8,5,13,623,621
9,70,Muscatine,7038,Wilton,46,80,76,68,78,57,65,59,63,54,60,62,58,53,833,879,32,26,58,0,0,0,4,2,6,3,1,4,0,0,0,415,373,788,13,10,23,467,412
15,44,Henry,7047,Winfield-Mt Union,26,29,28,27,21,31,29,28,43,36,32,42,42,42,430,456,6,8,14,1,0,1,1,1,2,3,1,4,0,0,0,227,200,427,4,4,8,242,214
11,61,Madison,7056,Winterset,146,121,125,132,130,125,139,141,108,148,137,126,140,134,1706,1852,25,28,53,4,4,8,2,2,4,3,1,4,2,2,4,898,852,1750,16,13,29,950,902
13,43,Harrison,7092,Woodbine,71,47,39,44,40,35,29,38,36,27,35,24,26,26,446,517,5,7,12,3,0,3,2,1,3,0,0,0,1,0,1,258,235,493,3,2,5,272,245
12,97,Woodbury,7098,Woodbury Central,36,61,29,45,43,50,41,41,51,38,49,45,48,48,589,625,10,8,18,1,1,2,2,0,2,1,0,1,1,0,1,320,274,594,5,2,7,340,285
11,25,Dallas,7110,Woodward-Granger,105,90,72,75,72,64,62,56,69,66,88,111,153,107,1085,1190,52,14,66,7,0,7,3,0,3,76,4,80,0,0,0,560,447,1007,19,8,27,717,473
,,,,STATEWIDE TOTALS,"29,001","39,237","36,379","37,584","37,550","37,038","36,320","35,961","36,360","36,000","37,154","37,367","36,393","36,719","480,062","509,063","26,722","25,541","52,263",981,935,"1,916","6,193","6,028","12,221","14,932","13,821","28,753",571,513,"1,084","203,867","190,795","394,662","9,218","8,946","18,164","262,484","246,579"
,,,,,,,,,,,,,,,,,,,,,,,,,,,,,,,,,,,,,,,,,,,
