"","District","Free or Reduced Price Lunch","year"
"1",9,39.6,"13-14"
"2",18,34.6,"13-14"
"3",27,24.5,"13-14"
"4",63,30.1,"13-14"
"5",72,60.4,"13-14"
"6",81,37.6,"13-14"
"7",99,19,"13-14"
"8",108,42.9,"13-14"
"9",126,33.5,"13-14"
"10",135,51.8,"13-14"
"11",153,35.9,"13-14"
"12",171,46.1,"13-14"
"13",225,28.1,"13-14"
"14",234,42.8,"13-14"
"15",243,53,"13-14"
"16",261,13.4,"13-14"
"17",279,28.6,"13-14"
"18",333,29,"13-14"
"19",355,38.4,"13-14"
"20",387,49.4,"13-14"
"21",414,33.5,"13-14"
"22",423,42.6,"13-14"
"23",441,36.3,"13-14"
"24",472,17.7,"13-14"
"25",504,44.6,"13-14"
"26",513,24.1,"13-14"
"27",540,37.3,"13-14"
"28",549,47.5,"13-14"
"29",576,37.8,"13-14"
"30",585,29,"13-14"
"31",594,50.6,"13-14"
"32",603,38.4,"13-14"
"33",609,23.5,"13-14"
"34",621,29.6,"13-14"
"35",657,43.1,"13-14"
"36",720,21.7,"13-14"
"37",729,35.5,"13-14"
"38",747,30.6,"13-14"
"39",819,42.4,"13-14"
"40",846,28.3,"13-14"
"41",873,43,"13-14"
"42",882,62.3,"13-14"
"43",914,43.8,"13-14"
"44",916,59.1,"13-14"
"45",918,32.7,"13-14"
"46",936,37.2,"13-14"
"47",977,59.5,"13-14"
"48",981,27.9,"13-14"
"49",999,34.5,"13-14"
"50",1044,21.7,"13-14"
"51",1053,49,"13-14"
"52",1062,14.6,"13-14"
"53",1071,43.5,"13-14"
"54",1079,36.7,"13-14"
"55",1080,36.5,"13-14"
"56",1082,25.9,"13-14"
"57",1089,23.3,"13-14"
"58",1093,65.6,"13-14"
"59",1095,29.5,"13-14"
"60",1107,52.5,"13-14"
"61",1116,54.6,"13-14"
"62",1134,46,"13-14"
"63",1152,39.9,"13-14"
"64",1197,34,"13-14"
"65",1206,42.2,"13-14"
"66",1211,56.4,"13-14"
"67",1215,33.1,"13-14"
"68",1218,42.1,"13-14"
"69",1221,22.6,"13-14"
"70",1224,78.9,"13-14"
"71",1233,23,"13-14"
"72",1278,57.8,"13-14"
"73",1332,45.4,"13-14"
"74",1337,29.3,"13-14"
"75",1350,31.5,"13-14"
"76",1359,38.3,"13-14"
"77",1368,74.3,"13-14"
"78",1413,51.2,"13-14"
"79",1431,47.3,"13-14"
"80",1449,44.6,"13-14"
"81",1476,55.9,"13-14"
"82",1503,52.6,"13-14"
"83",1576,18,"13-14"
"84",1602,23.9,"13-14"
"85",1611,62.8,"13-14"
"86",1619,43.2,"13-14"
"87",1638,26.5,"13-14"
"88",1675,42.5,"13-14"
"89",1701,73.4,"13-14"
"90",1719,14.1,"13-14"
"91",1737,70.2,"13-14"
"92",1782,43,"13-14"
"93",1791,23.3,"13-14"
"94",1854,61,"13-14"
"95",1863,37.4,"13-14"
"96",1908,33.6,"13-14"
"97",1917,37.4,"13-14"
"98",1926,26,"13-14"
"99",1944,61.2,"13-14"
"100",1953,21.3,"13-14"
"101",1963,32.3,"13-14"
"102",1965,29.7,"13-14"
"103",1967,56.1,"13-14"
"104",1968,40.2,"13-14"
"105",1970,51.8,"13-14"
"106",1972,42.7,"13-14"
"107",1975,50.5,"13-14"
"108",1989,41.1,"13-14"
"109",2007,49.7,"13-14"
"110",2016,39.6,"13-14"
"111",2088,42.4,"13-14"
"112",2097,33,"13-14"
"113",2113,37.2,"13-14"
"114",2124,45.7,"13-14"
"115",2151,45.2,"13-14"
"116",2169,41.4,"13-14"
"117",2205,50.3,"13-14"
"118",2295,39.3,"13-14"
"119",2313,59.8,"13-14"
"120",2322,54.7,"13-14"
"121",2349,32.5,"13-14"
"122",2369,38.7,"13-14"
"123",2376,32.6,"13-14"
"124",2403,33.6,"13-14"
"125",2457,39.4,"13-14"
"126",2466,10.2,"13-14"
"127",2493,60,"13-14"
"128",2502,27.3,"13-14"
"129",2511,35.9,"13-14"
"130",2520,25.8,"13-14"
"131",2556,43.6,"13-14"
"132",2673,43,"13-14"
"133",2682,40.6,"13-14"
"134",2709,36.9,"13-14"
"135",2718,37.7,"13-14"
"136",2727,28.5,"13-14"
"137",2754,38,"13-14"
"138",2763,26,"13-14"
"139",2766,27.4,"13-14"
"140",2772,58.1,"13-14"
"141",2781,53.4,"13-14"
"142",2826,30.3,"13-14"
"143",2834,65.3,"13-14"
"144",2846,31.6,"13-14"
"145",2862,41,"13-14"
"146",2977,24.9,"13-14"
"147",2988,19.6,"13-14"
"148",3029,50,"13-14"
"149",3033,48.5,"13-14"
"150",3042,25.2,"13-14"
"151",3060,36.2,"13-14"
"152",3105,32.4,"13-14"
"153",3114,28.9,"13-14"
"154",3119,32.1,"13-14"
"155",3141,34.4,"13-14"
"156",3150,41.1,"13-14"
"157",3154,30.3,"13-14"
"158",3168,36.7,"13-14"
"159",3186,22.8,"13-14"
"160",3195,47.1,"13-14"
"161",3204,26,"13-14"
"162",3231,16.9,"13-14"
"163",3312,63.3,"13-14"
"164",3330,30.4,"13-14"
"165",3348,27.3,"13-14"
"166",3375,43.2,"13-14"
"167",3420,36,"13-14"
"168",3465,57.2,"13-14"
"169",3537,58.5,"13-14"
"170",3555,20.7,"13-14"
"171",3600,33,"13-14"
"172",3609,55.8,"13-14"
"173",3645,39.4,"13-14"
"174",3691,35.8,"13-14"
"175",3715,19.9,"13-14"
"176",3744,26.2,"13-14"
"177",3798,31.9,"13-14"
"178",3816,31,"13-14"
"179",3841,39.8,"13-14"
"180",3897,69,"13-14"
"181",3906,20.4,"13-14"
"182",3942,27.2,"13-14"
"183",3978,48,"13-14"
"184",4023,31.3,"13-14"
"185",4033,53.3,"13-14"
"186",4041,49.3,"13-14"
"187",4043,40.1,"13-14"
"188",4068,32.2,"13-14"
"189",4086,28.4,"13-14"
"190",4104,64.7,"13-14"
"191",4122,25.5,"13-14"
"192",4131,50.7,"13-14"
"193",4149,29.7,"13-14"
"194",4203,28.7,"13-14"
"195",4212,45.4,"13-14"
"196",4269,51.6,"13-14"
"197",4271,28.2,"13-14"
"198",4356,39.4,"13-14"
"199",4419,45.5,"13-14"
"200",4437,34.7,"13-14"
"201",4446,32,"13-14"
"202",4491,52.2,"13-14"
"203",4505,57.1,"13-14"
"204",4509,44,"13-14"
"205",4518,49.8,"13-14"
"206",4527,48.3,"13-14"
"207",4536,45.8,"13-14"
"208",4554,15.3,"13-14"
"209",4572,53.8,"13-14"
"210",4581,52.4,"13-14"
"211",4599,36,"13-14"
"212",4617,34.9,"13-14"
"213",4644,49.3,"13-14"
"214",4662,32.2,"13-14"
"215",4689,40.4,"13-14"
"216",4725,51.2,"13-14"
"217",4772,37,"13-14"
"218",4773,34.6,"13-14"
"219",4774,41.3,"13-14"
"220",4775,44.2,"13-14"
"221",4776,38,"13-14"
"222",4777,24.9,"13-14"
"223",4778,53.5,"13-14"
"224",4779,12.3,"13-14"
"225",4784,23.3,"13-14"
"226",4785,33.6,"13-14"
"227",4787,43.6,"13-14"
"228",4788,35.5,"13-14"
"229",4797,18.3,"13-14"
"230",4860,41.7,"13-14"
"231",4869,60.2,"13-14"
"232",4878,23.3,"13-14"
"233",4890,34.8,"13-14"
"234",4905,67,"13-14"
"235",4978,49.1,"13-14"
"236",4995,30.1,"13-14"
"237",5013,50.8,"13-14"
"238",5049,54.8,"13-14"
"239",5121,35.8,"13-14"
"240",5139,52,"13-14"
"241",5160,23.7,"13-14"
"242",5163,27.6,"13-14"
"243",5166,17.6,"13-14"
"244",5184,52.3,"13-14"
"245",5250,9.1,"13-14"
"246",5256,34.3,"13-14"
"247",5283,47.9,"13-14"
"248",5310,77.8,"13-14"
"249",5325,42.4,"13-14"
"250",5328,71,"13-14"
"251",5463,56.1,"13-14"
"252",5486,26.9,"13-14"
"253",5508,34.2,"13-14"
"254",5510,39.4,"13-14"
"255",5607,37.6,"13-14"
"256",5625,42,"13-14"
"257",5643,21,"13-14"
"258",5697,33.7,"13-14"
"259",5724,41.6,"13-14"
"260",5751,31.1,"13-14"
"261",5805,56.9,"13-14"
"262",5823,44.3,"13-14"
"263",5832,50.5,"13-14"
"264",5868,45.4,"13-14"
"265",5877,27.9,"13-14"
"266",5895,50.8,"13-14"
"267",5922,35.9,"13-14"
"268",5949,38.8,"13-14"
"269",5976,55.2,"13-14"
"270",5994,44.1,"13-14"
"271",6003,54.6,"13-14"
"272",6012,33.8,"13-14"
"273",6030,37.4,"13-14"
"274",6035,42.3,"13-14"
"275",6039,62.4,"13-14"
"276",6091,29.4,"13-14"
"277",6093,8.4,"13-14"
"278",6094,30.7,"13-14"
"279",6095,32.2,"13-14"
"280",6096,48.6,"13-14"
"281",6097,62.3,"13-14"
"282",6098,56.5,"13-14"
"283",6099,35.1,"13-14"
"284",6100,28.4,"13-14"
"285",6101,28.8,"13-14"
"286",6102,41.8,"13-14"
"287",6120,26.6,"13-14"
"288",6138,23.3,"13-14"
"289",6165,25.8,"13-14"
"290",6175,44.1,"13-14"
"291",6219,75.6,"13-14"
"292",6246,32.1,"13-14"
"293",6264,43.8,"13-14"
"294",6273,31.4,"13-14"
"295",6408,28,"13-14"
"296",6417,NA,"13-14"
"297",6453,8.7,"13-14"
"298",6460,31.6,"13-14"
"299",6462,54,"13-14"
"300",6471,30.4,"13-14"
"301",6509,23.7,"13-14"
"302",6512,43.7,"13-14"
"303",6516,82,"13-14"
"304",6534,14.1,"13-14"
"305",6536,26.9,"13-14"
"306",6561,33.9,"13-14"
"307",6579,25.5,"13-14"
"308",6591,36.7,"13-14"
"309",6592,47.8,"13-14"
"310",6615,15.6,"13-14"
"311",6633,32.4,"13-14"
"312",6651,55.4,"13-14"
"313",6660,37.4,"13-14"
"314",6700,39.5,"13-14"
"315",6741,44,"13-14"
"316",6750,52.1,"13-14"
"317",6759,52.2,"13-14"
"318",6762,17.4,"13-14"
"319",6768,47.2,"13-14"
"320",6795,67,"13-14"
"321",6822,15.2,"13-14"
"322",6840,22.7,"13-14"
"323",6854,51.6,"13-14"
"324",6867,54,"13-14"
"325",6921,27.2,"13-14"
"326",6930,25.7,"13-14"
"327",6937,47.4,"13-14"
"328",6943,48.4,"13-14"
"329",6950,32.2,"13-14"
"330",6957,31.7,"13-14"
"331",6961,27.3,"13-14"
"332",6969,42.6,"13-14"
"333",6975,59.5,"13-14"
"334",6983,21.6,"13-14"
"335",6985,27.3,"13-14"
"336",6987,49.2,"13-14"
"337",6990,57.7,"13-14"
"338",6992,35.4,"13-14"
"339",7002,61.7,"13-14"
"340",7029,27.1,"13-14"
"341",7038,30.6,"13-14"
"342",7047,48.5,"13-14"
"343",7056,33.4,"13-14"
"344",7092,32.2,"13-14"
"345",7098,19.6,"13-14"
"346",7110,40.8,"13-14"
"347",9,39.3,"14-15"
"348",18,37.6,"14-15"
"349",27,22.4,"14-15"
"350",63,33.3,"14-15"
"351",72,53.5,"14-15"
"352",81,37.7,"14-15"
"353",99,15.6,"14-15"
"354",108,34.2,"14-15"
"355",126,33.9,"14-15"
"356",135,50.7,"14-15"
"357",153,37.4,"14-15"
"358",171,49.1,"14-15"
"359",225,29.1,"14-15"
"360",234,44.9,"14-15"
"361",243,45.5,"14-15"
"362",261,13.1,"14-15"
"363",279,28.7,"14-15"
"364",333,37.7,"14-15"
"365",355,35.8,"14-15"
"366",387,50.4,"14-15"
"367",414,36.9,"14-15"
"368",423,42.4,"14-15"
"369",441,34.8,"14-15"
"370",472,18.6,"14-15"
"371",504,42.2,"14-15"
"372",513,24,"14-15"
"373",540,33.3,"14-15"
"374",549,46.5,"14-15"
"375",576,38.3,"14-15"
"376",585,23.7,"14-15"
"377",594,51.8,"14-15"
"378",603,37,"14-15"
"379",609,24,"14-15"
"380",621,30.9,"14-15"
"381",657,45.2,"14-15"
"382",720,20.6,"14-15"
"383",729,35.1,"14-15"
"384",747,31,"14-15"
"385",819,41.5,"14-15"
"386",846,30.3,"14-15"
"387",873,46,"14-15"
"388",882,61,"14-15"
"389",914,42.8,"14-15"
"390",916,62.7,"14-15"
"391",918,32.5,"14-15"
"392",936,37.7,"14-15"
"393",977,57.7,"14-15"
"394",981,27.1,"14-15"
"395",999,34.1,"14-15"
"396",1044,21.8,"14-15"
"397",1053,50,"14-15"
"398",1062,14.5,"14-15"
"399",1071,45.9,"14-15"
"400",1079,33.9,"14-15"
"401",1080,32.3,"14-15"
"402",1082,27.6,"14-15"
"403",1089,30.4,"14-15"
"404",1093,64.2,"14-15"
"405",1095,28,"14-15"
"406",1107,52.7,"14-15"
"407",1116,49.1,"14-15"
"408",1134,47.8,"14-15"
"409",1152,41.5,"14-15"
"410",1197,30.9,"14-15"
"411",1206,42.9,"14-15"
"412",1211,58.9,"14-15"
"413",1215,32.7,"14-15"
"414",1218,42.9,"14-15"
"415",1221,19.6,"14-15"
"416",1233,22.9,"14-15"
"417",1278,56.9,"14-15"
"418",1332,45.4,"14-15"
"419",1337,30.4,"14-15"
"420",1350,30.1,"14-15"
"421",1359,35.7,"14-15"
"422",1368,73.9,"14-15"
"423",1413,50.7,"14-15"
"424",1431,46.1,"14-15"
"425",1449,51.7,"14-15"
"426",1476,50.8,"14-15"
"427",1503,55,"14-15"
"428",1576,19.4,"14-15"
"429",1602,21.7,"14-15"
"430",1611,53.3,"14-15"
"431",1619,39.5,"14-15"
"432",1638,26.6,"14-15"
"433",1675,37.6,"14-15"
"434",1701,71.9,"14-15"
"435",1719,13.3,"14-15"
"436",1737,73.2,"14-15"
"437",1782,47.6,"14-15"
"438",1791,26.2,"14-15"
"439",1863,37.1,"14-15"
"440",1908,37.9,"14-15"
"441",1917,41.1,"14-15"
"442",1926,27.1,"14-15"
"443",1944,61.5,"14-15"
"444",1953,21.9,"14-15"
"445",1963,33.2,"14-15"
"446",1965,33.6,"14-15"
"447",1968,35.9,"14-15"
"448",1970,49.1,"14-15"
"449",1972,43.5,"14-15"
"450",1975,48.6,"14-15"
"451",1989,40.3,"14-15"
"452",2007,48.6,"14-15"
"453",2088,42.5,"14-15"
"454",2097,37.3,"14-15"
"455",2113,42.5,"14-15"
"456",2124,47.1,"14-15"
"457",2151,40.2,"14-15"
"458",2169,46.7,"14-15"
"459",2205,44.1,"14-15"
"460",2295,38.1,"14-15"
"461",2313,64.1,"14-15"
"462",2322,55.4,"14-15"
"463",2369,37.5,"14-15"
"464",2376,28.3,"14-15"
"465",2403,31.1,"14-15"
"466",2457,38.2,"14-15"
"467",2466,7.8,"14-15"
"468",2493,59.5,"14-15"
"469",2502,29.1,"14-15"
"470",2511,34.4,"14-15"
"471",2520,26.9,"14-15"
"472",2556,46,"14-15"
"473",2673,40.3,"14-15"
"474",2682,40.2,"14-15"
"475",2709,37.1,"14-15"
"476",2718,37,"14-15"
"477",2727,28,"14-15"
"478",2754,36.9,"14-15"
"479",2763,30.5,"14-15"
"480",2766,26.3,"14-15"
"481",2772,58,"14-15"
"482",2781,53.9,"14-15"
"483",2826,31.5,"14-15"
"484",2834,58.2,"14-15"
"485",2846,31.1,"14-15"
"486",2862,42.2,"14-15"
"487",2977,24.9,"14-15"
"488",2988,19.6,"14-15"
"489",3029,46.3,"14-15"
"490",3033,42.3,"14-15"
"491",3042,24.4,"14-15"
"492",3060,38,"14-15"
"493",3105,33.9,"14-15"
"494",3114,26.9,"14-15"
"495",3119,31.5,"14-15"
"496",3141,33.7,"14-15"
"497",3150,40,"14-15"
"498",3154,35.3,"14-15"
"499",3168,38.8,"14-15"
"500",3186,20.6,"14-15"
"501",3195,48.1,"14-15"
"502",3204,25.6,"14-15"
"503",3231,15.6,"14-15"
"504",3312,61.7,"14-15"
"505",3330,28,"14-15"
"506",3348,28.3,"14-15"
"507",3375,39.6,"14-15"
"508",3420,38.7,"14-15"
"509",3465,51.9,"14-15"
"510",3537,65.2,"14-15"
"511",3555,20.8,"14-15"
"512",3600,32.3,"14-15"
"513",3609,52.2,"14-15"
"514",3645,36.4,"14-15"
"515",3691,36.9,"14-15"
"516",3715,18,"14-15"
"517",3744,26.7,"14-15"
"518",3798,29.1,"14-15"
"519",3816,36.2,"14-15"
"520",3841,40.1,"14-15"
"521",3897,67.1,"14-15"
"522",3906,24.2,"14-15"
"523",3942,28.6,"14-15"
"524",3978,45.8,"14-15"
"525",4023,29.6,"14-15"
"526",4033,52.6,"14-15"
"527",4041,51.4,"14-15"
"528",4043,39.9,"14-15"
"529",4068,34.6,"14-15"
"530",4086,28.6,"14-15"
"531",4104,69.8,"14-15"
"532",4122,22.9,"14-15"
"533",4131,55,"14-15"
"534",4149,29.8,"14-15"
"535",4203,25.8,"14-15"
"536",4212,46.7,"14-15"
"537",4269,48.2,"14-15"
"538",4271,28.6,"14-15"
"539",4356,41.2,"14-15"
"540",4419,39.6,"14-15"
"541",4437,31.3,"14-15"
"542",4446,31,"14-15"
"543",4491,52.1,"14-15"
"544",4505,59.1,"14-15"
"545",4509,44.2,"14-15"
"546",4518,43.5,"14-15"
"547",4527,45.8,"14-15"
"548",4536,45.6,"14-15"
"549",4554,13.5,"14-15"
"550",4572,51.6,"14-15"
"551",4581,51.3,"14-15"
"552",4599,32.7,"14-15"
"553",4617,34.8,"14-15"
"554",4644,52.5,"14-15"
"555",4662,30.8,"14-15"
"556",4689,40.8,"14-15"
"557",4725,51.2,"14-15"
"558",4772,35,"14-15"
"559",4773,33.5,"14-15"
"560",4774,42.5,"14-15"
"561",4775,42.9,"14-15"
"562",4776,36.1,"14-15"
"563",4777,19.9,"14-15"
"564",4778,56.7,"14-15"
"565",4779,13.4,"14-15"
"566",4784,23.5,"14-15"
"567",4785,32.8,"14-15"
"568",4787,48.6,"14-15"
"569",4788,35.7,"14-15"
"570",4797,18.5,"14-15"
"571",4860,43.4,"14-15"
"572",4869,57,"14-15"
"573",4878,21,"14-15"
"574",4890,37.6,"14-15"
"575",4905,67.5,"14-15"
"576",4978,54.8,"14-15"
"577",4995,29.5,"14-15"
"578",5013,47.6,"14-15"
"579",5049,54.3,"14-15"
"580",5121,35.4,"14-15"
"581",5139,49.5,"14-15"
"582",5160,27.4,"14-15"
"583",5163,23.5,"14-15"
"584",5166,20,"14-15"
"585",5184,76,"14-15"
"586",5250,10.4,"14-15"
"587",5256,31.8,"14-15"
"588",5283,47.7,"14-15"
"589",5310,99.7,"14-15"
"590",5325,39.6,"14-15"
"591",5328,68.4,"14-15"
"592",5463,58.6,"14-15"
"593",5486,28.9,"14-15"
"594",5508,36.4,"14-15"
"595",5510,36.4,"14-15"
"596",5607,40.9,"14-15"
"597",5643,20.7,"14-15"
"598",5697,33.8,"14-15"
"599",5724,45.2,"14-15"
"600",5751,33.7,"14-15"
"601",5805,47.5,"14-15"
"602",5823,42.5,"14-15"
"603",5832,47.5,"14-15"
"604",5877,29.7,"14-15"
"605",5895,52.8,"14-15"
"606",5922,33.7,"14-15"
"607",5949,38.8,"14-15"
"608",5976,49.7,"14-15"
"609",5994,40.8,"14-15"
"610",6003,44,"14-15"
"611",6012,32.6,"14-15"
"612",6030,41.1,"14-15"
"613",6035,39.2,"14-15"
"614",6039,66.2,"14-15"
"615",6091,38.7,"14-15"
"616",6093,8.4,"14-15"
"617",6094,34.2,"14-15"
"618",6095,33.1,"14-15"
"619",6096,47,"14-15"
"620",6097,60.6,"14-15"
"621",6098,59.2,"14-15"
"622",6099,37.2,"14-15"
"623",6100,30.4,"14-15"
"624",6101,27.9,"14-15"
"625",6102,45.3,"14-15"
"626",6120,27.1,"14-15"
"627",6138,23.8,"14-15"
"628",6165,25,"14-15"
"629",6175,46.6,"14-15"
"630",6219,74,"14-15"
"631",6246,48.9,"14-15"
"632",6264,44.8,"14-15"
"633",6273,30.7,"14-15"
"634",6408,26.9,"14-15"
"635",6453,6.5,"14-15"
"636",6460,25.3,"14-15"
"637",6462,50,"14-15"
"638",6471,28.6,"14-15"
"639",6509,24.7,"14-15"
"640",6512,47.1,"14-15"
"641",6516,74,"14-15"
"642",6534,17,"14-15"
"643",6536,28.8,"14-15"
"644",6561,28.7,"14-15"
"645",6579,24.6,"14-15"
"646",6591,38.9,"14-15"
"647",6592,38.6,"14-15"
"648",6615,12,"14-15"
"649",6633,30.2,"14-15"
"650",6651,52.9,"14-15"
"651",6660,37.1,"14-15"
"652",6700,35.6,"14-15"
"653",6741,43.8,"14-15"
"654",6750,46.6,"14-15"
"655",6759,46.5,"14-15"
"656",6762,16.2,"14-15"
"657",6768,45.1,"14-15"
"658",6795,69.5,"14-15"
"659",6822,14.7,"14-15"
"660",6840,25,"14-15"
"661",6854,50.2,"14-15"
"662",6867,48.5,"14-15"
"663",6921,30.1,"14-15"
"664",6930,21.8,"14-15"
"665",6937,46.4,"14-15"
"666",6943,41.7,"14-15"
"667",6950,32.8,"14-15"
"668",6957,33.2,"14-15"
"669",6961,27.4,"14-15"
"670",6969,44.6,"14-15"
"671",6975,59.2,"14-15"
"672",6983,21.4,"14-15"
"673",6985,27.4,"14-15"
"674",6987,49.1,"14-15"
"675",6990,60.5,"14-15"
"676",6992,34.7,"14-15"
"677",7002,63.2,"14-15"
"678",7029,25.8,"14-15"
"679",7038,31.2,"14-15"
"680",7047,47.7,"14-15"
"681",7056,33.4,"14-15"
"682",7092,34.9,"14-15"
"683",7098,19.2,"14-15"
"684",7110,39.9,"14-15"
"685",18,37,"15-16"
"686",27,24.3,"15-16"
"687",9,39.4,"15-16"
"688",441,35.8,"15-16"
"689",63,31.9,"15-16"
"690",72,45.4,"15-16"
"691",81,39.3,"15-16"
"692",99,13.8,"15-16"
"693",108,37.6,"15-16"
"694",126,35.1,"15-16"
"695",135,40.9,"15-16"
"696",171,51.4,"15-16"
"697",225,31.4,"15-16"
"698",234,45.7,"15-16"
"699",243,51,"15-16"
"700",261,12.2,"15-16"
"701",279,29.1,"15-16"
"702",355,41.4,"15-16"
"703",387,47.6,"15-16"
"704",414,36.6,"15-16"
"705",423,43.4,"15-16"
"706",472,19,"15-16"
"707",504,45.8,"15-16"
"708",513,25.7,"15-16"
"709",540,36.9,"15-16"
"710",549,48.8,"15-16"
"711",576,34.8,"15-16"
"712",585,23.8,"15-16"
"713",594,52,"15-16"
"714",603,31.4,"15-16"
"715",609,22.6,"15-16"
"716",621,32.9,"15-16"
"717",720,19.3,"15-16"
"718",729,45.7,"15-16"
"719",747,32.2,"15-16"
"720",1917,41.6,"15-16"
"721",846,28.3,"15-16"
"722",882,64.5,"15-16"
"723",916,60.5,"15-16"
"724",918,32.9,"15-16"
"725",914,41,"15-16"
"726",936,37.4,"15-16"
"727",977,56,"15-16"
"728",981,31.8,"15-16"
"729",999,38.5,"15-16"
"730",1044,24.4,"15-16"
"731",1053,51.1,"15-16"
"732",1062,14.8,"15-16"
"733",1071,46.5,"15-16"
"734",1080,35,"15-16"
"735",1089,26.4,"15-16"
"736",1093,65.7,"15-16"
"737",1082,30.6,"15-16"
"738",1079,34.4,"15-16"
"739",1095,29.2,"15-16"
"740",4772,34.7,"15-16"
"741",1107,52.6,"15-16"
"742",1116,50.8,"15-16"
"743",1134,43.8,"15-16"
"744",1152,37.7,"15-16"
"745",1197,34.9,"15-16"
"746",1206,46.6,"15-16"
"747",1211,61.5,"15-16"
"748",1215,32.6,"15-16"
"749",1218,40.5,"15-16"
"750",2763,29.8,"15-16"
"751",1221,23.1,"15-16"
"752",1233,28,"15-16"
"753",1278,63,"15-16"
"754",1332,46.2,"15-16"
"755",1337,31.2,"15-16"
"756",1350,32.9,"15-16"
"757",1359,35.3,"15-16"
"758",1368,77.8,"15-16"
"759",1413,49.9,"15-16"
"760",1431,47.9,"15-16"
"761",1476,64.1,"15-16"
"762",1503,56.7,"15-16"
"763",1576,17.9,"15-16"
"764",1602,26,"15-16"
"765",1611,65.6,"15-16"
"766",1619,37.2,"15-16"
"767",1638,28,"15-16"
"768",1675,32.9,"15-16"
"769",1701,74.3,"15-16"
"770",1719,16.5,"15-16"
"771",1737,75.1,"15-16"
"772",1782,46.7,"15-16"
"773",1791,26.9,"15-16"
"774",1863,36.9,"15-16"
"775",1908,37.8,"15-16"
"776",1926,27.6,"15-16"
"777",1944,64,"15-16"
"778",1953,22.5,"15-16"
"779",1963,29.9,"15-16"
"780",1968,36.2,"15-16"
"781",3978,44.1,"15-16"
"782",6741,46.9,"15-16"
"783",1970,51.3,"15-16"
"784",1972,38.4,"15-16"
"785",1965,31.4,"15-16"
"786",657,42.8,"15-16"
"787",1989,40.6,"15-16"
"788",2007,47.3,"15-16"
"789",2088,40.2,"15-16"
"790",2097,36.3,"15-16"
"791",2113,41.4,"15-16"
"792",2124,46.4,"15-16"
"793",2151,37.9,"15-16"
"794",2169,41.4,"15-16"
"795",2205,44.6,"15-16"
"796",2295,37.1,"15-16"
"797",2313,59.8,"15-16"
"798",2322,42.2,"15-16"
"799",2369,34,"15-16"
"800",2376,29.2,"15-16"
"801",2403,29.6,"15-16"
"802",2457,39.8,"15-16"
"803",2466,9.5,"15-16"
"804",2493,53.5,"15-16"
"805",2502,33,"15-16"
"806",2511,32.9,"15-16"
"807",2520,24.8,"15-16"
"808",2682,37.4,"15-16"
"809",2556,41.5,"15-16"
"810",3195,49.2,"15-16"
"811",2709,35.2,"15-16"
"812",2718,42.5,"15-16"
"813",2727,28,"15-16"
"814",2754,36.3,"15-16"
"815",2772,56.6,"15-16"
"816",2781,56.5,"15-16"
"817",2826,30.7,"15-16"
"818",2834,63,"15-16"
"819",2846,27.5,"15-16"
"820",2862,42.8,"15-16"
"821",2977,22.9,"15-16"
"822",2988,16.9,"15-16"
"823",2766,23.1,"15-16"
"824",3029,42.4,"15-16"
"825",3033,46.7,"15-16"
"826",3042,25.3,"15-16"
"827",3060,38.5,"15-16"
"828",3168,41,"15-16"
"829",3105,30.8,"15-16"
"830",3114,28.6,"15-16"
"831",3119,30.3,"15-16"
"832",3141,35.7,"15-16"
"833",3150,39.9,"15-16"
"834",3154,32.9,"15-16"
"835",3186,21.2,"15-16"
"836",3204,22.8,"15-16"
"837",3231,18.2,"15-16"
"838",3312,61.8,"15-16"
"839",3330,24.5,"15-16"
"840",3348,28.5,"15-16"
"841",3375,40.3,"15-16"
"842",3420,33,"15-16"
"843",3465,53.3,"15-16"
"844",3537,69.5,"15-16"
"845",3555,16.2,"15-16"
"846",3600,33,"15-16"
"847",3609,51.8,"15-16"
"848",3645,39.2,"15-16"
"849",3715,20.5,"15-16"
"850",3744,21.9,"15-16"
"851",3798,26.4,"15-16"
"852",3816,37.7,"15-16"
"853",3841,33,"15-16"
"854",3897,63.4,"15-16"
"855",3906,26.1,"15-16"
"856",3942,32.5,"15-16"
"857",4023,27.7,"15-16"
"858",4033,51.2,"15-16"
"859",4041,57.6,"15-16"
"860",4043,37.1,"15-16"
"861",4068,37,"15-16"
"862",4086,27.2,"15-16"
"863",4104,70.9,"15-16"
"864",4122,24.2,"15-16"
"865",4131,53.8,"15-16"
"866",4203,26.7,"15-16"
"867",4212,46.5,"15-16"
"868",4419,41.4,"15-16"
"869",4269,46.7,"15-16"
"870",4271,27.9,"15-16"
"871",4356,38,"15-16"
"872",4149,28.9,"15-16"
"873",4437,31.5,"15-16"
"874",4446,27.1,"15-16"
"875",4491,48.6,"15-16"
"876",4505,54.5,"15-16"
"877",4509,44.3,"15-16"
"878",4518,50.5,"15-16"
"879",4527,45.7,"15-16"
"880",4536,45,"15-16"
"881",4554,12.9,"15-16"
"882",4572,54.2,"15-16"
"883",4581,50.5,"15-16"
"884",4599,34.3,"15-16"
"885",4617,32.8,"15-16"
"886",4662,31.2,"15-16"
"887",4689,37.5,"15-16"
"888",4644,51.8,"15-16"
"889",4725,50.7,"15-16"
"890",2673,40.8,"15-16"
"891",153,35.2,"15-16"
"892",3691,35.5,"15-16"
"893",4774,41.1,"15-16"
"894",873,44.6,"15-16"
"895",4778,53.1,"15-16"
"896",4777,22.7,"15-16"
"897",4776,35.5,"15-16"
"898",4779,10.5,"15-16"
"899",4784,23.1,"15-16"
"900",4785,34.4,"15-16"
"901",333,40.5,"15-16"
"902",4787,46.1,"15-16"
"903",4773,29.7,"15-16"
"904",4775,38.5,"15-16"
"905",4788,35.3,"15-16"
"906",4797,18.4,"15-16"
"907",4860,38.2,"15-16"
"908",4869,60.1,"15-16"
"909",4878,29.4,"15-16"
"910",4890,33.2,"15-16"
"911",4905,74.1,"15-16"
"912",4978,55.1,"15-16"
"913",4995,32.7,"15-16"
"914",5013,47.1,"15-16"
"915",5049,48.1,"15-16"
"916",5121,35.8,"15-16"
"917",5139,49.3,"15-16"
"918",5160,26.8,"15-16"
"919",5163,19.6,"15-16"
"920",5166,18.6,"15-16"
"921",5184,75.2,"15-16"
"922",5250,9.1,"15-16"
"923",5256,32.2,"15-16"
"924",5283,49.8,"15-16"
"925",5310,99.7,"15-16"
"926",5325,43.3,"15-16"
"927",5463,60,"15-16"
"928",5486,28.3,"15-16"
"929",5508,29.7,"15-16"
"930",1975,43.4,"15-16"
"931",5510,35.1,"15-16"
"932",5607,40.1,"15-16"
"933",5643,23.7,"15-16"
"934",5697,40.5,"15-16"
"935",5724,51.6,"15-16"
"936",5805,42.3,"15-16"
"937",5823,43.9,"15-16"
"938",5832,43.3,"15-16"
"939",5877,29.6,"15-16"
"940",5895,54.6,"15-16"
"941",5949,40.4,"15-16"
"942",5976,51.7,"15-16"
"943",5994,39.5,"15-16"
"944",6003,44,"15-16"
"945",6012,35,"15-16"
"946",6030,39.4,"15-16"
"947",6035,39.5,"15-16"
"948",6039,67.8,"15-16"
"949",6093,7.9,"15-16"
"950",6091,41.5,"15-16"
"951",6095,35.6,"15-16"
"952",6099,34.4,"15-16"
"953",6097,56.3,"15-16"
"954",6098,61,"15-16"
"955",6100,27.9,"15-16"
"956",6101,28.5,"15-16"
"957",6094,30.7,"15-16"
"958",6096,46,"15-16"
"959",6102,42.8,"15-16"
"960",6120,26.5,"15-16"
"961",6138,26.7,"15-16"
"962",5751,30.2,"15-16"
"963",6165,25.9,"15-16"
"964",6175,42.2,"15-16"
"965",6219,77.1,"15-16"
"966",6246,37.2,"15-16"
"967",6273,31,"15-16"
"968",6408,23.3,"15-16"
"969",6453,7.4,"15-16"
"970",6460,23.9,"15-16"
"971",6462,52.9,"15-16"
"972",6471,34.4,"15-16"
"973",6509,27.3,"15-16"
"974",6512,48.4,"15-16"
"975",6516,63.8,"15-16"
"976",6534,17.5,"15-16"
"977",6536,28.9,"15-16"
"978",6561,28.8,"15-16"
"979",6579,25.8,"15-16"
"980",6591,39.6,"15-16"
"981",6592,46.3,"15-16"
"982",6615,12.6,"15-16"
"983",6651,48.7,"15-16"
"984",6660,36.6,"15-16"
"985",6700,37.6,"15-16"
"986",6750,59.7,"15-16"
"987",6759,43.8,"15-16"
"988",6762,18,"15-16"
"989",6768,47.1,"15-16"
"990",6795,67.7,"15-16"
"991",6822,14.5,"15-16"
"992",6840,21.9,"15-16"
"993",6854,55.8,"15-16"
"994",6867,47.8,"15-16"
"995",6921,28.1,"15-16"
"996",6930,23.5,"15-16"
"997",6937,45.2,"15-16"
"998",6943,47,"15-16"
"999",6264,41.1,"15-16"
"1000",6950,34.3,"15-16"
"1001",6957,33.7,"15-16"
"1002",5922,29.7,"15-16"
"1003",819,40.6,"15-16"
"1004",6969,39.7,"15-16"
"1005",6975,60.5,"15-16"
"1006",6983,18.9,"15-16"
"1007",6985,26.7,"15-16"
"1008",6987,47.8,"15-16"
"1009",6990,60,"15-16"
"1010",6961,31.1,"15-16"
"1011",6992,33.3,"15-16"
"1012",7002,65,"15-16"
"1013",7029,24.9,"15-16"
"1014",7038,26.3,"15-16"
"1015",7047,48.1,"15-16"
"1016",7056,30.2,"15-16"
"1017",7092,29.2,"15-16"
"1018",7098,21.1,"15-16"
"1019",7110,37,"15-16"
"1020",9,40.29,"16-17"
"1021",18,37.79,"16-17"
"1022",27,20.96,"16-17"
"1023",63,26.34,"16-17"
"1024",72,52.75,"16-17"
"1025",81,37.27,"16-17"
"1026",99,13.64,"16-17"
"1027",108,42.21,"16-17"
"1028",126,36.45,"16-17"
"1029",135,40.98,"16-17"
"1030",153,35.73,"16-17"
"1031",171,44.57,"16-17"
"1032",225,31.94,"16-17"
"1033",234,45.28,"16-17"
"1034",243,52.55,"16-17"
"1035",261,15.39,"16-17"
"1036",279,32.11,"16-17"
"1037",333,38.55,"16-17"
"1038",355,43.26,"16-17"
"1039",387,48.25,"16-17"
"1040",414,40.44,"16-17"
"1041",423,38.95,"16-17"
"1042",441,36.8,"16-17"
"1043",472,18.21,"16-17"
"1044",504,39.39,"16-17"
"1045",513,20.9,"16-17"
"1046",540,34.47,"16-17"
"1047",549,42.96,"16-17"
"1048",576,32.24,"16-17"
"1049",585,26.18,"16-17"
"1050",594,50.97,"16-17"
"1051",603,45.9,"16-17"
"1052",609,22.99,"16-17"
"1053",621,33.96,"16-17"
"1054",657,41.69,"16-17"
"1055",720,20.31,"16-17"
"1056",729,44.05,"16-17"
"1057",747,34.69,"16-17"
"1058",819,42,"16-17"
"1059",846,33.76,"16-17"
"1060",873,40.43,"16-17"
"1061",882,63.68,"16-17"
"1062",914,41.58,"16-17"
"1063",916,62.23,"16-17"
"1064",918,29.28,"16-17"
"1065",936,37.71,"16-17"
"1066",977,55.28,"16-17"
"1067",981,34.01,"16-17"
"1068",999,37.7,"16-17"
"1069",1044,20.59,"16-17"
"1070",1053,50.13,"16-17"
"1071",1062,16.78,"16-17"
"1072",1071,56.58,"16-17"
"1073",1079,35.13,"16-17"
"1074",1080,36.88,"16-17"
"1075",1082,31.97,"16-17"
"1076",1089,32.87,"16-17"
"1077",1093,62.97,"16-17"
"1078",1095,29.81,"16-17"
"1079",1107,52.71,"16-17"
"1080",1116,51.54,"16-17"
"1081",1134,51.14,"16-17"
"1082",1152,38.33,"16-17"
"1083",1197,34.06,"16-17"
"1084",1206,51.72,"16-17"
"1085",1211,59.6,"16-17"
"1086",1215,34.13,"16-17"
"1087",1218,49.43,"16-17"
"1088",1221,19.82,"16-17"
"1089",1233,28.89,"16-17"
"1090",1278,62.13,"16-17"
"1091",1332,44.84,"16-17"
"1092",1337,29.6,"16-17"
"1093",1350,29.67,"16-17"
"1094",1359,40.44,"16-17"
"1095",1368,71.7,"16-17"
"1096",1413,48.58,"16-17"
"1097",1431,48.33,"16-17"
"1098",1476,70.91,"16-17"
"1099",1503,55.13,"16-17"
"1100",1576,17.53,"16-17"
"1101",1602,23.12,"16-17"
"1102",1611,65.87,"16-17"
"1103",1619,43.6,"16-17"
"1104",1638,20.7,"16-17"
"1105",1675,35.77,"16-17"
"1106",1701,74.17,"16-17"
"1107",1719,13.11,"16-17"
"1108",1737,74.08,"16-17"
"1109",1782,48.57,"16-17"
"1110",1791,22.95,"16-17"
"1111",1863,35.56,"16-17"
"1112",1908,35.9,"16-17"
"1113",1917,37.78,"16-17"
"1114",1926,30.35,"16-17"
"1115",1944,64.87,"16-17"
"1116",1953,22.28,"16-17"
"1117",1963,34.35,"16-17"
"1118",1965,33.4,"16-17"
"1119",1968,32.09,"16-17"
"1120",1970,53.81,"16-17"
"1121",1972,34.5,"16-17"
"1122",1975,49.28,"16-17"
"1123",1989,39.96,"16-17"
"1124",2007,46.44,"16-17"
"1125",2088,44.56,"16-17"
"1126",2097,39.86,"16-17"
"1127",2113,46.83,"16-17"
"1128",2124,48.09,"16-17"
"1129",2151,40,"16-17"
"1130",2169,41.42,"16-17"
"1131",2295,37.47,"16-17"
"1132",2313,59.41,"16-17"
"1133",2322,42.72,"16-17"
"1134",2369,35.67,"16-17"
"1135",2376,32.68,"16-17"
"1136",2403,28.01,"16-17"
"1137",2457,34.89,"16-17"
"1138",2466,7.77,"16-17"
"1139",2493,68,"16-17"
"1140",2502,32.11,"16-17"
"1141",2511,35.85,"16-17"
"1142",2520,24.92,"16-17"
"1143",2556,44.09,"16-17"
"1144",2673,40.94,"16-17"
"1145",2682,38.07,"16-17"
"1146",2709,33.35,"16-17"
"1147",2718,37.66,"16-17"
"1148",2727,26.9,"16-17"
"1149",2754,33.67,"16-17"
"1150",2763,29.25,"16-17"
"1151",2766,22.09,"16-17"
"1152",2772,59.38,"16-17"
"1153",2781,50.6,"16-17"
"1154",2826,30.56,"16-17"
"1155",2834,76.06,"16-17"
"1156",2846,28.36,"16-17"
"1157",2862,45.71,"16-17"
"1158",2977,23.21,"16-17"
"1159",2988,13.64,"16-17"
"1160",3029,43.55,"16-17"
"1161",3033,44.74,"16-17"
"1162",3042,24.17,"16-17"
"1163",3060,38.08,"16-17"
"1164",3105,35.78,"16-17"
"1165",3114,26.09,"16-17"
"1166",3119,26.96,"16-17"
"1167",3141,36.76,"16-17"
"1168",3150,37.83,"16-17"
"1169",3154,29.68,"16-17"
"1170",3168,39,"16-17"
"1171",3186,19.39,"16-17"
"1172",3195,46.74,"16-17"
"1173",3204,21.73,"16-17"
"1174",3231,20.87,"16-17"
"1175",3312,60.53,"16-17"
"1176",3330,29.45,"16-17"
"1177",3348,28.95,"16-17"
"1178",3375,43.43,"16-17"
"1179",3420,37.1,"16-17"
"1180",3465,54.52,"16-17"
"1181",3537,71.23,"16-17"
"1182",3555,15.68,"16-17"
"1183",3600,32.09,"16-17"
"1184",3609,53.78,"16-17"
"1185",3645,35.47,"16-17"
"1186",3691,34.62,"16-17"
"1187",3715,21.05,"16-17"
"1188",3744,19.72,"16-17"
"1189",3798,24.77,"16-17"
"1190",3816,33.77,"16-17"
"1191",3841,31.28,"16-17"
"1192",3897,70.15,"16-17"
"1193",3906,28.75,"16-17"
"1194",3942,28.89,"16-17"
"1195",3978,44.5,"16-17"
"1196",4023,33.21,"16-17"
"1197",4033,53.58,"16-17"
"1198",4041,58.05,"16-17"
"1199",4043,36.67,"16-17"
"1200",4068,34.16,"16-17"
"1201",4086,28.8,"16-17"
"1202",4104,56.94,"16-17"
"1203",4122,17.68,"16-17"
"1204",4131,52.99,"16-17"
"1205",4149,28.46,"16-17"
"1206",4203,24.04,"16-17"
"1207",4212,43.27,"16-17"
"1208",4269,48.45,"16-17"
"1209",4271,23.89,"16-17"
"1210",4356,38.87,"16-17"
"1211",4419,43.21,"16-17"
"1212",4437,27.68,"16-17"
"1213",4446,31.02,"16-17"
"1214",4491,49.15,"16-17"
"1215",4505,54.3,"16-17"
"1216",4509,36.67,"16-17"
"1217",4518,55,"16-17"
"1218",4527,45.04,"16-17"
"1219",4536,46.08,"16-17"
"1220",4554,12.55,"16-17"
"1221",4572,51.56,"16-17"
"1222",4581,49.23,"16-17"
"1223",4599,32.14,"16-17"
"1224",4617,34.13,"16-17"
"1225",4644,48.65,"16-17"
"1226",4662,29.79,"16-17"
"1227",4689,37.52,"16-17"
"1228",4725,49.7,"16-17"
"1229",4772,34.57,"16-17"
"1230",4773,26.47,"16-17"
"1231",4774,37.86,"16-17"
"1232",4775,32.18,"16-17"
"1233",4776,33.94,"16-17"
"1234",4777,21.39,"16-17"
"1235",4778,54.07,"16-17"
"1236",4779,11.68,"16-17"
"1237",4784,24.72,"16-17"
"1238",4785,34.79,"16-17"
"1239",4787,51.43,"16-17"
"1240",4788,36.75,"16-17"
"1241",4797,18.04,"16-17"
"1242",4860,37.61,"16-17"
"1243",4869,60.91,"16-17"
"1244",4878,23.61,"16-17"
"1245",4890,35.35,"16-17"
"1246",4905,62.9,"16-17"
"1247",4978,60.13,"16-17"
"1248",4995,29.46,"16-17"
"1249",5013,52.1,"16-17"
"1250",5049,44.84,"16-17"
"1251",5121,33.14,"16-17"
"1252",5139,46,"16-17"
"1253",5160,27.04,"16-17"
"1254",5163,16.42,"16-17"
"1255",5166,19.11,"16-17"
"1256",5184,67.38,"16-17"
"1257",5250,9.2,"16-17"
"1258",5256,33.89,"16-17"
"1259",5283,46.08,"16-17"
"1260",5310,82.88,"16-17"
"1261",5325,40.1,"16-17"
"1262",5463,61.94,"16-17"
"1263",5486,35.82,"16-17"
"1264",5508,32.49,"16-17"
"1265",5510,35.93,"16-17"
"1266",5607,42.21,"16-17"
"1267",5643,20.96,"16-17"
"1268",5697,37.28,"16-17"
"1269",5724,52.75,"16-17"
"1270",5751,27.21,"16-17"
"1271",5805,36.67,"16-17"
"1272",5823,44.1,"16-17"
"1273",5832,41.28,"16-17"
"1274",5877,30.58,"16-17"
"1275",5895,54.24,"16-17"
"1276",5922,32.11,"16-17"
"1277",5949,43.96,"16-17"
"1278",5976,50.29,"16-17"
"1279",5994,41.91,"16-17"
"1280",6003,47.23,"16-17"
"1281",6012,32.96,"16-17"
"1282",6030,35.48,"16-17"
"1283",6035,36.36,"16-17"
"1284",6039,63.06,"16-17"
"1285",6091,39.03,"16-17"
"1286",6093,8.19,"16-17"
"1287",6094,30.75,"16-17"
"1288",6095,34.33,"16-17"
"1289",6096,48.27,"16-17"
"1290",6097,62.2,"16-17"
"1291",6098,58.01,"16-17"
"1292",6099,33.61,"16-17"
"1293",6100,29.11,"16-17"
"1294",6101,28.29,"16-17"
"1295",6102,39.27,"16-17"
"1296",6120,25.39,"16-17"
"1297",6138,26.55,"16-17"
"1298",6165,30.99,"16-17"
"1299",6175,46.76,"16-17"
"1300",6219,73.69,"16-17"
"1301",6246,47.06,"16-17"
"1302",6264,40.76,"16-17"
"1303",6273,31.5,"16-17"
"1304",6408,24.1,"16-17"
"1305",6453,7.16,"16-17"
"1306",6460,21.6,"16-17"
"1307",6462,52.38,"16-17"
"1308",6471,36.5,"16-17"
"1309",6509,26.53,"16-17"
"1310",6512,46.13,"16-17"
"1311",6516,68,"16-17"
"1312",6534,16.45,"16-17"
"1313",6536,28.41,"16-17"
"1314",6561,28.94,"16-17"
"1315",6579,24.58,"16-17"
"1316",6591,43.06,"16-17"
"1317",6592,45.76,"16-17"
"1318",6615,10.5,"16-17"
"1319",6651,42.39,"16-17"
"1320",6660,37.04,"16-17"
"1321",6700,40.63,"16-17"
"1322",6741,40.63,"16-17"
"1323",6759,44.79,"16-17"
"1324",6762,13.36,"16-17"
"1325",6768,43.56,"16-17"
"1326",6795,68.95,"16-17"
"1327",6822,15.73,"16-17"
"1328",6840,21.21,"16-17"
"1329",6854,54.42,"16-17"
"1330",6867,48.67,"16-17"
"1331",6921,28.92,"16-17"
"1332",6930,24.22,"16-17"
"1333",6937,44.57,"16-17"
"1334",6943,47.06,"16-17"
"1335",6950,34.6,"16-17"
"1336",6957,34.58,"16-17"
"1337",6961,31.45,"16-17"
"1338",6969,42.09,"16-17"
"1339",6975,59.23,"16-17"
"1340",6983,17.64,"16-17"
"1341",6985,30.41,"16-17"
"1342",6987,47.57,"16-17"
"1343",6990,58.47,"16-17"
"1344",6992,28.82,"16-17"
"1345",7002,63.5,"16-17"
"1346",7029,26,"16-17"
"1347",7038,30.12,"16-17"
"1348",7047,46.56,"16-17"
"1349",7056,30.38,"16-17"
"1350",7092,34.66,"16-17"
"1351",7098,22.03,"16-17"
"1352",7110,33.94,"16-17"
"1353",9,40.9,"17-18"
"1354",18,39.13,"17-18"
"1355",27,17.47,"17-18"
"1356",63,27.82,"17-18"
"1357",72,44,"17-18"
"1358",81,36.68,"17-18"
"1359",99,13.14,"17-18"
"1360",108,40.33,"17-18"
"1361",126,36.11,"17-18"
"1362",135,41.14,"17-18"
"1363",153,37.87,"17-18"
"1364",171,43.42,"17-18"
"1365",225,30.67,"17-18"
"1366",234,46.33,"17-18"
"1367",243,39.26,"17-18"
"1368",261,15.02,"17-18"
"1369",279,30.44,"17-18"
"1370",333,43.38,"17-18"
"1371",355,37.31,"17-18"
"1372",387,45.82,"17-18"
"1373",414,40.41,"17-18"
"1374",423,41.96,"17-18"
"1375",441,37.97,"17-18"
"1376",472,13.96,"17-18"
"1377",504,39.32,"17-18"
"1378",513,19.47,"17-18"
"1379",540,32.1,"17-18"
"1380",549,42.22,"17-18"
"1381",576,32.58,"17-18"
"1382",585,25.43,"17-18"
"1383",594,53.92,"17-18"
"1384",603,42.62,"17-18"
"1385",609,21.95,"17-18"
"1386",621,32.56,"17-18"
"1387",657,35.03,"17-18"
"1388",720,17.31,"17-18"
"1389",729,42.11,"17-18"
"1390",747,32.4,"17-18"
"1391",819,41.45,"17-18"
"1392",846,33.22,"17-18"
"1393",873,39.96,"17-18"
"1394",882,63.75,"17-18"
"1395",914,38.93,"17-18"
"1396",916,56.68,"17-18"
"1397",918,28.04,"17-18"
"1398",936,41.82,"17-18"
"1399",977,52.75,"17-18"
"1400",981,33.66,"17-18"
"1401",999,38.18,"17-18"
"1402",1044,19.36,"17-18"
"1403",1053,53.37,"17-18"
"1404",1062,12.67,"17-18"
"1405",1071,58.38,"17-18"
"1406",1079,35.57,"17-18"
"1407",1080,30.94,"17-18"
"1408",1082,31.04,"17-18"
"1409",1089,32.42,"17-18"
"1410",1093,57.88,"17-18"
"1411",1095,30.7,"17-18"
"1412",1107,53.13,"17-18"
"1413",1116,51.48,"17-18"
"1414",1134,48.07,"17-18"
"1415",1152,40.77,"17-18"
"1416",1197,33.06,"17-18"
"1417",1206,51.35,"17-18"
"1418",1211,58.37,"17-18"
"1419",1215,31.12,"17-18"
"1420",1218,45.57,"17-18"
"1421",1221,22.24,"17-18"
"1422",1233,22.15,"17-18"
"1423",1278,62.18,"17-18"
"1424",1332,43.59,"17-18"
"1425",1337,30.81,"17-18"
"1426",1350,26.75,"17-18"
"1427",1359,40.49,"17-18"
"1428",1368,68.69,"17-18"
"1429",1413,50,"17-18"
"1430",1431,45.6,"17-18"
"1431",1476,58.47,"17-18"
"1432",1503,56.07,"17-18"
"1433",1576,15.75,"17-18"
"1434",1602,24.7,"17-18"
"1435",1611,62.3,"17-18"
"1436",1619,48.61,"17-18"
"1437",1638,19.9,"17-18"
"1438",1675,43.14,"17-18"
"1439",1701,71.6,"17-18"
"1440",1719,10.69,"17-18"
"1441",1737,75.66,"17-18"
"1442",1782,58.18,"17-18"
"1443",1791,21.2,"17-18"
"1444",1863,36.95,"17-18"
"1445",1908,38.76,"17-18"
"1446",1917,39.47,"17-18"
"1447",1926,28.37,"17-18"
"1448",1944,63.78,"17-18"
"1449",1953,24.87,"17-18"
"1450",1963,32.47,"17-18"
"1451",1965,35.16,"17-18"
"1452",1968,35.87,"17-18"
"1453",1970,52.34,"17-18"
"1454",1972,35.28,"17-18"
"1455",1975,46.21,"17-18"
"1456",1989,37.62,"17-18"
"1457",2007,49.29,"17-18"
"1458",2088,38.45,"17-18"
"1459",2097,40.24,"17-18"
"1460",2113,48,"17-18"
"1461",2124,48.63,"17-18"
"1462",2151,40.44,"17-18"
"1463",2169,45.64,"17-18"
"1464",2295,39.29,"17-18"
"1465",2313,59.86,"17-18"
"1466",2322,53.75,"17-18"
"1467",2369,31.67,"17-18"
"1468",2376,33.25,"17-18"
"1469",2403,28.67,"17-18"
"1470",2457,33.09,"17-18"
"1471",2466,6.63,"17-18"
"1472",2493,69.57,"17-18"
"1473",2502,34.64,"17-18"
"1474",2511,36.51,"17-18"
"1475",2520,22.96,"17-18"
"1476",2556,46.73,"17-18"
"1477",2673,46.82,"17-18"
"1478",2682,41.94,"17-18"
"1479",2709,30.16,"17-18"
"1480",2718,37.28,"17-18"
"1481",2727,24.64,"17-18"
"1482",2754,33.87,"17-18"
"1483",2763,34.15,"17-18"
"1484",2766,19,"17-18"
"1485",2772,66.43,"17-18"
"1486",2781,54.74,"17-18"
"1487",2826,32.35,"17-18"
"1488",2834,63.5,"17-18"
"1489",2846,32.54,"17-18"
"1490",2862,46.45,"17-18"
"1491",2977,22.24,"17-18"
"1492",2988,17.9,"17-18"
"1493",3029,44.21,"17-18"
"1494",3033,43.92,"17-18"
"1495",3042,24.24,"17-18"
"1496",3060,38.96,"17-18"
"1497",3105,38.22,"17-18"
"1498",3114,15.31,"17-18"
"1499",3119,24.34,"17-18"
"1500",3141,35.47,"17-18"
"1501",3150,34.73,"17-18"
"1502",3154,33.4,"17-18"
"1503",3168,39.28,"17-18"
"1504",3186,20.21,"17-18"
"1505",3195,45.63,"17-18"
"1506",3204,20.71,"17-18"
"1507",3231,23.67,"17-18"
"1508",3312,64.44,"17-18"
"1509",3330,30.72,"17-18"
"1510",3348,30.16,"17-18"
"1511",3375,40.87,"17-18"
"1512",3420,33.97,"17-18"
"1513",3465,53.25,"17-18"
"1514",3537,66,"17-18"
"1515",3555,15.82,"17-18"
"1516",3600,31.95,"17-18"
"1517",3609,47.71,"17-18"
"1518",3645,32.63,"17-18"
"1519",3691,36.28,"17-18"
"1520",3715,21.02,"17-18"
"1521",3744,16.77,"17-18"
"1522",3798,22.82,"17-18"
"1523",3816,31.85,"17-18"
"1524",3841,36.52,"17-18"
"1525",3897,71.93,"17-18"
"1526",3906,24.8,"17-18"
"1527",3942,25,"17-18"
"1528",3978,42.63,"17-18"
"1529",4023,27.51,"17-18"
"1530",4033,54.46,"17-18"
"1531",4041,57.75,"17-18"
"1532",4043,36.95,"17-18"
"1533",4068,36.05,"17-18"
"1534",4086,27.51,"17-18"
"1535",4104,67.2,"17-18"
"1536",4122,22.54,"17-18"
"1537",4131,48.06,"17-18"
"1538",4149,27.67,"17-18"
"1539",4203,24.74,"17-18"
"1540",4212,40.48,"17-18"
"1541",4269,48.69,"17-18"
"1542",4271,22.94,"17-18"
"1543",4356,37.89,"17-18"
"1544",4419,29.97,"17-18"
"1545",4437,26.44,"17-18"
"1546",4446,29.44,"17-18"
"1547",4491,47.67,"17-18"
"1548",4505,50.22,"17-18"
"1549",4509,30.93,"17-18"
"1550",4518,52.75,"17-18"
"1551",4527,40.63,"17-18"
"1552",4536,45.95,"17-18"
"1553",4554,13.71,"17-18"
"1554",4572,46.95,"17-18"
"1555",4581,53.69,"17-18"
"1556",4599,31.82,"17-18"
"1557",4617,30.69,"17-18"
"1558",4644,52.37,"17-18"
"1559",4662,32.51,"17-18"
"1560",4689,36.17,"17-18"
"1561",4725,54.56,"17-18"
"1562",4772,34.32,"17-18"
"1563",4773,26,"17-18"
"1564",4774,37.97,"17-18"
"1565",4775,28.41,"17-18"
"1566",4776,40.73,"17-18"
"1567",4777,19.96,"17-18"
"1568",4778,59.14,"17-18"
"1569",4779,9.8,"17-18"
"1570",4784,21.43,"17-18"
"1571",4785,36.55,"17-18"
"1572",4787,52.94,"17-18"
"1573",4788,34.69,"17-18"
"1574",4797,17.21,"17-18"
"1575",4860,40.17,"17-18"
"1576",4869,59.5,"17-18"
"1577",4878,21.37,"17-18"
"1578",4890,33.77,"17-18"
"1579",4905,53.52,"17-18"
"1580",4978,63.09,"17-18"
"1581",4995,33.37,"17-18"
"1582",5013,49.1,"17-18"
"1583",5049,42.69,"17-18"
"1584",5121,32.07,"17-18"
"1585",5139,47.85,"17-18"
"1586",5160,25.65,"17-18"
"1587",5163,13.9,"17-18"
"1588",5166,14.61,"17-18"
"1589",5184,73.75,"17-18"
"1590",5250,8.97,"17-18"
"1591",5256,27.45,"17-18"
"1592",5283,51.28,"17-18"
"1593",5310,79.58,"17-18"
"1594",5325,36.15,"17-18"
"1595",5463,63.67,"17-18"
"1596",5486,34.17,"17-18"
"1597",5508,35.56,"17-18"
"1598",5510,33.17,"17-18"
"1599",5607,39.88,"17-18"
"1600",5643,20.79,"17-18"
"1601",5697,40.95,"17-18"
"1602",5724,57.06,"17-18"
"1603",5751,27.67,"17-18"
"1604",5805,48.88,"17-18"
"1605",5823,46.49,"17-18"
"1606",5832,33.94,"17-18"
"1607",5877,29.72,"17-18"
"1608",5895,50.83,"17-18"
"1609",5922,28.53,"17-18"
"1610",5949,41.6,"17-18"
"1611",5976,49,"17-18"
"1612",5994,46.19,"17-18"
"1613",6003,51.49,"17-18"
"1614",6012,30.64,"17-18"
"1615",6030,37.55,"17-18"
"1616",6035,31.86,"17-18"
"1617",6039,58.18,"17-18"
"1618",6091,40.76,"17-18"
"1619",6093,7.57,"17-18"
"1620",6094,22.8,"17-18"
"1621",6095,27.26,"17-18"
"1622",6096,43.88,"17-18"
"1623",6097,68.18,"17-18"
"1624",6098,58.61,"17-18"
"1625",6099,30.32,"17-18"
"1626",6100,30.41,"17-18"
"1627",6101,31.05,"17-18"
"1628",6102,39.74,"17-18"
"1629",6120,26.69,"17-18"
"1630",6138,23.04,"17-18"
"1631",6165,27.35,"17-18"
"1632",6175,42.09,"17-18"
"1633",6219,73.4,"17-18"
"1634",6246,32.88,"17-18"
"1635",6264,40.79,"17-18"
"1636",6273,32.22,"17-18"
"1637",6408,22.14,"17-18"
"1638",6453,7.48,"17-18"
"1639",6460,25.23,"17-18"
"1640",6462,58.02,"17-18"
"1641",6471,38.11,"17-18"
"1642",6509,26.04,"17-18"
"1643",6512,42.11,"17-18"
"1644",6516,48.84,"17-18"
"1645",6534,18.65,"17-18"
"1646",6536,27.01,"17-18"
"1647",6561,28.24,"17-18"
"1648",6579,29.2,"17-18"
"1649",6591,45.22,"17-18"
"1650",6592,45.52,"17-18"
"1651",6615,10.13,"17-18"
"1652",6651,41.42,"17-18"
"1653",6660,39.28,"17-18"
"1654",6700,41.11,"17-18"
"1655",6741,42.15,"17-18"
"1656",6759,43.26,"17-18"
"1657",6762,13.9,"17-18"
"1658",6768,41.68,"17-18"
"1659",6795,56.09,"17-18"
"1660",6822,14.94,"17-18"
"1661",6840,25.61,"17-18"
"1662",6854,52.53,"17-18"
"1663",6867,50.85,"17-18"
"1664",6921,31.15,"17-18"
"1665",6930,17.72,"17-18"
"1666",6937,43.85,"17-18"
"1667",6943,47.29,"17-18"
"1668",6950,33.57,"17-18"
"1669",6957,35.24,"17-18"
"1670",6961,31.14,"17-18"
"1671",6969,43.61,"17-18"
"1672",6975,58.66,"17-18"
"1673",6983,17.41,"17-18"
"1674",6985,26.04,"17-18"
"1675",6987,46.52,"17-18"
"1676",6990,54.79,"17-18"
"1677",6992,31.95,"17-18"
"1678",7002,56.5,"17-18"
"1679",7029,25.17,"17-18"
"1680",7038,26.82,"17-18"
"1681",7047,45.79,"17-18"
"1682",7056,28.15,"17-18"
"1683",7092,31.66,"17-18"
"1684",7098,22.47,"17-18"
"1685",7110,34.01,"17-18"
"1686",9,40.8,"18-19"
"1687",18,41.3,"18-19"
"1688",27,20,"18-19"
"1689",63,32.3,"18-19"
"1690",72,36.1,"18-19"
"1691",81,37.4,"18-19"
"1692",99,22.6,"18-19"
"1693",108,38.4,"18-19"
"1694",126,39.4,"18-19"
"1695",135,43.2,"18-19"
"1696",153,34,"18-19"
"1697",171,47.9,"18-19"
"1698",225,31.7,"18-19"
"1699",234,45,"18-19"
"1700",243,44,"18-19"
"1701",261,16.7,"18-19"
"1702",279,32.8,"18-19"
"1703",333,49.7,"18-19"
"1704",355,49.3,"18-19"
"1705",387,54,"18-19"
"1706",414,45,"18-19"
"1707",441,39.3,"18-19"
"1708",472,18.2,"18-19"
"1709",513,22,"18-19"
"1710",540,33.5,"18-19"
"1711",549,47.4,"18-19"
"1712",576,35.1,"18-19"
"1713",585,27.8,"18-19"
"1714",594,51.2,"18-19"
"1715",603,55.1,"18-19"
"1716",609,24.8,"18-19"
"1717",621,33.1,"18-19"
"1718",657,40.7,"18-19"
"1719",720,19.3,"18-19"
"1720",729,46.1,"18-19"
"1721",747,36.8,"18-19"
"1722",819,44.2,"18-19"
"1723",846,39.7,"18-19"
"1724",873,39.3,"18-19"
"1725",882,67.5,"18-19"
"1726",914,45.5,"18-19"
"1727",916,64,"18-19"
"1728",918,33.8,"18-19"
"1729",936,44.3,"18-19"
"1730",977,57,"18-19"
"1731",981,35.5,"18-19"
"1732",999,42.9,"18-19"
"1733",1044,22.1,"18-19"
"1734",1053,54.3,"18-19"
"1735",1062,15.4,"18-19"
"1736",1071,65.6,"18-19"
"1737",1079,40,"18-19"
"1738",1080,35.1,"18-19"
"1739",1082,32.9,"18-19"
"1740",1089,30.5,"18-19"
"1741",1093,61.1,"18-19"
"1742",1095,35.4,"18-19"
"1743",1107,55.6,"18-19"
"1744",1116,54.3,"18-19"
"1745",1134,57,"18-19"
"1746",1152,39.9,"18-19"
"1747",1197,37.7,"18-19"
"1748",1206,57,"18-19"
"1749",1211,58.2,"18-19"
"1750",1215,34.6,"18-19"
"1751",1218,51,"18-19"
"1752",1221,24.6,"18-19"
"1753",1233,30.8,"18-19"
"1754",1278,63.3,"18-19"
"1755",1332,45,"18-19"
"1756",1337,31.8,"18-19"
"1757",1350,40.6,"18-19"
"1758",1359,37.9,"18-19"
"1759",1368,64.5,"18-19"
"1760",1413,53.3,"18-19"
"1761",1431,51.3,"18-19"
"1762",1476,47.4,"18-19"
"1763",1503,61.3,"18-19"
"1764",1576,17.3,"18-19"
"1765",1602,29,"18-19"
"1766",1611,64.8,"18-19"
"1767",1619,51.4,"18-19"
"1768",1638,22.5,"18-19"
"1769",1675,43.8,"18-19"
"1770",1701,70.6,"18-19"
"1771",1719,13.4,"18-19"
"1772",1737,77.7,"18-19"
"1773",1782,61.7,"18-19"
"1774",1791,24.8,"18-19"
"1775",1863,43.8,"18-19"
"1776",1908,39.9,"18-19"
"1777",1917,44.7,"18-19"
"1778",1926,29.1,"18-19"
"1779",1944,69.4,"18-19"
"1780",1953,25.5,"18-19"
"1781",1963,38.9,"18-19"
"1782",1965,39.4,"18-19"
"1783",1968,37.3,"18-19"
"1784",1970,59.9,"18-19"
"1785",1972,35.5,"18-19"
"1786",1975,49.1,"18-19"
"1787",1989,36.9,"18-19"
"1788",2007,48.5,"18-19"
"1789",2088,41.6,"18-19"
"1790",2097,42.8,"18-19"
"1791",2113,52,"18-19"
"1792",2124,51.8,"18-19"
"1793",2151,42.9,"18-19"
"1794",2169,51.5,"18-19"
"1795",2295,37.4,"18-19"
"1796",2313,60.9,"18-19"
"1797",2322,53.7,"18-19"
"1798",2369,36.5,"18-19"
"1799",2376,35.9,"18-19"
"1800",2403,34.8,"18-19"
"1801",2457,38,"18-19"
"1802",2466,9.5,"18-19"
"1803",2493,69.7,"18-19"
"1804",2502,38.2,"18-19"
"1805",2511,37.5,"18-19"
"1806",2520,25.9,"18-19"
"1807",2556,48.2,"18-19"
"1808",2673,48.1,"18-19"
"1809",2682,46.5,"18-19"
"1810",2709,35.1,"18-19"
"1811",2718,39.8,"18-19"
"1812",2727,27.4,"18-19"
"1813",2754,36.2,"18-19"
"1814",2763,39.8,"18-19"
"1815",2766,38.5,"18-19"
"1816",2772,66.9,"18-19"
"1817",2781,60.8,"18-19"
"1818",2826,39,"18-19"
"1819",2834,67.2,"18-19"
"1820",2846,35.3,"18-19"
"1821",2862,51.8,"18-19"
"1822",2977,24,"18-19"
"1823",2988,17.8,"18-19"
"1824",3029,46.5,"18-19"
"1825",3033,45.3,"18-19"
"1826",3042,28.6,"18-19"
"1827",3060,38,"18-19"
"1828",3105,36.8,"18-19"
"1829",3114,30.7,"18-19"
"1830",3119,27.1,"18-19"
"1831",3141,38.1,"18-19"
"1832",3150,42.4,"18-19"
"1833",3154,37.8,"18-19"
"1834",3168,40.9,"18-19"
"1835",3186,18.6,"18-19"
"1836",3195,44.7,"18-19"
"1837",3204,22,"18-19"
"1838",3231,23.7,"18-19"
"1839",3312,63.3,"18-19"
"1840",3330,35.1,"18-19"
"1841",3348,36,"18-19"
"1842",3375,44.6,"18-19"
"1843",3420,37.4,"18-19"
"1844",3465,54.8,"18-19"
"1845",3537,60.3,"18-19"
"1846",3555,21.2,"18-19"
"1847",3600,36.1,"18-19"
"1848",3609,52.7,"18-19"
"1849",3645,40.1,"18-19"
"1850",3691,38.9,"18-19"
"1851",3715,22.7,"18-19"
"1852",3744,13.9,"18-19"
"1853",3798,29.5,"18-19"
"1854",3816,33.6,"18-19"
"1855",3841,37.8,"18-19"
"1856",3897,77.4,"18-19"
"1857",3906,24,"18-19"
"1858",3942,27.8,"18-19"
"1859",3978,43,"18-19"
"1860",4023,36.3,"18-19"
"1861",4033,56.5,"18-19"
"1862",4041,60.8,"18-19"
"1863",4043,37.4,"18-19"
"1864",4068,35.5,"18-19"
"1865",4086,30.8,"18-19"
"1866",4104,74.2,"18-19"
"1867",4122,26.4,"18-19"
"1868",4131,51.1,"18-19"
"1869",4149,33.3,"18-19"
"1870",4203,28.7,"18-19"
"1871",4212,38.8,"18-19"
"1872",4269,47.8,"18-19"
"1873",4271,24.3,"18-19"
"1874",4356,43.7,"18-19"
"1875",4419,39.1,"18-19"
"1876",4437,34,"18-19"
"1877",4446,33.2,"18-19"
"1878",4491,49.7,"18-19"
"1879",4505,55.5,"18-19"
"1880",4509,43.4,"18-19"
"1881",4518,60.4,"18-19"
"1882",4527,36.8,"18-19"
"1883",4536,50.6,"18-19"
"1884",4554,15.5,"18-19"
"1885",4572,44,"18-19"
"1886",4581,51.6,"18-19"
"1887",4599,37,"18-19"
"1888",4617,33.1,"18-19"
"1889",4644,53.2,"18-19"
"1890",4662,34.3,"18-19"
"1891",4689,40.3,"18-19"
"1892",4725,59,"18-19"
"1893",4772,41.4,"18-19"
"1894",4773,31.3,"18-19"
"1895",4774,42.4,"18-19"
"1896",4775,36.4,"18-19"
"1897",4776,37,"18-19"
"1898",4777,20.8,"18-19"
"1899",4778,64,"18-19"
"1900",4779,10.9,"18-19"
"1901",4784,23.8,"18-19"
"1902",4785,40.9,"18-19"
"1903",4787,67.2,"18-19"
"1904",4788,38.9,"18-19"
"1905",4797,20.1,"18-19"
"1906",4860,48.2,"18-19"
"1907",4869,62.4,"18-19"
"1908",4878,24.9,"18-19"
"1909",4890,37.4,"18-19"
"1910",4905,68.1,"18-19"
"1911",4978,67.5,"18-19"
"1912",4995,35.7,"18-19"
"1913",5013,50.1,"18-19"
"1914",5049,50.7,"18-19"
"1915",5121,38.1,"18-19"
"1916",5139,48.3,"18-19"
"1917",5160,24.1,"18-19"
"1918",5163,11.4,"18-19"
"1919",5166,20.3,"18-19"
"1920",5184,74.4,"18-19"
"1921",5250,10.8,"18-19"
"1922",5256,27.7,"18-19"
"1923",5283,56.7,"18-19"
"1924",5310,100,"18-19"
"1925",5325,39.9,"18-19"
"1926",5463,64.7,"18-19"
"1927",5486,36.1,"18-19"
"1928",5508,43.2,"18-19"
"1929",5510,33.8,"18-19"
"1930",5607,43.2,"18-19"
"1931",5643,23,"18-19"
"1932",5697,43.5,"18-19"
"1933",5724,55.9,"18-19"
"1934",5751,27.7,"18-19"
"1935",5805,58.8,"18-19"
"1936",5823,49.7,"18-19"
"1937",5832,41.6,"18-19"
"1938",5877,32.2,"18-19"
"1939",5895,49.6,"18-19"
"1940",5922,34.1,"18-19"
"1941",5949,43.8,"18-19"
"1942",5976,59.9,"18-19"
"1943",5994,46,"18-19"
"1944",6003,53.8,"18-19"
"1945",6012,36.5,"18-19"
"1946",6030,39.3,"18-19"
"1947",6035,37.2,"18-19"
"1948",6039,61.1,"18-19"
"1949",6091,46.5,"18-19"
"1950",6093,9.5,"18-19"
"1951",6094,31.4,"18-19"
"1952",6095,32.2,"18-19"
"1953",6096,44.1,"18-19"
"1954",6097,60,"18-19"
"1955",6098,58.6,"18-19"
"1956",6099,39,"18-19"
"1957",6100,34.7,"18-19"
"1958",6101,31.4,"18-19"
"1959",6102,44.1,"18-19"
"1960",6120,31.3,"18-19"
"1961",6138,28.6,"18-19"
"1962",6165,29.7,"18-19"
"1963",6175,44.6,"18-19"
"1964",6219,73.9,"18-19"
"1965",6246,53.9,"18-19"
"1966",6264,43.1,"18-19"
"1967",6273,36.6,"18-19"
"1968",6408,26.4,"18-19"
"1969",6453,11.1,"18-19"
"1970",6460,28.1,"18-19"
"1971",6462,63.9,"18-19"
"1972",6471,41.1,"18-19"
"1973",6509,34.2,"18-19"
"1974",6512,46.2,"18-19"
"1975",6516,52.4,"18-19"
"1976",6534,18,"18-19"
"1977",6536,29.3,"18-19"
"1978",6561,28.2,"18-19"
"1979",6579,33.1,"18-19"
"1980",6592,45,"18-19"
"1981",6615,10.8,"18-19"
"1982",6651,59.7,"18-19"
"1983",6660,38.5,"18-19"
"1984",6700,47,"18-19"
"1985",6741,45.3,"18-19"
"1986",6759,43.9,"18-19"
"1987",6762,18.1,"18-19"
"1988",6768,48.2,"18-19"
"1989",6795,65.5,"18-19"
"1990",6822,16,"18-19"
"1991",6840,25.5,"18-19"
"1992",6854,50.3,"18-19"
"1993",6867,52.5,"18-19"
"1994",6921,35.1,"18-19"
"1995",6930,21,"18-19"
"1996",6937,48.2,"18-19"
"1997",6943,51.5,"18-19"
"1998",6950,35.3,"18-19"
"1999",6957,37.4,"18-19"
"2000",6961,31.8,"18-19"
"2001",6969,46.4,"18-19"
"2002",6975,59.7,"18-19"
"2003",6983,24,"18-19"
"2004",6985,32,"18-19"
"2005",6987,50.2,"18-19"
"2006",6990,56.4,"18-19"
"2007",6992,31.3,"18-19"
"2008",7002,58.3,"18-19"
"2009",7029,26,"18-19"
"2010",7038,29.6,"18-19"
"2011",7047,54.5,"18-19"
"2012",7056,32.5,"18-19"
"2013",7092,38,"18-19"
"2014",7098,30.1,"18-19"
"2015",7110,15.3,"18-19"
