County,District,AEA,District Name,4 Year Numerator,4 Year Denominator,4 Year Graduation Rate,5 Year Numerator,5 Year Denominator,5 Year Graduation Rate,7-12 Dropout Rate,7-12 Enrollment,7-12 Dropout Rate,9-12 Dropouts,9-12 Enrollment,9-12 Dropout Rate,School Grade Range
42,0009,07,AGWSR,35,35,100,44,45,97.78,2,225,0.89,2,158,1.27,Grades 7-12
39,0018,11,Adair-Casey,26,27,96.3,17,17,100,1,124,0.81,1,82,1.22,No Grades 9-12
25,0027,11,Adel DeSoto Minburn,108,109,99.08,115,119,96.64,4,728,0.55,4,479,0.84,Grades 7-12
75,0063,12,Akron Westfield,34,35,97.14,33,33,100,1,237,0.42,1,160,0.63,Grades 7-12
11,0072,05,Albert City-Truesdale,****,****,****,,,,,,,,,,No Grades 7-12
68,0081,15,Albia,87,90,96.67,83,86,96.51,4,535,0.75,4,353,1.13,Grades 7-12
57,0099,10,Alburnett,44,48,91.67,60,66,90.91,7,288,2.43,7,197,3.55,Grades 7-12
42,0108,07,Alden,****,****,****,,,,,,,,,,No Grades 7-12
55,0126,05,Algona,111,121,91.74,100,105,95.24,2,672,0.3,2,460,0.43,Grades 7-12
03,0135,01,Allamakee,99,102,97.06,93,95,97.89,10,587,1.7,9,382,2.36,Grades 7-12
12,0153,07,North Butler,50,51,98.04,43,44,97.73,2,258,0.78,2,183,1.09,Grades 7-12
11,0171,05,Alta,51,52,98.08,41,41,100,2,222,0.9,2,222,0.9,Grades 7-12
85,0225,11,Ames,274,294,93.2,294,310,94.84,21,1881,1.12,21,1263,1.66,Grades 7-12
53,0234,10,Anamosa,87,96,90.63,84,89,94.38,7,599,1.17,7,385,1.82,Grades 7-12
49,0243,09,Andrew,****,****,****,,,,2,36,5.56,****,****,****,No Grades 9-12
77,0261,11,Ankeny,620,639,97.03,570,602,94.68,30,4447,0.67,30,2836,1.06,Grades 7-12
12,0279,07,Aplington-Parkersburg,73,77,94.81,58,59,98.31,3,404,0.74,3,280,1.07,Grades 7-12
32,0333,05,North Union,35,37,94.59,44,46,95.65,,188,0,,188,0,Grades 7-12
24,0355,12,Ar-We-Va,12,12,100,14,14,100,,93,0,,60,0,Grades 7-12
15,0387,13,Atlantic,77,83,92.77,104,106,98.11,14,655,2.14,14,429,3.26,Grades 7-12
05,0414,11,Audubon,55,56,98.21,44,44,100,1,242,0.41,1,157,0.64,Grades 7-12
18,0423,12,Aurelia,****,****,****,,,,,115,0,,,,No Grades 9-12
78,0441,13,AHSTW,58,58,100,39,40,97.5,1,334,0.3,1,237,0.42,Grades 7-12
85,0472,11,Ballard,110,117,94.02,127,130,97.69,4,802,0.5,4,522,0.77,Grades 7-12
47,0504,12,Battle Creek-Ida Grove,48,54,88.89,75,76,98.68,4,237,1.69,4,237,1.69,Grades 7-12
50,0513,11,Baxter,32,34,94.12,27,27,100,1,203,0.49,1,138,0.72,Grades 7-12
38,0540,07,BCLUW,49,50,98,38,42,90.48,3,287,1.05,3,212,1.42,Grades 7-12
87,0549,13,Bedford,41,43,95.35,34,34,100,2,213,0.94,2,150,1.33,Grades 7-12
06,0576,10,Belle Plaine,33,39,84.62,27,27,100,2,261,0.77,2,174,1.15,Grades 7-12
49,0585,09,Bellevue,50,51,98.04,55,57,96.49,1,314,0.32,1,213,0.47,Grades 7-12
99,0594,07,Belmond-Klemme,45,47,95.74,49,50,98,2,326,0.61,1,220,0.45,Grades 7-12
16,0603,09,Bennett,****,****,****,,,,****,****,****,****,****,****,No Grades 7-12
06,0609,10,Benton,95,104,91.35,113,116,97.41,9,684,1.32,9,469,1.92,Grades 7-12
82,0621,09,Bettendorf,348,373,93.3,316,333,94.89,28,2271,1.23,28,1531,1.83,Grades 7-12
90,0657,15,Eddyville-Blakesburg-,45,52,86.54,62,69,89.86,10,428,2.34,9,273,3.3,Grades 7-12
77,0720,11,Bondurant-Farrar,111,119,93.28,88,94,93.62,5,779,0.64,5,504,0.99,Grades 7-12
08,0729,11,Boone,161,173,93.06,175,187,93.58,18,1013,1.78,18,720,2.5,Grades 7-12
84,0747,12,Boyden-Hull,44,47,93.62,52,54,96.3,3,298,1.01,3,187,1.6,Grades 7-12
41,0819,07,West Hancock,36,42,85.71,37,43,86.05,5,256,1.95,5,168,2.98,Grades 7-12
79,0846,07,Brooklyn-Guernsey-Malcom,54,54,100,38,43,88.37,2,258,0.78,2,181,1.1,Grades 7-12
95,0873,07,North Iowa,28,29,96.55,34,35,97.14,5,205,2.44,5,144,3.47,Grades 7-12
29,0882,15,Burlington,180,257,70.04,221,286,77.27,148,1755,8.43,148,1166,12.69,Grades 7-12
15,0914,13,CAM,69,86,80.23,54,63,85.71,43,527,8.16,43,389,11.05,Grades 7-12
48,0916,07,CAL,14,14,100,20,20,100,,105,0,,70,0,Grades 7-12
23,0918,09,Calamus-Wheatland,34,41,82.93,37,39,94.87,10,247,4.05,10,175,5.71,Grades 7-12
23,0936,09,Camanche,79,87,90.8,71,76,93.42,9,487,1.85,9,321,2.8,Grades 7-12
90,0977,15,Cardinal,41,45,91.11,53,54,98.15,3,296,1.01,3,203,1.48,Grades 7-12
91,0981,11,Carlisle,148,157,94.27,144,146,98.63,4,938,0.43,4,635,0.63,Grades 7-12
14,0999,11,Carroll,104,109,95.41,102,108,94.44,8,723,1.11,8,487,1.64,Grades 7-12
07,1044,07,Cedar Falls,385,401,96.01,323,336,96.13,14,2321,0.6,14,1550,0.9,Grades 7-12
57,1053,10,Cedar Rapids,979,1167,83.89,1015,1167,86.98,283,7440,3.8,280,5083,5.51,Grades 7-12
57,1062,10,Center Point-Urbana,96,104,92.31,82,83,98.8,5,683,0.73,5,433,1.15,Grades 7-12
04,1071,15,Centerville,85,95,89.47,87,95,91.58,12,598,2.01,12,379,3.17,Grades 7-12
56,1079,15,Central Lee,73,76,96.05,76,88,86.36,3,476,0.63,3,328,0.91,Grades 7-12
22,1080,01,Central,36,38,94.74,33,34,97.06,,201,0,,137,0,Grades 7-12
23,1082,09,Central DeWitt,121,130,93.08,106,112,94.64,9,727,1.24,9,515,1.75,Grades 7-12
57,1089,10,Central City,37,37,100,42,44,95.45,3,219,1.37,3,151,1.99,Grades 7-12
27,1093,13,Central Decatur,43,45,95.56,56,58,96.55,3,302,0.99,3,212,1.42,Grades 7-12
60,1095,12,Central Lyon,42,45,93.33,35,37,94.59,,290,0,,183,0,Grades 7-12
59,1107,15,Chariton,101,103,98.06,100,102,98.04,5,616,0.81,5,425,1.18,Grades 7-12
34,1116,07,Charles City,106,109,97.25,109,117,93.16,11,763,1.44,11,501,2.2,Grades 7-12
24,1134,12,Charter Oak-Ute,19,20,95,21,21,100,1,128,0.78,1,85,1.18,Grades 7-12
18,1152,12,Cherokee,73,80,91.25,63,65,96.92,11,444,2.48,11,300,3.67,Grades 7-12
73,1197,13,Clarinda,81,84,96.43,75,79,94.94,6,450,1.33,5,316,1.58,Grades 7-12
99,1206,05,Clarion-Goldfield-Dows,51,54,94.44,68,69,98.55,7,425,1.65,7,297,2.36,Grades 7-12
20,1211,13,Clarke,80,87,91.95,65,71,91.55,19,573,3.32,19,378,5.03,Grades 7-12
12,1215,07,Clarksville,22,25,88,18,18,100,,135,0,,87,0,Grades 7-12
21,1218,05,Clay Central-Everly,19,21,90.48,24,25,96,1,136,0.74,1,99,1.01,Grades 7-12
52,1221,10,Clear Creek Amana,114,135,84.44,133,144,92.36,17,914,1.86,17,601,2.83,Grades 7-12
17,1233,07,Clear Lake,95,98,96.94,110,115,95.65,3,578,0.52,3,381,0.79,Grades 7-12
23,1278,09,Clinton,242,270,89.63,210,242,86.78,61,1612,3.78,58,1085,5.35,Grades 7-12
50,1332,11,Colfax-Mingo,42,42,100,40,45,88.89,5,295,1.69,5,181,2.76,Grades 7-12
57,1337,10,College,285,308,92.53,320,335,95.52,24,2294,1.05,23,1460,1.58,Grades 7-12
85,1350,11,Collins-Maxwell,23,24,95.83,35,40,87.5,4,203,1.97,4,137,2.92,Grades 7-12
85,1359,11,Colo-NESCO,27,28,96.43,36,37,97.3,4,210,1.9,4,141,2.84,Grades 7-12
58,1368,09,Columbus,48,58,82.76,56,58,96.55,4,344,1.16,4,230,1.74,Grades 7-12
14,1413,11,Coon Rapids-Bayard,25,26,96.15,30,31,96.77,2,180,1.11,2,122,1.64,Grades 7-12
02,1431,13,Corning,43,45,95.56,53,55,96.36,2,197,1.02,2,197,1.02,Grades 7-12
78,1476,13,Council Bluffs,507,582,87.11,583,643,90.67,58,3774,1.54,58,2443,2.37,Grades 7-12
88,1503,13,Creston,119,125,95.2,122,125,97.6,14,675,2.07,14,475,2.95,Grades 7-12
25,1576,11,Dallas Center-Grimes,168,170,98.82,165,172,95.93,3,1145,0.26,3,749,0.4,Grades 7-12
29,1602,15,Danville,46,48,95.83,51,55,92.73,4,293,1.37,4,197,2.03,Grades 7-12
82,1611,09,Davenport,872,1044,83.52,926,1063,87.11,283,6875,4.12,280,4649,6.02,Grades 7-12
26,1619,15,Davis County,89,95,93.68,79,88,89.77,2,527,0.38,2,365,0.55,Grades 7-12
96,1638,01,Decorah Community,152,153,99.35,126,128,98.44,5,823,0.61,5,573,0.87,Grades 7-12
23,1675,09,Delwood,,0,,,,,,,,,,,No Grades 7-12
24,1701,12,Denison,167,188,88.83,185,195,94.87,24,1003,2.39,24,693,3.46,Grades 7-12
09,1719,07,Denver,54,57,94.74,42,43,97.67,3,338,0.89,3,220,1.36,Grades 7-12
77,1737,11,Des Moines Independent,1676,2065,81.16,1626,1937,83.94,626,13706,4.57,619,9281,6.67,Grades 7-12
80,1782,13,Diagonal,****,****,****,9,10,90,1,52,1.92,1,38,2.63,Grades 7-12
38,1791,07,Dike-New Hartford,60,60,100,49,49,100,1,401,0.25,1,267,0.37,Grades 7-12
31,1863,01,Dubuque,701,781,89.76,748,803,93.15,73,4899,1.49,71,3272,2.17,Grades 7-12
07,1908,07,Dunkerton,35,37,94.59,31,32,96.88,3,214,1.4,3,145,2.07,Grades 7-12
43,1917,13,Boyer Valley,22,28,78.57,32,33,96.97,5,215,2.33,5,141,3.55,Grades 7-12
16,1926,09,Durant,56,60,93.33,42,46,91.3,6,324,1.85,6,221,2.71,Grades 7-12
99,1944,05,Eagle Grove,45,48,93.75,52,56,92.86,6,354,1.69,6,233,2.58,Grades 7-12
61,1953,11,Earlham,43,44,97.73,46,46,100,1,300,0.33,1,203,0.49,Grades 7-12
10,1963,07,East Buchanan,42,42,100,33,35,94.29,,254,0,,165,0,Grades 7-12
49,1965,09,Easton Valley,32,36,88.89,43,43,100,7,230,3.04,7,162,4.32,Grades 7-12
64,1968,07,East Marshall,64,70,91.43,60,65,92.31,5,401,1.25,5,289,1.73,Grades 7-12
88,1970,13,East Union,37,40,92.5,20,20,100,4,222,1.8,3,145,2.07,Grades 7-12
03,1972,01,Eastern Allamakee,25,26,96.15,30,30,100,1,178,0.56,1,118,0.85,Grades 7-12
97,1975,12,River Valley,26,26,100,22,22,100,1,188,0.53,1,119,0.84,Grades 7-12
28,1989,01,Edgewood-Colesburg,42,43,97.67,41,42,97.62,,240,0,,162,0,Grades 7-12
42,2007,07,Eldora-New Providence,56,57,98.25,69,69,100,4,286,1.4,4,286,1.4,Grades 7-12
74,2088,05,Emmetsburg,57,57,100,45,50,90,3,372,0.81,3,250,1.2,Grades 7-12
48,2097,10,English Valleys,31,35,88.57,37,37,100,1,202,0.5,1,142,0.7,Grades 7-12
73,2113,13,Essex,15,15,100,13,13,100,,116,0,,83,0,Grades 7-12
32,2124,05,Estherville Lincoln,83,90,92.22,70,76,92.11,2,549,0.36,2,364,0.55,Grades 7-12
83,2151,11,Exira-Elk Horn-,23,23,100,33,34,97.06,,174,0,,116,0,Grades 7-12
51,2169,15,Fairfield,112,132,84.85,95,102,93.14,20,786,2.54,20,521,3.84,Grades 7-12
95,2295,07,Forest City,76,79,96.2,86,89,96.63,6,554,1.08,6,372,1.61,Grades 7-12
94,2313,05,Fort Dodge,222,264,84.09,214,254,84.25,93,1677,5.55,93,1138,8.17,Grades 7-12
56,2322,15,Fort Madison,155,172,90.12,121,135,89.63,29,921,3.15,29,637,4.55,Grades 7-12
36,2369,13,Fremont-Mills,31,33,93.94,40,42,95.24,1,208,0.48,1,139,0.72,Grades 7-12
47,2376,12,Galva-Holstein,65,65,100,58,59,98.31,,213,0,,213,0,Grades 7-12
41,2403,07,Garner-Hayfield-Ventura,93,97,95.88,84,84,100,,489,0,,345,0,Grades 7-12
60,2457,12,George-Little Rock,37,39,94.87,27,28,96.43,4,221,1.81,4,156,2.56,Grades 7-12
85,2466,11,Gilbert,92,93,98.92,100,101,99.01,2,657,0.3,1,434,0.23,Grades 7-12
46,2493,05,Gilmore City-Bradgate,,,,,,,****,****,****,****,****,****,No Grades 7-12
38,2502,07,Gladbrook-Reinbeck,44,46,95.65,45,47,95.74,1,232,0.43,1,169,0.59,Grades 7-12
65,2511,13,Glenwood,147,149,98.66,145,151,96.03,5,948,0.53,5,634,0.79,Grades 7-12
14,2520,11,Glidden-Ralston,30,30,100,25,25,100,,150,0,,108,0,Grades 7-12
74,2556,05,Graettinger-Terril,21,21,100,15,15,100,3,150,2,3,102,2.94,Grades 7-12
01,2673,13,Nodaway Valley,44,44,100,48,48,100,1,307,0.33,1,196,0.51,Grades 7-12
86,2682,07,GMG,26,26,100,37,39,94.87,2,232,0.86,2,152,1.32,Grades 7-12
79,2709,07,Grinnell-Newburg,103,115,89.57,110,121,90.91,12,759,1.58,11,523,2.1,Grades 7-12
15,2718,13,Griswold,30,32,93.75,49,49,100,4,235,1.7,4,170,2.35,Grades 7-12
38,2727,07,Grundy Center,47,47,100,36,36,100,1,299,0.33,1,202,0.5,Grades 7-12
39,2754,11,Guthrie Center,30,32,93.75,31,33,93.94,5,236,2.12,5,159,3.14,Grades 7-12
22,2763,01,Clayton Ridge,52,62,83.87,62,68,91.18,27,482,5.6,26,344,7.56,Grades 7-12
48,2766,10,H-L-V,29,29,100,23,23,100,2,157,1.27,2,105,1.9,Grades 7-12
36,2772,13,Hamburg,****,****,****,****,****,****,****,****,****,****,****,****,No Grades 9-12
35,2781,07,Hampton-Dumont,80,85,94.12,83,87,95.4,10,525,1.9,10,360,2.78,Grades 7-12
83,2826,13,Harlan,128,135,94.81,103,110,93.64,8,795,1.01,8,524,1.53,Grades 7-12
89,2834,15,Harmony,15,16,93.75,18,19,94.74,2,106,1.89,2,69,2.9,No Grades 7-12
30,2846,05,Harris-Lake Park,24,26,92.31,11,11,100,4,164,2.44,4,102,3.92,Grades 7-12
71,2862,12,Hartley-Melvin-Sanborn,42,43,97.67,56,62,90.32,2,273,0.73,2,179,1.12,Grades 7-12
92,2977,10,Highland,31,40,77.5,55,57,96.49,5,307,1.63,5,209,2.39,Grades 7-12
75,2988,12,Hinton,58,59,98.31,51,51,100,,327,0,,224,0,Grades 7-12
45,3029,01,Howard-Winneshiek,97,102,95.1,84,93,90.32,9,578,1.56,9,400,2.25,Grades 7-12
42,3033,07,Hubbard-Radcliffe,****,****,****,****,****,****,1,133,0.75,****,****,****,No Grades 9-12
07,3042,07,Hudson,56,57,98.25,53,55,96.36,5,306,1.63,5,189,2.65,Grades 7-12
46,3060,05,Humboldt,87,99,87.88,112,121,92.56,13,702,1.85,13,463,2.81,Grades 7-12
10,3105,07,Independence,95,104,91.35,96,99,96.97,11,677,1.62,11,468,2.35,Grades 7-12
91,3114,11,Indianola,284,297,95.62,248,257,96.5,14,1692,0.83,14,1131,1.24,Grades 7-12
61,3119,11,Interstate 35,62,65,95.38,65,67,97.01,2,383,0.52,2,266,0.75,Grades 7-12
52,3141,10,Iowa City,840,895,93.85,808,848,95.28,64,5710,1.12,62,3801,1.63,Grades 7-12
42,3150,07,Iowa Falls,81,87,93.1,93,99,93.94,9,627,1.44,9,419,2.15,Grades 7-12
48,3154,10,Iowa Valley,33,39,84.62,45,48,93.75,,221,0,,137,0,Grades 7-12
14,3168,13,IKM-Manning,51,52,98.08,57,57,100,5,307,1.63,5,218,2.29,Grades 7-12
09,3186,07,Janesville Consolidated,29,29,100,33,34,97.06,3,152,1.97,3,104,2.88,Grades 7-12
37,3195,05,Greene County,95,99,95.96,82,90,91.11,7,611,1.15,7,416,1.68,Grades 7-12
10,3204,07,Jesup,52,54,96.3,46,48,95.83,1,360,0.28,1,216,0.46,Grades 7-12
77,3231,11,Johnston,463,481,96.26,460,467,98.5,7,3101,0.23,7,2044,0.34,Grades 7-12
56,3312,15,Keokuk,129,145,88.97,147,158,93.04,20,839,2.38,20,579,3.45,Grades 7-12
54,3330,15,Keota,16,17,94.12,23,24,95.83,1,130,0.77,1,76,1.32,Grades 7-12
75,3348,12,Kingsley-Pierson,46,49,93.88,18,21,85.71,3,231,1.3,3,164,1.83,Grades 7-12
63,3375,11,Knoxville,128,136,94.12,116,123,94.31,18,782,2.3,18,529,3.4,Grades 7-12
95,3420,07,Lake Mills,46,52,88.46,43,45,95.56,5,321,1.56,5,209,2.39,Grades 7-12
27,3465,13,Lamoni,14,14,100,30,30,100,6,131,4.58,6,78,7.69,Grades 7-12
76,3537,05,Laurens-Marathon,21,21,100,16,16,100,4,113,3.54,4,77,5.19,Grades 7-12
97,3555,12,Lawton-Bronson,45,47,95.74,39,41,95.12,2,271,0.74,2,177,1.13,Grades 7-12
75,3600,12,Le Mars,158,163,96.93,181,183,98.91,9,967,0.93,8,634,1.26,Grades 7-12
87,3609,13,Lenox,30,30,100,34,36,94.44,,194,0,,134,0,Grades 7-12
78,3645,13,Lewis Central,219,236,92.8,201,212,94.81,22,1456,1.51,22,972,2.26,Grades 7-12
16,3691,10,North Cedar,53,61,86.89,65,68,95.59,6,379,1.58,6,266,2.26,Grades 7-12
57,3715,10,Linn-Mar,436,470,92.77,475,490,96.94,38,3182,1.19,38,2052,1.85,Grades 7-12
57,3744,10,Lisbon,36,39,92.31,51,51,100,4,282,1.42,4,188,2.13,Grades 7-12
43,3798,13,Logan-Magnolia,42,44,95.45,38,41,92.68,2,302,0.66,2,201,1,Grades 7-12
52,3816,10,Lone Tree,27,28,96.43,39,39,100,4,204,1.96,4,131,3.05,Grades 7-12
58,3841,09,Louisa-Muscatine,59,66,89.39,61,66,92.42,8,396,2.02,8,263,3.04,Grades 7-12
55,3897,05,LuVerne,****,****,****,12,12,100,****,****,****,****,****,****,No Grades 7-12
50,3906,11,Lynnville-Sully,31,33,93.94,33,34,97.06,2,217,0.92,2,146,1.37,Grades 7-12
08,3942,11,Madrid,48,55,87.27,47,48,97.92,3,334,0.9,3,217,1.38,Grades 7-12
65,3978,13,East Mills,40,41,97.56,33,33,100,4,222,1.8,4,152,2.63,Grades 7-12
13,4023,05,Manson Northwest Webster,54,57,94.74,40,43,93.02,5,339,1.47,5,231,2.16,Grades 7-12
67,4033,12,Maple Valley-Anthon Oto,43,45,95.56,45,47,95.74,3,269,1.12,2,186,1.08,Grades 7-12
49,4041,09,Maquoketa,116,129,89.92,113,123,91.87,18,756,2.38,18,525,3.43,Grades 7-12
28,4043,01,Maquoketa Valley,57,57,100,42,44,95.45,1,330,0.3,1,223,0.45,Grades 7-12
18,4068,12,Marcus-Meriden-Cleghorn,28,30,93.33,34,36,94.44,1,146,0.68,1,99,1.01,Grades 7-12
57,4086,10,Marion Independent,135,144,93.75,150,155,96.77,12,964,1.24,12,644,1.86,Grades 7-12
64,4104,07,Marshalltown,288,343,83.97,291,329,88.45,95,2139,4.44,94,1418,6.63,Grades 7-12
91,4122,11,Martensdale-St Marys,33,36,91.67,39,42,92.86,2,274,0.73,2,183,1.09,Grades 7-12
17,4131,07,Mason City,243,266,91.35,227,249,91.16,40,1637,2.44,38,1091,3.48,Grades 7-12
84,4149,12,MOC-Floyd Valley,102,103,99.03,90,90,100,4,619,0.65,4,436,0.92,Grades 7-12
29,4203,15,Mediapolis,64,70,91.43,60,68,88.24,3,387,0.78,3,280,1.07,Grades 7-12
63,4212,11,Melcher-Dallas,15,18,83.33,22,24,91.67,8,129,6.2,8,82,9.76,Grades 7-12
53,4269,10,Midland,27,30,90,35,37,94.59,2,212,0.94,2,142,1.41,Grades 7-12
92,4271,10,Mid-Prairie,68,84,80.95,73,76,96.05,8,549,1.46,7,355,1.97,Grades 7-12
43,4356,13,Missouri Valley,68,69,98.55,57,57,100,4,394,1.02,4,263,1.52,Grades 7-12
22,4419,01,MFL MarMac,66,70,94.29,49,50,98,,328,0,,233,0,Grades 7-12
79,4437,07,Montezuma,22,23,95.65,37,37,100,1,232,0.43,1,162,0.62,Grades 7-12
53,4446,10,Monticello,79,86,91.86,75,80,93.75,2,530,0.38,2,343,0.58,Grades 7-12
04,4491,15,Moravia,27,28,96.43,17,19,89.47,1,177,0.56,1,116,0.86,Grades 7-12
93,4505,13,Mormon Trail,13,14,92.86,17,18,94.44,1,98,1.02,1,67,1.49,Grades 7-12
58,4509,15,Morning Sun,12,16,75,16,17,94.12,****,****,****,****,****,****,No Grades 7-12
04,4518,15,Moulton-Udell,21,21,100,11,11,100,2,94,2.13,2,66,3.03,Grades 7-12
80,4527,13,Mount Ayr,40,41,97.56,40,43,93.02,,280,0,,173,0,Grades 7-12
44,4536,15,Mount Pleasant,147,159,92.45,147,156,94.23,18,977,1.84,18,674,2.67,Grades 7-12
57,4554,10,Mount Vernon,92,97,94.85,70,71,98.59,2,617,0.32,2,413,0.48,Grades 7-12
20,4572,13,Murray,25,25,100,27,28,96.43,3,158,1.9,3,111,2.7,Grades 7-12
70,4581,09,Muscatine,283,350,80.86,328,381,86.09,82,2320,3.53,80,1508,5.31,Grades 7-12
09,4599,07,Nashua-Plainfield,47,49,95.92,45,48,93.75,3,282,1.06,3,193,1.55,Grades 7-12
85,4617,11,Nevada,99,102,97.06,94,103,91.26,6,688,0.87,6,464,1.29,Grades 7-12
11,4644,05,Newell-Fonda,34,37,91.89,30,31,96.77,2,206,0.97,2,150,1.33,Grades 7-12
19,4662,01,New Hampton,76,83,91.57,76,82,92.68,12,496,2.42,12,358,3.35,Grades 7-12
44,4689,15,New London,39,42,92.86,35,36,97.22,4,242,1.65,2,164,1.22,Grades 7-12
50,4725,11,Newton,186,208,89.42,197,207,95.17,26,1320,1.97,26,866,3,Grades 7-12
98,4772,07,Central Springs,57,61,93.44,50,52,96.15,1,334,0.3,1,237,0.42,Grades 7-12
23,4773,09,Northeast,73,75,97.33,73,74,98.65,2,438,0.46,2,305,0.66,Grades 7-12
33,4774,01,North Fayette,77,77,100,91,93,97.85,2,352,0.57,2,352,0.57,Grades 7-12
40,4775,05,Northeast Hamilton,****,****,****,14,14,100,,,,,,,No Grades 7-12
62,4776,15,North Mahaska,29,36,80.56,37,44,84.09,4,253,1.58,4,181,2.21,Grades 7-12
57,4777,10,North Linn,46,47,97.87,45,47,95.74,3,304,0.99,3,198,1.52,Grades 7-12
55,4778,05,North Kossuth,****,****,****,,0,,,101,0,,,,No Grades 9-12
77,4779,11,North Polk,87,87,100,80,81,98.77,1,642,0.16,1,412,0.24,Grades 7-12
82,4784,09,North Scott,209,225,92.89,238,246,96.75,14,1437,0.97,14,953,1.47,Grades 7-12
86,4785,07,North Tama County,34,39,87.18,41,44,93.18,3,227,1.32,2,147,1.36,Grades 7-12
96,4787,01,North Winneshiek,****,****,****,****,****,****,1,23,4.35,****,****,****,No Grades 9-12
98,4788,07,Northwood-Kensett,46,47,97.87,30,30,100,3,249,1.2,3,170,1.76,Grades 7-12
91,4797,11,Norwalk,210,219,95.89,164,175,93.71,14,1223,1.14,14,835,1.68,Grades 7-12
81,4860,05,Odebolt-Arthur,,,,,,,,168,0,,,,No Grades 9-12
33,4869,01,Oelwein,76,84,90.48,104,111,93.69,14,569,2.46,14,378,3.7,Grades 7-12
08,4878,11,Ogden,53,54,98.15,63,65,96.92,1,356,0.28,1,240,0.42,Grades 7-12
30,4890,05,Okoboji,60,63,95.24,62,67,92.54,8,390,2.05,8,258,3.1,Grades 7-12
53,4905,10,Olin Consolidated,****,****,****,,,,,,,,,,No Grades 7-12
01,4978,13,Orient-Macksburg,10,11,90.91,****,****,****,,75,0,,55,0,Grades 7-12
66,4995,07,Osage,74,75,98.67,69,70,98.57,5,448,1.12,5,310,1.61,Grades 7-12
62,5013,15,Oskaloosa,130,153,84.97,155,173,89.6,34,1064,3.2,34,702,4.84,Grades 7-12
90,5049,15,Ottumwa,249,299,83.28,283,325,87.08,63,1905,3.31,63,1260,5,Grades 7-12
39,5121,11,Panorama,68,71,95.77,53,55,96.36,3,355,0.85,3,234,1.28,Grades 7-12
37,5139,05,Paton-Churdan,13,13,100,16,18,88.89,,84,0,,55,0,Grades 7-12
50,5160,11,PCM,65,69,94.2,79,80,98.75,1,495,0.2,1,316,0.32,Grades 7-12
54,5163,15,Pekin,47,48,97.92,52,56,92.86,2,313,0.64,2,205,0.98,Grades 7-12
63,5166,11,Pella,154,158,97.47,136,140,97.14,1,1012,0.1,1,676,0.15,Grades 7-12
25,5184,11,Perry,134,139,96.4,126,131,96.18,10,843,1.19,9,573,1.57,Grades 7-12
82,5250,09,Pleasant Valley,286,296,96.62,309,312,99.04,9,2006,0.45,9,1337,0.67,Grades 7-12
63,5256,11,Pleasantville,53,56,94.64,32,33,96.97,2,343,0.58,2,235,0.85,Grades 7-12
76,5283,05,Pocahontas Area,62,70,88.57,39,48,81.25,3,354,0.85,3,247,1.21,Grades 7-12
03,5310,01,Postville,29,32,90.63,46,49,93.88,5,260,1.92,5,173,2.89,Grades 7-12
94,5325,05,Prairie Valley,73,74,98.65,76,77,98.7,2,340,0.59,2,340,0.59,Grades 7-12
69,5463,13,Red Oak,75,82,91.46,69,74,93.24,12,508,2.36,12,347,3.46,Grades 7-12
75,5486,12,Remsen-Union,23,25,92,26,27,96.3,,143,0,,98,0,No Grades 9-12
45,5508,01,Riceville,13,15,86.67,26,28,92.86,1,134,0.75,1,83,1.2,Grades 7-12
78,5510,13,Riverside,43,50,86,44,45,97.78,6,267,2.25,6,170,3.53,Grades 7-12
84,5607,12,Rock Valley,66,67,98.51,55,56,98.21,,347,0,,234,0,Grades 7-12
85,5643,11,Roland-Story,66,67,98.51,72,75,96,2,494,0.4,2,332,0.6,Grades 7-12
34,5697,07,Rudd-Rockford-Marble Rk,42,42,100,36,36,100,,252,0,,181,0,Grades 7-12
74,5724,05,Ruthven-Ayrshire,13,13,100,19,19,100,2,94,2.13,2,67,2.99,Grades 7-12
66,5751,07,St Ansgar,53,54,98.15,53,53,100,1,307,0.33,1,205,0.49,Grades 7-12
77,5805,11,Saydel,101,109,92.66,106,116,91.38,6,615,0.98,6,425,1.41,Grades 7-12
81,5823,05,Schaller-Crestland,,,,,0,,,87,0,,,,No Grades 9-12
24,5832,12,Schleswig,****,****,****,,,,1,37,2.7,,,,No Grades 9-12
97,5877,12,Sergeant Bluff-Luton,107,112,95.54,115,116,99.14,6,748,0.8,6,486,1.23,Grades 7-12
93,5895,15,Seymour,13,15,86.67,10,11,90.91,,113,0,,68,0,Grades 7-12
17,5922,07,West Fork CSD,53,53,100,63,63,100,4,293,1.37,4,201,1.99,Grades 7-12
71,5949,12,Sheldon,69,74,93.24,71,75,94.67,9,492,1.83,9,354,2.54,Grades 7-12
73,5976,13,Shenandoah,105,108,97.22,95,99,95.96,7,585,1.2,7,395,1.77,Grades 7-12
72,5994,12,Sibley-Ocheyedan,51,58,87.93,45,45,100,2,349,0.57,2,233,0.86,Grades 7-12
36,6003,13,Sidney,31,33,93.94,22,22,100,2,208,0.96,2,141,1.42,Grades 7-12
54,6012,15,Sigourney,35,40,87.5,41,44,93.18,1,258,0.39,1,174,0.57,Grades 7-12
84,6030,12,Sioux Center,58,64,90.63,71,78,91.03,22,507,4.34,22,347,6.34,Grades 7-12
11,6035,05,Sioux Central,38,40,95,41,46,89.13,4,300,1.33,4,194,2.06,Grades 7-12
97,6039,12,Sioux City,788,901,87.46,813,898,90.53,125,6056,2.06,125,4040,3.09,Grades 7-12
13,6091,05,South Central Calhoun,51,53,96.23,69,71,97.18,5,393,1.27,5,258,1.94,Grades 7-12
52,6093,10,Solon,107,111,96.4,107,109,98.17,3,652,0.46,2,441,0.45,Grades 7-12
91,6094,11,Southeast Warren,22,25,88,31,33,93.94,3,232,1.29,3,159,1.89,Grades 7-12
40,6095,05,South Hamilton,50,52,96.15,53,57,92.98,3,367,0.82,3,245,1.22,Grades 7-12
94,6096,05,Southeast Webster Grand,****,****,****,****,****,****,,150,0,,,,No Grades 9-12
73,6097,13,South Page,****,****,****,12,12,100,1,49,2.04,,31,0,Grades 7-12
86,6098,07,South Tama County,93,96,96.88,107,112,95.54,8,665,1.2,8,446,1.79,Grades 7-12
71,6099,12,South O'Brien,36,45,80,44,50,88,7,291,2.41,7,197,3.55,Grades 7-12
96,6100,01,South Winneshiek,56,56,100,50,50,100,1,278,0.36,1,221,0.45,Grades 7-12
77,6101,11,Southeast Polk,524,539,97.22,447,456,98.03,32,3097,1.03,30,2060,1.46,Grades 7-12
21,6102,05,Spencer,139,147,94.56,137,140,97.86,9,900,1,9,603,1.49,Grades 7-12
30,6120,05,Spirit Lake,94,103,91.26,94,101,93.07,8,619,1.29,8,455,1.76,Grades 7-12
57,6138,10,Springville,28,28,100,27,27,100,,182,0,,122,0,Grades 7-12
69,6165,13,Stanton,14,14,100,13,13,100,,115,0,,77,0,Grades 7-12
33,6175,01,Starmont,35,37,94.59,39,40,97.5,2,257,0.78,2,168,1.19,Grades 7-12
11,6219,05,Storm Lake,90,149,60.4,158,171,92.4,28,1075,2.6,27,733,3.68,Grades 7-12
40,6246,05,Stratford,****,****,****,,,,,,,,,,No Grades 7-12
39,6264,11,West Central Valley,72,72,100,66,68,97.06,3,394,0.76,3,260,1.15,Grades 7-12
09,6273,07,Sumner-Fredericksburg,60,60,100,55,56,98.21,,368,0,,251,0,Grades 7-12
16,6408,10,Tipton,56,63,88.89,50,56,89.29,4,431,0.93,4,271,1.48,Grades 7-12
78,6453,13,Treynor,50,50,100,46,46,100,,355,0,,230,0,Grades 7-12
78,6460,13,Tri-Center,44,45,97.78,47,48,97.92,1,318,0.31,1,210,0.48,Grades 7-12
54,6462,15,Tri-County,17,17,100,13,13,100,,114,0,,79,0,Grades 7-12
09,6471,07,Tripoli,37,42,88.1,30,31,96.77,2,223,0.9,2,147,1.36,Grades 7-12
96,6509,01,Turkey Valley,24,24,100,43,44,97.73,1,177,0.56,1,118,0.85,Grades 7-12
63,6512,11,Twin Cedars,35,36,97.22,21,23,91.3,4,174,2.3,4,128,3.13,Grades 7-12
46,6516,05,Twin Rivers,****,****,****,,0,,****,****,****,****,****,****,No Grades 7-12
78,6534,13,Underwood,61,62,98.39,39,40,97.5,1,391,0.26,1,266,0.38,Grades 7-12
07,6536,07,Union,80,84,95.24,93,97,95.88,4,580,0.69,4,391,1.02,Grades 7-12
08,6561,11,United,,0,,,0,,****,****,****,****,****,****,No Grades 7-12
77,6579,11,Urbandale,311,318,97.8,278,281,98.93,3,1895,0.16,3,1282,0.23,Grades 7-12
33,6591,01,Valley,****,****,****,****,****,****,,159,0,,,,No Grades 9-12
89,6592,15,Van Buren,39,42,92.86,39,43,90.7,7,294,2.38,7,192,3.65,Grades 7-12
25,6615,11,Van Meter,58,60,96.67,53,54,98.15,2,346,0.58,2,242,0.83,Grades 7-12
69,6651,13,Villisca,****,****,****,,0,,2,96,2.08,****,****,****,No Grades 9-12
06,6660,10,Vinton-Shellsburg,124,133,93.23,90,102,88.24,6,714,0.84,6,488,1.23,Grades 7-12
44,6700,15,Waco,20,21,95.24,36,36,100,1,190,0.53,1,120,0.83,Grades 7-12
81,6741,05,East Sac County,70,74,94.59,68,69,98.55,8,411,1.95,8,294,2.72,Grades 7-12
58,6759,15,Wapello,47,50,94,52,52,100,4,350,1.14,4,231,1.73,Grades 7-12
09,6762,07,Wapsie Valley,50,52,96.15,35,35,100,2,306,0.65,2,197,1.02,Grades 7-12
92,6768,10,Washington,98,112,87.5,111,117,94.87,12,814,1.47,12,553,2.17,Grades 7-12
07,6795,07,Waterloo,571,738,77.37,628,746,84.18,139,4585,3.03,139,3126,4.45,Grades 7-12
25,6822,11,Waukee,537,541,99.26,437,442,98.87,8,3671,0.22,8,2322,0.34,Grades 7-12
09,6840,07,Waverly-Shell Rock,154,168,91.67,132,138,95.65,16,1020,1.57,15,670,2.24,Grades 7-12
93,6854,15,Wayne,21,22,95.45,35,35,100,3,235,1.28,3,148,2.03,Grades 7-12
40,6867,05,Webster City,133,140,95,123,132,93.18,10,818,1.22,10,557,1.8,Grades 7-12
74,6921,05,West Bend-Mallard,32,34,94.12,23,24,95.83,3,185,1.62,3,124,2.42,Grades 7-12
16,6930,10,West Branch,56,59,94.92,56,58,96.55,1,376,0.27,1,248,0.4,Grades 7-12
29,6937,15,West Burlington Ind,52,53,98.11,61,62,98.39,10,415,2.41,10,288,3.47,Grades 7-12
33,6943,01,West Central,29,29,100,15,16,93.75,,124,0,,89,0,Grades 7-12
28,6950,01,West Delaware County,121,123,98.37,117,120,97.5,8,725,1.1,8,468,1.71,Grades 7-12
77,6957,11,West Des Moines,623,672,92.71,644,671,95.98,56,4251,1.32,47,2820,1.67,Grades 7-12
31,6961,01,Western Dubuque,220,222,99.1,267,271,98.52,5,1622,0.31,5,1154,0.43,Grades 7-12
43,6969,13,West Harrison,24,25,96,31,31,100,2,161,1.24,2,106,1.89,Grades 7-12
70,6975,09,West Liberty,71,75,94.67,59,64,92.19,4,549,0.73,4,378,1.06,Grades 7-12
60,6983,12,West Lyon,42,44,95.45,50,54,92.59,3,355,0.85,3,227,1.32,Grades 7-12
64,6985,07,West Marshall,55,55,100,54,54,100,2,432,0.46,2,278,0.72,Grades 7-12
67,6987,12,West Monona,44,46,95.65,45,46,97.83,7,297,2.36,7,185,3.78,Grades 7-12
84,6990,12,West Sioux,38,40,95,34,37,91.89,,320,0,,190,0,Grades 7-12
97,6992,12,Westwood,33,33,100,35,36,97.22,,239,0,,167,0,Grades 7-12
67,7002,12,Whiting,12,13,92.31,****,****,****,,88,0,,59,0,Grades 7-12
48,7029,10,Williamsburg,80,84,95.24,96,98,97.96,7,549,1.28,7,399,1.75,Grades 7-12
70,7038,09,Wilton,50,53,94.34,43,46,93.48,5,350,1.43,5,233,2.15,Grades 7-12
44,7047,15,Winfield-Mt Union,32,36,88.89,26,28,92.86,5,236,2.12,5,157,3.18,Grades 7-12
61,7056,11,Winterset,132,134,98.51,143,146,97.95,8,794,1.01,8,538,1.49,Grades 7-12
43,7092,13,Woodbine,25,25,100,26,27,96.3,2,173,1.16,2,110,1.82,Grades 7-12
97,7098,12,Woodbury Central,45,46,97.83,41,42,97.62,,279,0,,190,0,Grades 7-12
25,7110,11,Woodward-Granger,57,59,96.61,51,54,94.44,4,339,1.18,4,216,1.85,Grades 7-12